Well_id,BOREHOLE-DEPTH.M,CALI_COMP.INCHES,GR_COMP.GAPI,NPHI_COMP.V/V,RHOB_COMP.G/C3,RT_COMP.OHMM,SP_COMP.MV,TVDSS_COMP.M,TVD_COMP.M
Gabo-13,1950.2628,15.9981,43.5953,0.222705,2.2086,17.6208,12.3444,1936.2401,1950.0401
Gabo-13,1950.4152,15.8465,43.8481,0.230439,2.1975,17.6668,12.6001,1936.3925,1950.1925
Gabo-13,1950.5676,15.8003,43.4208,0.231634,2.19,17.6055,12.9252,1936.5448,1950.3448
Gabo-13,1950.72,15.7994,41.9835,0.231107,2.1889,17.4046,13.1914,1936.6972,1950.4972
Gabo-13,1950.8724,15.7995,39.7106,0.228764,2.191,17.0894,13.4653,1936.8495,1950.6495
Gabo-13,1951.0248,15.7984,38.3384,0.22021,2.1936,16.7258,13.7812,1937.0019,1950.8019
Gabo-13,1951.1772,15.7982,39.1874,0.203827,2.195,16.3945,14.0578,1937.1542,1950.9542
Gabo-13,1951.3296,15.7999,41.8638,0.186742,2.1941,16.194,14.2607,1937.3066,1951.1066
Gabo-13,1951.482,15.6967,44.8745,0.182474,2.1948,16.1606,14.5599,1937.4589,1951.2589
Gabo-13,1951.6344,15.5282,45.5332,0.192753,2.2008,16.269,14.9027,1937.6113,1951.4113
Gabo-13,1951.7868,15.3541,43.0314,0.205035,2.2113,16.4937,15.1502,1937.7636,1951.5636
Gabo-13,1951.9392,15.201,39.656,0.203778,2.2205,16.8247,15.3344,1937.916,1951.716
Gabo-13,1952.0916,15.0657,40.5317,0.196328,2.2207,17.2443,15.573,1938.0683,1951.8683
Gabo-13,1952.244,14.9857,42.9949,0.195381,2.2113,17.7113,15.8013,1938.2207,1952.0207
Gabo-13,1952.3964,14.9528,44.0613,0.200611,2.1977,18.1859,15.9554,1938.373,1952.173
Gabo-13,1952.5488,14.8963,41.9262,0.207447,2.1869,18.6153,16.1322,1938.5254,1952.3254
Gabo-13,1952.7012,14.8674,41.308,0.219659,2.182,18.9082,16.4494,1938.6777,1952.4777
Gabo-13,1952.8536,14.8634,41.4821,0.226107,2.1799,19.0178,16.6971,1938.8301,1952.6301
Gabo-13,1953.006,14.8665,40.8073,0.216197,2.18,18.941,16.6801,1938.9824,1952.7824
Gabo-13,1953.1584,14.8694,38.5645,0.197619,2.1848,18.6923,16.4736,1939.1347,1952.9347
Gabo-13,1953.3108,14.87,37.1358,0.195884,2.194,18.3194,16.3596,1939.2871,1953.0871
Gabo-13,1953.4632,14.8715,35.9616,0.21255,2.1999,17.8889,16.2895,1939.4394,1953.2394
Gabo-13,1953.6156,14.8737,34.993,0.234867,2.1972,17.4598,16.1827,1939.5918,1953.3918
Gabo-13,1953.768,14.8747,34.7285,0.247793,2.1874,17.0939,16.1078,1939.7441,1953.5441
Gabo-13,1953.9204,14.8726,33.6414,0.236033,2.1778,16.8619,16.1398,1939.8965,1953.6965
Gabo-13,1954.0728,14.8695,34.0238,0.211611,2.1746,16.7724,16.2071,1940.0488,1953.8488
Gabo-13,1954.2252,14.8692,35.451,0.193598,2.1776,16.7942,16.2478,1940.2012,1954.0012
Gabo-13,1954.3776,14.8725,36.5614,0.189511,2.1844,16.8912,16.3101,1940.3536,1954.1536
Gabo-13,1954.53,14.872,36.8699,0.194232,2.1915,17.008,16.4497,1940.5059,1954.3059
Gabo-13,1954.6824,14.8729,37.0129,0.196721,2.195,17.0731,16.4939,1940.6583,1954.4583
Gabo-13,1954.8348,14.8743,38.5461,0.19453,2.1979,17.044,16.4128,1940.8106,1954.6106
Gabo-13,1954.9872,14.8739,40.9714,0.193672,2.2055,16.8894,16.33,1940.963,1954.763
Gabo-13,1955.1396,14.8719,39.5362,0.199027,2.2168,16.5569,16.3223,1941.1153,1954.9153
Gabo-13,1955.292,14.9041,38.3084,0.203153,2.2216,16.0081,16.3108,1941.2677,1955.0677
Gabo-13,1955.4444,14.9673,38.0975,0.206768,2.2203,15.2619,16.2906,1941.42,1955.22
Gabo-13,1955.5968,15.0395,37.8016,0.214648,2.2203,14.3729,16.3849,1941.5724,1955.3724
Gabo-13,1955.7492,15.09,36.4981,0.226643,2.2248,13.422,16.6151,1941.7247,1955.5247
Gabo-13,1955.9016,15.1179,36.0082,0.239908,2.2256,12.5141,16.6839,1941.8771,1955.6771
Gabo-13,1956.054,15.103,36.7093,0.253493,2.2144,11.7416,16.644,1942.0294,1955.8294
Gabo-13,1956.2064,15.0601,37.2214,0.262937,2.1895,11.161,16.632,1942.1818,1955.9818
Gabo-13,1956.3588,15.0279,35.6901,0.263191,2.1572,10.8055,16.6327,1942.3341,1956.1341
Gabo-13,1956.5112,14.9904,35.1219,0.258519,2.135,10.6666,16.6298,1942.4865,1956.2865
Gabo-13,1956.6636,14.9676,34.9656,0.25307,2.129,10.6558,16.6405,1942.6388,1956.4388
Gabo-13,1956.816,14.9474,35.4578,0.244699,2.1341,10.6896,16.6477,1942.7912,1956.5912
Gabo-13,1956.9684,14.8985,37.6157,0.232079,2.1431,10.7175,16.5653,1942.9435,1956.7435
Gabo-13,1957.1208,14.7673,40.7349,0.222721,2.1486,10.7081,16.3199,1943.0959,1956.8959
Gabo-13,1957.2732,14.6251,41.6347,0.225279,2.1485,10.6587,16.0864,1943.2482,1957.0482
Gabo-13,1957.4256,14.5333,40.0304,0.238724,2.1463,10.5808,15.8881,1943.4006,1957.2006
Gabo-13,1957.578,14.5077,37.0984,0.252132,2.1452,10.4879,15.658,1943.5529,1957.3529
Gabo-13,1957.7304,14.5047,35.9981,0.253053,2.1444,10.4017,15.4604,1943.7053,1957.5053
Gabo-13,1957.8828,14.5059,36.8083,0.251732,2.1417,10.3461,15.3241,1943.8576,1957.6576
Gabo-13,1958.0352,14.5053,39.6679,0.257603,2.1385,10.3248,15.214,1944.01,1957.81
Gabo-13,1958.1876,14.5183,44.0261,0.267553,2.1389,10.3424,15.0844,1944.1624,1957.9624
Gabo-13,1958.34,14.6106,46.786,0.275528,2.1448,10.4244,14.9485,1944.3147,1958.1147
Gabo-13,1958.4924,14.8829,47.9563,0.283281,2.1498,10.5917,14.9728,1944.4671,1958.2671
Gabo-13,1958.6448,15.1431,47.7221,0.285171,2.1518,10.8175,15.187,1944.6194,1958.4194
Gabo-13,1958.7972,15.2815,46.356,0.272162,2.1534,11.0417,15.4316,1944.7718,1958.5718
Gabo-13,1958.9496,15.3058,44.7387,0.248192,2.1568,11.1974,15.5432,1944.9241,1958.7241
Gabo-13,1959.102,15.314,44.1766,0.239559,2.1612,11.2584,15.6002,1945.0765,1958.8765
Gabo-13,1959.2544,15.3152,44.0011,0.249289,2.1643,11.2374,15.6717,1945.2288,1959.0288
Gabo-13,1959.4068,15.3102,44.0709,0.262191,2.1651,11.1447,15.6372,1945.3812,1959.1812
Gabo-13,1959.5592,15.3163,44.865,0.266083,2.1638,10.9897,15.4547,1945.5335,1959.3335
Gabo-13,1959.7116,15.2413,47.2239,0.264092,2.1597,10.812,15.3774,1945.6859,1959.4859
Gabo-13,1959.864,15.1423,46.4538,0.270697,2.1537,10.6673,15.2597,1945.8382,1959.6382
Gabo-13,1960.0164,15.0741,44.2996,0.284069,2.1461,10.5918,15.1094,1945.9906,1959.7906
Gabo-13,1960.1688,15.0571,44.672,0.295968,2.1372,10.5877,15.2131,1946.143,1959.943
Gabo-13,1960.3212,15.0843,45.6536,0.307251,2.1291,10.6141,15.6511,1946.2953,1960.0953
Gabo-13,1960.4736,15.1186,45.5209,0.306672,2.1248,10.6346,16.0347,1946.4477,1960.2477
Gabo-13,1960.626,15.1402,44.5412,0.285427,2.1276,10.6341,16.185,1946.6,1960.4
Gabo-13,1960.7784,15.1516,42.9804,0.256244,2.1388,10.6143,16.2108,1946.7524,1960.5524
Gabo-13,1960.9308,15.2032,39.9725,0.249439,2.1534,10.5989,16.26,1946.9047,1960.7047
Gabo-13,1961.0832,15.2307,39.1539,0.263195,2.1617,10.6184,16.375,1947.0571,1960.8571
Gabo-13,1961.2356,15.2306,39.8429,0.273649,2.1619,10.6783,16.5508,1947.2094,1961.0094
Gabo-13,1961.388,15.2289,40.288,0.271133,2.1585,10.7647,16.7718,1947.3618,1961.1618
Gabo-13,1961.5404,15.2536,39.1862,0.263236,2.1572,10.8636,16.9847,1947.5142,1961.3142
Gabo-13,1961.6928,15.2967,38.2516,0.255892,2.1606,10.9777,17.0906,1947.6665,1961.4665
Gabo-13,1961.8452,15.325,37.3799,0.254993,2.1631,11.0887,17.0345,1947.8189,1961.6189
Gabo-13,1961.9976,15.3429,37.0459,0.260151,2.1588,11.1652,16.8929,1947.9712,1961.7712
Gabo-13,1962.15,15.3905,39.3141,0.263192,2.1485,11.1793,16.7749,1948.1236,1961.9236
Gabo-13,1962.3024,15.4196,42.3245,0.259616,2.1408,11.1252,16.6254,1948.2759,1962.0759
Gabo-13,1962.4548,15.4309,45.1083,0.253452,2.1363,11.0296,16.483,1948.4283,1962.2283
Gabo-13,1962.6072,15.4356,48.167,0.250561,2.1315,10.9107,16.4613,1948.5806,1962.3806
Gabo-13,1962.7596,15.4354,52.2288,0.258131,2.1261,10.7716,16.5776,1948.733,1962.533
Gabo-13,1962.912,15.4322,54.2622,0.278752,2.1249,10.6184,16.6744,1948.8854,1962.6854
Gabo-13,1963.0644,15.4303,54.4924,0.29195,2.1291,10.457,16.7255,1949.0377,1962.8377
Gabo-13,1963.2168,15.43,53.5166,0.29591,2.1337,10.2939,16.8467,1949.1901,1962.9901
Gabo-13,1963.3692,15.4296,51.5572,0.301465,2.1327,10.1392,17.0596,1949.3424,1963.1424
Gabo-13,1963.5216,15.4233,50.5144,0.303846,2.1242,10.0083,17.1929,1949.4948,1963.2948
Gabo-13,1963.674,15.3817,52.2476,0.30159,2.1134,9.9118,17.2469,1949.6471,1963.4471
Gabo-13,1963.8264,15.3317,54.3803,0.303514,2.1061,9.8407,17.291,1949.7995,1963.5995
Gabo-13,1963.9788,15.3,54.8042,0.313522,2.1048,9.7808,17.3076,1949.9519,1963.7519
Gabo-13,1964.1312,15.2665,54.4826,0.321975,2.1076,9.7274,17.2496,1950.1042,1963.9042
Gabo-13,1964.2836,15.2504,53.0512,0.319077,2.1088,9.6839,17.2356,1950.2566,1964.0566
Gabo-13,1964.436,15.2482,50.6144,0.309026,2.1057,9.6598,17.3966,1950.4089,1964.2089
Gabo-13,1964.5884,15.2485,48.32,0.302485,2.099,9.6641,17.6537,1950.5613,1964.3613
Gabo-13,1964.7408,15.2437,49.1374,0.307449,2.0927,9.6979,17.7244,1950.7136,1964.5136
Gabo-13,1964.8932,15.2397,50.4663,0.319713,2.0937,9.7477,17.521,1950.866,1964.666
Gabo-13,1965.0456,15.2373,50.1991,0.329956,2.1,9.8095,17.314,1951.0184,1964.8184
Gabo-13,1965.198,15.2376,48.5841,0.32591,2.1057,9.8817,17.2083,1951.1707,1964.9707
Gabo-13,1965.3504,15.2463,46.9879,0.303681,2.1067,9.961,17.0853,1951.3231,1965.1231
Gabo-13,1965.5028,15.2498,44.629,0.290939,2.1005,10.0557,16.9809,1951.4754,1965.2754
Gabo-13,1965.6552,15.2447,43.0196,0.298936,2.0933,10.1705,16.9322,1951.6278,1965.4278
Gabo-13,1965.8076,15.2281,42.2383,0.309691,2.0909,10.2998,16.9021,1951.7802,1965.5802
Gabo-13,1965.96,15.1936,41.1331,0.302707,2.0951,10.4281,16.848,1951.9325,1965.7325
Gabo-13,1966.1124,15.0506,39.3554,0.281965,2.1027,10.5245,16.7477,1952.0849,1965.8849
Gabo-13,1966.2648,14.9331,38.5026,0.264378,2.109,10.5698,16.6078,1952.2372,1966.0372
Gabo-13,1966.4172,14.882,39.2955,0.256206,2.1139,10.5612,16.5302,1952.3896,1966.1896
Gabo-13,1966.5696,14.8689,41.5582,0.259319,2.1193,10.4966,16.5153,1952.542,1966.342
Gabo-13,1966.722,14.8637,42.0822,0.277532,2.1219,10.3741,16.314,1952.6943,1966.4943
Gabo-13,1966.8744,14.839,42.4333,0.298171,2.1152,10.2247,15.9407,1952.8467,1966.6467
Gabo-13,1967.0268,14.7989,42.8987,0.309848,2.1039,10.096,15.5305,1952.999,1966.799
Gabo-13,1967.1792,14.7416,42.5797,0.311711,2.0982,10.0201,15.2735,1953.1514,1966.9514
Gabo-13,1967.3316,14.6062,39.845,0.306851,2.1013,9.9993,15.3831,1953.3037,1967.1037
Gabo-13,1967.484,14.5262,39.6585,0.293933,2.1061,10.0033,15.5392,1953.4561,1967.2561
Gabo-13,1967.6364,14.5031,41.5071,0.273349,2.1101,9.9984,15.3791,1953.6085,1967.4085
Gabo-13,1967.7888,14.5009,43.4781,0.248613,2.1171,9.9532,14.9564,1953.7608,1967.5608
Gabo-13,1967.9412,14.5175,44.5292,0.226951,2.1291,9.836,14.5098,1953.9132,1967.7132
Gabo-13,1968.0936,14.5558,43.9523,0.218309,2.1398,9.649,13.8907,1954.0655,1967.8655
Gabo-13,1968.246,14.6351,42.1604,0.220582,2.144,9.4219,13.1311,1954.2179,1968.0179
Gabo-13,1968.3984,14.7587,39.6809,0.225665,2.1423,9.1919,12.5635,1954.3703,1968.1703
Gabo-13,1968.5508,14.9136,37.0293,0.231429,2.1384,9.0079,12.4704,1954.5226,1968.3226
Gabo-13,1968.7032,14.9639,35.8215,0.247338,2.1361,8.93,12.5964,1954.675,1968.475
Gabo-13,1968.8556,14.9317,36.0267,0.270784,2.1348,8.9848,12.5034,1954.8274,1968.6274
Gabo-13,1969.008,14.8633,37.2633,0.28589,2.1356,9.1305,12.2845,1954.9797,1968.7797
Gabo-13,1969.1604,14.7841,39.3553,0.277849,2.1427,9.3077,12.184,1955.1321,1968.9321
Gabo-13,1969.3128,14.7631,45.1529,0.252765,2.1604,9.5353,11.9025,1955.2844,1969.0844
Gabo-13,1969.4652,14.767,56.9949,0.239169,2.1888,9.8759,11.3364,1955.4368,1969.2368
Gabo-13,1969.6176,14.8243,72.6978,0.248369,2.2283,10.2743,10.6046,1955.5892,1969.3892
Gabo-13,1969.77,14.9746,88.5132,0.264324,2.2824,10.5627,9.7766,1955.7415,1969.5415
Gabo-13,1969.9224,15.0667,94.8164,0.264207,2.3539,10.5161,8.8694,1955.8939,1969.6939
Gabo-13,1970.0748,15.1114,94.2767,0.269243,2.4287,10.0722,7.9435,1956.0462,1969.8462
Gabo-13,1970.2272,15.1393,92.7784,0.288564,2.4783,9.4257,7.0999,1956.1986,1969.9986
Gabo-13,1970.3796,15.1697,93.8437,0.31005,2.4762,8.77,6.4158,1956.351,1970.151
Gabo-13,1970.532,15.2903,101.0628,0.32731,2.4141,8.1387,5.8259,1956.5033,1970.3033
Gabo-13,1970.6844,15.447,109.1024,0.344926,2.3293,7.5058,5.0807,1956.6557,1970.4557
Gabo-13,1970.8368,15.5639,113.647,0.356956,2.2656,6.9168,4.2642,1956.808,1970.608
Gabo-13,1970.9892,15.6176,114.1244,0.357253,2.2396,6.4594,3.547,1956.9604,1970.7604
Gabo-13,1971.1416,15.618,112.4106,0.351408,2.2418,6.1988,2.9253,1957.1128,1970.9128
Gabo-13,1971.294,15.604,107.1166,0.348401,2.2464,6.084,2.3935,1957.2651,1971.0651
Gabo-13,1971.4464,15.5995,100.5614,0.348073,2.2416,6.0209,2.0065,1957.4175,1971.2175
Gabo-13,1971.5988,15.5919,96.7883,0.352806,2.2313,5.9587,1.7217,1957.5699,1971.3699
Gabo-13,1971.7512,15.5432,101.1093,0.366045,2.2255,5.8782,1.3876,1957.7222,1971.5222
Gabo-13,1971.9036,15.5211,107.4905,0.381504,2.2298,5.7698,0.9614,1957.8746,1971.6746
Gabo-13,1972.056,15.512,110.5094,0.413233,2.2386,5.6297,0.6182,1958.0269,1971.8269
Gabo-13,1972.2084,15.5058,110.1017,0.473573,2.2433,5.4595,0.363,1958.1793,1971.9793
Gabo-13,1972.3608,15.5143,107.8389,0.544422,2.2428,5.2645,0.0653,1958.3317,1972.1317
Gabo-13,1972.5132,15.5186,107.211,0.575405,2.2483,5.0577,-0.2091,1958.484,1972.284
Gabo-13,1972.6656,15.5178,107.4316,0.562616,2.2664,4.8594,-0.314,1958.6364,1972.4364
Gabo-13,1972.818,15.5366,107.6063,0.519968,2.2934,4.6816,-0.2956,1958.7888,1972.5888
Gabo-13,1972.9704,15.5913,107.8543,0.465167,2.3193,4.527,-0.2854,1958.9411,1972.7411
Gabo-13,1973.1228,15.6121,111.2324,0.434018,2.3324,4.3893,-0.2775,1959.0935,1972.8935
Gabo-13,1973.2752,15.6465,114.8003,0.426469,2.3367,4.255,-0.1347,1959.2459,1973.0459
Gabo-13,1973.4276,15.7155,115.8627,0.422743,2.3401,4.1183,0.0367,1959.3982,1973.1982
Gabo-13,1973.58,15.8252,114.1446,0.421182,2.3434,3.9798,0.0747,1959.5506,1973.3506
Gabo-13,1973.7324,16.0382,112.939,0.437777,2.3416,3.84,0.0267,1959.7029,1973.5029
Gabo-13,1973.8848,16.2224,110.96,0.468721,2.3321,3.699,0.0258,1959.8553,1973.6553
Gabo-13,1974.0372,16.319,108.118,0.508965,2.324,3.5558,0.0672,1960.0077,1973.8077
Gabo-13,1974.1896,16.3267,105.5061,0.559013,2.3249,3.4107,0.0977,1960.16,1973.96
Gabo-13,1974.342,16.242,104.9533,0.607364,2.33,3.2726,0.0941,1960.3124,1974.1124
Gabo-13,1974.4944,16.1913,106.572,0.63116,2.323,3.1633,0.0756,1960.4648,1974.2648
Gabo-13,1974.6468,16.4802,107.5309,0.654638,2.3001,3.0911,0.1692,1960.6171,1974.4171
Gabo-13,1974.7992,16.9673,107.4299,0.713117,2.2731,3.0497,0.3229,1960.7695,1974.5695
Gabo-13,1974.9516,17.0953,108.1444,0.799806,2.2559,3.0302,0.3943,1960.9219,1974.7219
Gabo-13,1975.104,16.6756,106.8523,0.855618,2.2485,3.031,0.5252,1961.0742,1974.8742
Gabo-13,1975.2564,16.3951,107.1501,0.880866,2.2481,3.062,0.6374,1961.2266,1975.0266
Gabo-13,1975.4088,16.3167,109.7507,0.853338,2.2477,3.1412,0.5873,1961.379,1975.179
Gabo-13,1975.5612,16.1218,112.6911,0.733778,2.2429,3.2939,0.3695,1961.5313,1975.3313
Gabo-13,1975.7136,16.0999,114.9233,0.579778,2.2474,3.5482,0.048,1961.6837,1975.4837
Gabo-13,1975.866,16.0969,111.8338,0.467253,2.2715,3.9052,-0.3746,1961.836,1975.636
Gabo-13,1976.0184,16.0573,106.1349,0.39935,2.3039,4.3553,-0.9061,1961.9884,1975.7884
Gabo-13,1976.1708,16.0529,102.3418,0.353683,2.3238,4.9031,-1.4341,1962.1408,1975.9408
Gabo-13,1976.3232,16.2004,99.5802,0.331848,2.3214,5.5673,-1.779,1962.2931,1976.0931
Gabo-13,1976.4756,16.2782,95.172,0.326857,2.315,6.3265,-2.1235,1962.4455,1976.2455
Gabo-13,1976.628,16.2036,88.6971,0.315534,2.3206,7.1169,-2.4801,1962.5979,1976.3979
Gabo-13,1976.7804,16.019,81.3227,0.289191,2.341,7.8367,-2.7379,1962.7502,1976.5502
Gabo-13,1976.9328,15.8814,77.8531,0.268345,2.3664,8.3683,-2.9439,1962.9026,1976.7026
Gabo-13,1977.0852,15.9131,78.6213,0.272895,2.3737,8.7382,-3.1022,1963.055,1976.855
Gabo-13,1977.2376,16.1665,82.7504,0.297168,2.3526,9.0178,-3.0969,1963.2073,1977.0073
Gabo-13,1977.39,16.5562,88.0041,0.323314,2.3166,9.2415,-2.8992,1963.3597,1977.1597
Gabo-13,1977.5424,16.7643,88.0496,0.334307,2.2937,9.4593,-2.6627,1963.5121,1977.3121
Gabo-13,1977.6948,16.7752,82.1075,0.326273,2.2938,9.7803,-2.543,1963.6644,1977.4644
Gabo-13,1977.8472,16.7287,76.8792,0.301437,2.3085,10.2297,-2.419,1963.8168,1977.6168
Gabo-13,1977.9996,16.6542,75.2186,0.262734,2.3334,10.697,-2.2167,1963.9696,1977.7696
Gabo-13,1978.152,16.507,76.791,0.224197,2.3681,11.0072,-2.0304,1964.1215,1977.9215
Gabo-13,1978.3044,16.554,77.3908,0.216233,2.3968,11.0348,-1.8931,1964.2739,1978.0739
Gabo-13,1978.4568,16.7146,75.824,0.236754,2.3956,10.7174,-1.7108,1964.4263,1978.2263
Gabo-13,1978.6092,16.8554,75.5268,0.269205,2.3639,10.1187,-1.4524,1964.5786,1978.3786
Gabo-13,1978.7616,16.8979,80.9891,0.303652,2.32,9.3097,-1.1821,1964.731,1978.531
Gabo-13,1978.914,16.8581,85.673,0.335567,2.2796,8.2743,-0.9543,1964.8834,1978.6834
Gabo-13,1979.0664,16.7955,85.2519,0.364215,2.2404,7.2653,-0.6746,1965.0357,1978.8357
Gabo-13,1979.2188,16.7439,81.1815,0.388371,2.2045,6.4898,-0.2798,1965.1881,1978.9881
Gabo-13,1979.3712,16.7109,75.8556,0.402669,2.1808,5.9725,0.0732,1965.3405,1979.1405
Gabo-13,1979.5236,16.6056,72.5841,0.401413,2.1697,5.6667,0.0979,1965.4928,1979.2928
Gabo-13,1979.676,16.5263,71.1401,0.394326,2.1558,5.5257,0.0183,1965.6452,1979.4452
Gabo-13,1979.8284,16.3599,69.165,0.384954,2.138,5.4815,-0.0148,1965.7976,1979.5976
Gabo-13,1979.9808,15.9819,65.106,0.370963,2.1288,5.4755,-0.0571,1965.9499,1979.7499
Gabo-13,1980.1332,15.3945,58.3706,0.352906,2.1363,5.4906,-0.0888,1966.1023,1979.9023
Gabo-13,1980.2856,14.9606,51.4936,0.329747,2.1501,5.5317,-0.0065,1966.2547,1980.0547
Gabo-13,1980.438,14.723,48.6161,0.308335,2.1555,5.5647,0.1476,1966.407,1980.207
Gabo-13,1980.5904,14.6092,51.1712,0.296571,2.1483,5.5502,0.2143,1966.5594,1980.3594
Gabo-13,1980.7428,14.563,57.8667,0.296756,2.1356,5.4847,0.1321,1966.7118,1980.5118
Gabo-13,1980.8952,14.5464,64.6201,0.306018,2.1298,5.4069,0.1311,1966.8641,1980.6641
Gabo-13,1981.0476,14.5556,72.002,0.318047,2.1346,5.3258,0.1385,1967.0165,1980.8165
Gabo-13,1981.2,14.5809,79.6261,0.327915,2.1463,5.2377,0.0246,1967.1689,1980.9689
Gabo-13,1981.3524,14.5987,84.8458,0.339564,2.1606,5.1514,-0.1231,1967.3212,1981.1212
Gabo-13,1981.5048,14.572,85.2816,0.363514,2.1753,5.0761,-0.1558,1967.4736,1981.2736
Gabo-13,1981.6572,14.481,81.144,0.377168,2.1884,5.0138,-0.1362,1967.626,1981.426
Gabo-13,1981.8096,14.338,74.9615,0.361413,2.1953,4.964,-0.0997,1967.7784,1981.5784
Gabo-13,1981.962,14.1707,69.9412,0.327461,2.1914,4.9296,0.0679,1967.9307,1981.7307
Gabo-13,1982.1144,14.1333,69.2637,0.309148,2.1795,4.9215,0.4755,1968.0831,1981.8831
Gabo-13,1982.2668,14.1037,66.4539,0.306444,2.171,4.9405,0.906,1968.2355,1982.0355
Gabo-13,1982.4192,14.0601,61.0836,0.305608,2.171,4.9801,1.1683,1968.3878,1982.1878
Gabo-13,1982.5716,14.0484,55.9255,0.304571,2.1752,5.0335,1.3103,1968.5402,1982.3402
Gabo-13,1982.724,14.06,54.4376,0.307362,2.1751,5.0985,1.5211,1968.6926,1982.4926
Gabo-13,1982.8764,14.0374,52.2477,0.304774,2.168,5.1811,1.7446,1968.8449,1982.6449
Gabo-13,1983.0288,13.9885,48.8546,0.296152,2.1552,5.2839,1.9027,1968.9973,1982.7973
Gabo-13,1983.1812,13.9438,45.3083,0.288343,2.1385,5.3976,2.0657,1969.1497,1982.9497
Gabo-13,1983.3336,13.9534,41.0065,0.283537,2.1229,5.5002,2.3018,1969.302,1983.102
Gabo-13,1983.486,13.9935,37.6602,0.280176,2.1157,5.5765,2.4093,1969.4544,1983.2544
Gabo-13,1983.6384,14.0227,36.8577,0.279577,2.1157,5.6324,2.3779,1969.6068,1983.4068
Gabo-13,1983.7908,14.0305,38.769,0.280659,2.1176,5.6833,2.3721,1969.7591,1983.5591
Gabo-13,1983.9432,14.031,42.4505,0.278144,2.1189,5.7456,2.4703,1969.9115,1983.7115
Gabo-13,1984.0956,14.0564,41.656,0.270545,2.1227,5.8226,2.5516,1970.0639,1983.8639
Gabo-13,1984.248,14.0894,37.8066,0.258268,2.1314,5.9102,2.6308,1970.2163,1984.0163
Gabo-13,1984.4004,14.121,33.667,0.248228,2.144,6.0031,2.785,1970.3686,1984.1686
Gabo-13,1984.5528,14.16,31.2486,0.247083,2.1584,6.0996,2.9855,1970.521,1984.321
Gabo-13,1984.7052,14.2302,32.5719,0.244224,2.1741,6.2018,3.1039,1970.6734,1984.4734
Gabo-13,1984.8576,14.3201,35.2067,0.237902,2.187,6.2882,3.1766,1970.8257,1984.6257
Gabo-13,1985.01,14.3881,38.4322,0.23879,2.1924,6.3333,3.3392,1970.9781,1984.7781
Gabo-13,1985.1624,14.3882,42.6824,0.253567,2.1904,6.322,3.5709,1971.1305,1984.9305
Gabo-13,1985.3148,14.3086,40.2313,0.27338,2.1873,6.2593,3.5636,1971.2828,1985.0828
Gabo-13,1985.4672,14.2267,37.3046,0.288195,2.184,6.1844,3.3154,1971.4352,1985.2352
Gabo-13,1985.6196,14.1689,36.8546,0.287003,2.1797,6.1254,3.0212,1971.5876,1985.3876
Gabo-13,1985.772,14.133,37.8403,0.26615,2.1773,6.0865,2.7854,1971.7399,1985.5399
Gabo-13,1985.9244,14.1225,35.8019,0.243379,2.1801,6.0562,2.573,1971.8923,1985.6923
Gabo-13,1986.0768,14.1535,36.854,0.236021,2.1833,6.0189,2.3355,1972.0447,1985.8447
Gabo-13,1986.2292,14.216,47.0196,0.239419,2.1844,5.9634,2.0662,1972.1971,1985.9971
Gabo-13,1986.3816,14.3214,67.5654,0.250312,2.187,5.8874,1.6514,1972.3494,1986.1494
Gabo-13,1986.534,14.5794,93.4104,0.281789,2.2003,5.7937,0.9345,1972.5018,1986.3018
Gabo-13,1986.6864,14.8945,108.7007,0.331482,2.2325,5.6746,0.2024,1972.6542,1986.4542
Gabo-13,1986.8388,15.1821,111.6051,0.370047,2.2798,5.5276,-0.3309,1972.8065,1986.6065
Gabo-13,1986.9912,15.4036,108.1008,0.382082,2.3305,5.3634,-0.6987,1972.9589,1986.7589
Gabo-13,1987.1436,15.5013,109.9618,0.382657,2.3694,5.2064,-0.9652,1973.1113,1986.9113
Gabo-13,1987.296,15.5215,117.6173,0.394429,2.3861,5.0822,-1.1296,1973.2636,1987.0636
Gabo-13,1987.4484,15.523,123.0319,0.415343,2.3818,4.9888,-1.3376,1973.416,1987.216
Gabo-13,1987.6008,15.5207,124.9382,0.433045,2.364,4.9202,-1.6454,1973.5684,1987.3684
Gabo-13,1987.7532,15.5115,127.1406,0.441481,2.3458,4.8868,-1.9304,1973.7207,1987.5207
Gabo-13,1987.9056,15.5108,125.7161,0.444097,2.3438,4.9141,-2.0826,1973.8731,1987.6731
Gabo-13,1988.058,15.4862,120.7872,0.43758,2.3561,5.0028,-2.1682,1974.0255,1987.8255
Gabo-13,1988.2104,15.417,112.6744,0.413138,2.3695,5.1285,-2.4386,1974.1779,1987.9779
Gabo-13,1988.3628,15.301,100.7485,0.373313,2.3737,5.2565,-3.0418,1974.3302,1988.1302
Gabo-13,1988.5152,15.2551,85.6894,0.344387,2.3671,5.3562,-3.6626,1974.4826,1988.2826
Gabo-13,1988.6676,15.1786,73.307,0.337568,2.3502,5.4267,-4.0139,1974.635,1988.435
Gabo-13,1988.82,15.0329,64.1843,0.348526,2.3225,5.4716,-4.1164,1974.7873,1988.5873
Gabo-13,1988.9724,14.8364,56.9978,0.368623,2.2878,5.4858,-4.0489,1974.9397,1988.7397
Gabo-13,1989.1248,14.6081,53.3316,0.383546,2.2557,5.4659,-3.8008,1975.0921,1988.8921
Gabo-13,1989.2772,14.4366,51.5679,0.387559,2.2285,5.4328,-3.4416,1975.2444,1989.0444
Gabo-13,1989.4296,14.304,49.35,0.390616,2.2087,5.4145,-3.0202,1975.3968,1989.1968
Gabo-13,1989.582,14.1819,45.9049,0.387993,2.2015,5.422,-2.4968,1975.5492,1989.3492
Gabo-13,1989.7344,14.1062,42.7024,0.357317,2.2066,5.4396,-1.8758,1975.7016,1989.5016
Gabo-13,1989.8868,14.0602,40.5597,0.318832,2.2096,5.4377,-1.4106,1975.8539,1989.6539
Gabo-13,1990.0392,14.0362,41.8356,0.297008,2.2064,5.4058,-1.203,1976.0063,1989.8063
Gabo-13,1990.1916,14.0316,46.8095,0.299044,2.2009,5.3459,-1.1738,1976.1587,1989.9587
Gabo-13,1990.344,14.0306,52.4957,0.323179,2.1943,5.2621,-1.2328,1976.311,1990.111
Gabo-13,1990.4964,14.02,55.9528,0.350344,2.1883,5.1637,-1.3489,1976.4634,1990.2634
Gabo-13,1990.6488,14.0137,56.6187,0.355349,2.1888,5.0631,-1.4429,1976.6158,1990.4158
Gabo-13,1990.8012,14.0182,54.8273,0.340525,2.1978,4.9736,-1.3775,1976.7681,1990.5681
Gabo-13,1990.9536,14.0314,51.1015,0.328343,2.2083,4.9073,-1.1286,1976.9205,1990.7205
Gabo-13,1991.106,14.0359,47.0199,0.321599,2.2075,4.8638,-0.9686,1977.0729,1990.8729
Gabo-13,1991.2584,14.0647,43.415,0.302834,2.1933,4.8346,-0.9323,1977.2253,1991.0253
Gabo-13,1991.4108,14.1241,41.11,0.274585,2.1715,4.8157,-0.9217,1977.3776,1991.1776
Gabo-13,1991.5632,14.1978,41.0097,0.259961,2.1499,4.8107,-0.9232,1977.53,1991.33
Gabo-13,1991.7156,14.2161,42.6689,0.272998,2.1371,4.8292,-0.9682,1977.6824,1991.4824
Gabo-13,1991.868,14.2159,43.344,0.286662,2.1379,4.8689,-0.9751,1977.8347,1991.6347
Gabo-13,1992.0204,14.2164,43.2746,0.282095,2.1478,4.9152,-0.9035,1977.9871,1991.7871
Gabo-13,1992.1728,14.2136,43.5616,0.269588,2.1556,4.9554,-0.8023,1978.1395,1991.9395
Gabo-13,1992.3252,14.2086,43.7267,0.27054,2.1515,4.9862,-0.7723,1978.2918,1992.0918
Gabo-13,1992.4776,14.2072,44.2659,0.274233,2.1454,5.0104,-0.8236,1978.4442,1992.2442
Gabo-13,1992.63,14.2117,44.9029,0.272279,2.1463,5.0302,-0.6782,1978.5966,1992.3966
Gabo-13,1992.7824,14.2268,44.9976,0.273975,2.1526,5.0444,-0.2793,1978.749,1992.549
Gabo-13,1992.9348,14.2722,43.5049,0.286282,2.1587,5.0473,0.032,1978.9013,1992.7013
Gabo-13,1993.0872,14.3007,41.7578,0.290066,2.1626,5.0386,0.2903,1979.0537,1992.8537
Gabo-13,1993.2396,14.34,42.79,0.282805,2.1637,5.0265,0.5374,1979.2061,1993.0061
Gabo-13,1993.392,14.3972,46.3806,0.277956,2.162,5.0122,0.6959,1979.3584,1993.1584
Gabo-13,1993.5444,14.414,47.9912,0.277903,2.1606,4.9811,0.7652,1979.5108,1993.3108
Gabo-13,1993.6968,14.4477,47.4139,0.263669,2.1639,4.9155,0.8958,1979.6632,1993.4632
Gabo-13,1993.8492,14.4823,48.8116,0.248869,2.1692,4.8218,1.2023,1979.8156,1993.6156
Gabo-13,1994.0016,14.5134,52.2642,0.263144,2.1724,4.7276,1.4924,1979.9679,1993.7679
Gabo-13,1994.154,14.5729,54.6837,0.310652,2.1746,4.6724,1.4673,1980.1203,1993.9203
Gabo-13,1994.3064,14.5989,50.4787,0.344075,2.1797,4.6879,1.2633,1980.2727,1994.0727
Gabo-13,1994.4588,14.6329,45.3857,0.33992,2.1837,4.7623,1.147,1980.425,1994.225
Gabo-13,1994.6112,14.6863,41.7069,0.311191,2.1817,4.8657,1.1019,1980.5774,1994.3774
Gabo-13,1994.7636,14.7393,38.7107,0.274534,2.1756,4.9743,1.0099,1980.7298,1994.5298
Gabo-13,1994.916,14.843,41.8563,0.238379,2.1722,5.0681,0.9401,1980.8822,1994.6822
Gabo-13,1995.0684,14.998,51.8835,0.222664,2.168,5.1203,0.947,1981.0345,1994.8345
Gabo-13,1995.2208,15.2574,63.971,0.244963,2.1618,5.1151,0.8645,1981.1869,1994.9869
Gabo-13,1995.3732,15.6557,73.9526,0.294815,2.1582,5.0534,0.5621,1981.3393,1995.1393
Gabo-13,1995.5256,15.996,81.5097,0.328516,2.1573,4.9563,0.19,1981.4916,1995.2916
Gabo-13,1995.678,16.2997,89.3388,0.335239,2.1503,4.8596,-0.1354,1981.644,1995.444
Gabo-13,1995.8304,16.476,95.5092,0.330755,2.145,4.7742,-0.5634,1981.7964,1995.5964
Gabo-13,1995.9828,16.475,97.771,0.327187,2.1566,4.698,-1.0775,1981.9488,1995.7488
Gabo-13,1996.1352,16.4888,95.2705,0.333421,2.1858,4.6359,-1.4021,1982.1011,1995.9011
Gabo-13,1996.2876,16.4551,94.7637,0.35753,2.2123,4.5899,-1.7,1982.2535,1996.0535
Gabo-13,1996.44,16.3731,97.5407,0.386753,2.2275,4.554,-2.0868,1982.4059,1996.2059
Gabo-13,1996.5924,16.3041,102.4098,0.408238,2.2359,4.5189,-2.4544,1982.5582,1996.3582
Gabo-13,1996.7448,16.3398,108.1495,0.419222,2.2398,4.4771,-2.6592,1982.7106,1996.5106
Gabo-13,1996.8972,16.4036,113.3934,0.422962,2.2338,4.4376,-2.7247,1982.863,1996.663
Gabo-13,1997.0496,16.5778,118.1835,0.446778,2.2218,4.419,-2.9377,1983.0154,1996.8154
Gabo-13,1997.202,16.8566,121.4818,0.502374,2.2162,4.4249,-3.3673,1983.1677,1996.9677
Gabo-13,1997.3544,17.1226,121.0161,0.555985,2.226,4.4438,-3.7332,1983.3201,1997.1201
Gabo-13,1997.5068,17.2244,115.5221,0.546651,2.2412,4.4658,-3.7393,1983.4725,1997.2725
Gabo-13,1997.6592,17.2903,111.309,0.497833,2.244,4.4925,-3.5687,1983.6248,1997.4248
Gabo-13,1997.8116,17.3554,110.4869,0.448849,2.2371,4.5286,-3.3707,1983.7772,1997.5772
Gabo-13,1997.964,17.3761,112.1711,0.40848,2.235,4.5811,-3.1258,1983.9296,1997.7296
Gabo-13,1998.1164,17.3487,111.9859,0.376948,2.238,4.6628,-2.9237,1984.082,1997.882
Gabo-13,1998.2688,17.3003,109.4432,0.371038,2.2271,4.7747,-2.8501,1984.2343,1998.0343
Gabo-13,1998.4212,17.2641,104.7147,0.413158,2.2036,4.9118,-2.6877,1984.3867,1998.1867
Gabo-13,1998.5736,17.2612,97.4159,0.515346,2.1816,5.0828,-2.2677,1984.5391,1998.3391
Gabo-13,1998.726,17.2715,86.1609,0.660909,2.1502,5.3028,-1.799,1984.6914,1998.4914
Gabo-13,1998.8784,17.1359,76.6623,0.797186,2.0613,5.5267,-1.4058,1984.8438,1998.6438
Gabo-13,1999.0308,16.9521,72.4991,0.893047,1.9134,5.6845,-1.0998,1984.9962,1998.7962
Gabo-13,1999.1832,16.8257,74.6186,0.937705,1.7578,5.7178,-0.9139,1985.1486,1998.9486
Gabo-13,1999.3356,16.7381,83.3405,0.920117,1.6645,5.5898,-0.8698,1985.3009,1999.1009
Gabo-13,1999.488,16.2806,88.1746,0.84946,1.6561,5.3347,-0.8708,1985.4533,1999.2533
Gabo-13,1999.6404,15.8558,91.1537,0.764219,1.7289,5.0043,-0.8084,1985.6057,1999.4057
Gabo-13,1999.7928,15.728,95.46,0.732723,1.8655,4.6384,-0.6232,1985.758,1999.558
Gabo-13,1999.9452,15.7738,100.5527,0.794899,2.0149,4.3099,-0.3727,1985.9104,1999.7104
Gabo-13,2000.0976,15.8948,95.859,0.818629,2.1038,4.15,-0.2904,1986.0628,1999.8628
Gabo-13,2000.25,15.9145,78.9818,0.694372,2.1261,4.2137,-0.3262,1986.2152,2000.0152
Gabo-13,2000.4024,15.7848,56.0234,0.488055,2.1163,4.4767,-0.3828,1986.3675,2000.1675
Gabo-13,2000.5548,15.5542,36.9515,0.341306,2.1057,4.8792,-0.4591,1986.5199,2000.3199
Gabo-13,2000.7072,15.5118,30.8343,0.28325,2.107,5.3225,-0.4666,1986.6723,2000.4723
Gabo-13,2000.8596,15.4534,31.6758,0.263668,2.1177,5.7134,-0.3539,1986.8246,2000.6246
Gabo-13,2001.012,15.3483,34.8913,0.254775,2.1287,5.9962,-0.2246,1986.977,2000.777
Gabo-13,2001.1644,15.3136,38.6791,0.252599,2.1335,6.1309,-0.1338,1987.1294,2000.9294
Gabo-13,2001.3168,15.3262,41.2036,0.257462,2.1349,6.0968,0.1103,1987.2818,2001.0818
Gabo-13,2001.4692,15.2932,42.5384,0.276593,2.1353,5.9548,0.4953,1987.4341,2001.2341
Gabo-13,2001.6216,15.2227,42.7511,0.301404,2.1299,5.777,0.776,1987.5865,2001.3865
Gabo-13,2001.774,15.1508,42.0958,0.311157,2.116,5.6103,0.8377,1987.7389,2001.5389
Gabo-13,2001.9264,15.1012,43.7132,0.293872,2.1033,5.4955,0.8336,1987.8913,2001.6913
Gabo-13,2002.0788,15.0628,47.7682,0.267537,2.1029,5.4528,0.8065,1988.0436,2001.8436
Gabo-13,2002.2312,15.0394,52.4956,0.249458,2.1124,5.4771,0.7859,1988.196,2001.996
Gabo-13,2002.3836,15.0456,56.186,0.246595,2.125,5.5576,0.8133,1988.3484,2002.1484
Gabo-13,2002.536,15.1139,55.6728,0.257564,2.1379,5.6844,0.9383,1988.5007,2002.3007
Gabo-13,2002.6884,15.2642,50.9728,0.2612,2.1522,5.8465,1.2385,1988.6531,2002.4531
Gabo-13,2002.8408,15.4097,45.0325,0.244133,2.1658,6.0359,1.4028,1988.8055,2002.6055
Gabo-13,2002.9932,15.497,39.5406,0.21465,2.1754,6.2527,1.3085,1988.9579,2002.7579
Gabo-13,2003.1456,15.516,35.246,0.191015,2.181,6.4993,1.2176,1989.1102,2002.9102
Gabo-13,2003.298,15.516,36.3211,0.177164,2.1867,6.7486,1.1724,1989.2626,2003.0626
Gabo-13,2003.4504,15.5294,36.8681,0.169471,2.195,6.9211,1.1223,1989.415,2003.215
Gabo-13,2003.6028,15.5655,35.191,0.169354,2.2046,6.9349,1.067,1989.5674,2003.3674
Gabo-13,2003.7552,15.6297,34.3631,0.179279,2.2101,6.7854,0.9726,1989.7197,2003.5197
Gabo-13,2003.9076,15.649,36.084,0.195107,2.2038,6.6199,0.821,1989.8721,2003.6721
Gabo-13,2004.06,15.6615,38.738,0.21645,2.1871,6.5045,0.8448,1990.0245,2003.8245
Gabo-13,2004.2124,15.5981,40.3166,0.240763,2.1699,6.4294,0.9879,1990.1768,2003.9768
Gabo-13,2004.3648,15.3544,39.3278,0.254317,2.1634,6.3861,1.0973,1990.3292,2004.1292
Gabo-13,2004.5172,15.249,37.9215,0.239803,2.1702,6.3624,1.3586,1990.4816,2004.2816
Gabo-13,2004.6696,15.229,36.9625,0.216669,2.1798,6.342,1.5815,1990.634,2004.434
Gabo-13,2004.822,15.2563,37.1051,0.202448,2.1882,6.3148,1.5555,1990.7863,2004.5863
Gabo-13,2004.9744,15.3635,38.6474,0.197459,2.1964,6.2691,1.3744,1990.9387,2004.7387
Gabo-13,2005.1268,15.5791,38.9933,0.199065,2.1994,6.177,1.3194,1991.0911,2004.8911
Gabo-13,2005.2792,15.7631,37.9018,0.207849,2.1927,6.0187,1.4211,1991.2435,2005.0435
Gabo-13,2005.4316,15.9075,35.7953,0.218733,2.1793,5.8197,1.522,1991.3958,2005.1958
Gabo-13,2005.584,16.0652,34.3804,0.228206,2.1666,5.6196,1.6178,1991.5482,2005.3482
Gabo-13,2005.7364,16.3171,40.4975,0.240192,2.1601,5.449,1.7752,1991.7006,2005.5006
Gabo-13,2005.8888,16.3694,48.6642,0.254062,2.1561,5.3228,1.699,1991.8529,2005.6529
Gabo-13,2006.0412,16.2964,54.4686,0.260684,2.1483,5.2381,1.4233,1992.0053,2005.8053
Gabo-13,2006.1936,16.2447,57.6906,0.257972,2.1362,5.1928,1.1567,1992.1577,2005.9577
Gabo-13,2006.346,16.3187,59.8326,0.252029,2.1256,5.1914,0.9339,1992.3101,2006.1101
Gabo-13,2006.4984,16.5955,60.6953,0.246677,2.1229,5.2303,0.6788,1992.4624,2006.2624
Gabo-13,2006.6508,16.9896,61.2905,0.253698,2.1261,5.2984,0.4459,1992.6148,2006.4148
Gabo-13,2006.8032,17.3242,61.6591,0.274396,2.1306,5.3802,0.2892,1992.7672,2006.5672
Gabo-13,2006.9556,17.3709,60.8449,0.29309,2.1359,5.4507,0.1484,1992.9196,2006.7196
Gabo-13,2007.108,17.2519,60.3422,0.295086,2.1452,5.4722,-0.0708,1993.0719,2006.8719
Gabo-13,2007.2604,17.1861,62.6477,0.292671,2.1585,5.4209,-0.25,1993.2243,2007.0243
Gabo-13,2007.4128,17.1818,70.3911,0.302252,2.1722,5.2913,-0.3269,1993.3767,2007.1767
Gabo-13,2007.5652,17.1715,85.5575,0.328079,2.1825,5.0861,-0.3853,1993.5291,2007.3291
Gabo-13,2007.7176,17.0724,101.8234,0.359111,2.1939,4.8197,-0.5064,1993.6814,2007.4814
Gabo-13,2007.87,17.0204,112.8555,0.382168,2.218,4.5201,-0.6198,1993.8338,2007.6338
Gabo-13,2008.0224,17.2481,119.628,0.399448,2.2509,4.212,-0.7046,1993.9862,2007.7862
Gabo-13,2008.1748,17.73,123.3246,0.420425,2.2756,3.914,-0.8099,1994.1386,2007.9386
Gabo-13,2008.3272,17.1125,116.3638,0.445063,2.2792,3.6454,-0.9038,1994.2909,2008.0909
Gabo-13,2008.4796,16.6042,106.8867,0.470169,2.2753,3.418,-0.7982,1994.4433,2008.2433
Gabo-13,2008.632,16.4719,100.4224,0.541714,2.2705,3.2295,-0.4504,1994.5957,2008.3957
Gabo-13,2008.7844,16.3435,98.2111,0.684638,2.26,3.075,-0.0715,1994.748,2008.548
Gabo-13,2008.9368,15.7702,101.6073,0.811878,2.2437,2.951,0.0504,1994.9004,2008.7004
Gabo-13,2009.0892,15.7047,106.7956,0.781245,2.229,2.8503,0.0386,1995.0528,2008.8528
Gabo-13,2009.2416,15.8052,109.6971,0.648845,2.2185,2.771,0.0531,1995.2052,2009.0052
Gabo-13,2009.394,15.7686,110.1133,0.531197,2.2133,2.7178,0.0683,1995.3575,2009.1575
Gabo-13,2009.5464,15.8785,111.0419,0.485009,2.2153,2.6961,0.0503,1995.5099,2009.3099
Gabo-13,2009.6988,16.4968,114.3221,0.514646,2.2192,2.7032,0.1424,1995.6623,2009.4623
Gabo-13,2009.8512,16.7394,115.1813,0.560727,2.2232,2.7376,0.3557,1995.8147,2009.6147
Gabo-13,2010.0036,16.4617,112.1187,0.570072,2.231,2.8116,0.5637,1995.967,2009.767
Gabo-13,2010.156,16.1883,106.5703,0.548802,2.2444,2.9525,0.7556,1996.1194,2009.9194
Gabo-13,2010.3084,16.1647,104.8463,0.552887,2.2574,3.1996,1.1377,1996.2718,2010.0718
Gabo-13,2010.4608,16.2536,101.7484,0.540334,2.2646,3.5734,1.5378,1996.4242,2010.2242
Gabo-13,2010.6132,16.3112,96.4718,0.503339,2.2628,4.0753,1.8411,1996.5765,2010.3765
Gabo-13,2010.7656,16.2532,91.5703,0.493115,2.2488,4.6953,2.2006,1996.7289,2010.5289
Gabo-13,2010.918,16.3131,85.7679,0.506065,2.2219,5.3949,2.8076,1996.8813,2010.6813
Gabo-13,2011.0704,16.357,77.9083,0.464466,2.1889,6.1,3.5845,1997.0337,2010.8337
Gabo-13,2011.2228,16.5066,68.7718,0.372216,2.1582,6.77,4.3477,1997.186,2010.986
Gabo-13,2011.3752,16.9118,59.7681,0.292795,2.1353,7.4175,5.0806,1997.3384,2011.1384
Gabo-13,2011.5276,17.2938,54.9713,0.264384,2.1255,8.0382,5.924,1997.4908,2011.2908
Gabo-13,2011.68,17.4951,53.8748,0.268248,2.1341,8.4959,6.7019,1997.6432,2011.4432
Gabo-13,2011.8324,17.5641,54.5258,0.278675,2.1542,8.7572,7.1903,1997.7955,2011.5955
Gabo-13,2011.9848,17.5539,56.4449,0.289674,2.1697,8.8727,7.4339,1997.9479,2011.7479
Gabo-13,2012.1372,17.5045,61.0895,0.307545,2.1686,8.8798,7.6787,1998.1003,2011.9003
Gabo-13,2012.2896,17.4736,67.0829,0.33325,2.163,8.8292,7.9917,1998.2527,2012.0527
Gabo-13,2012.442,17.4653,70.9455,0.357725,2.16,8.7772,8.3571,1998.405,2012.205
Gabo-13,2012.5944,17.4638,70.921,0.3766,2.1569,8.7514,8.7593,1998.5574,2012.3574
Gabo-13,2012.7468,17.447,66.3015,0.389484,2.1522,8.764,9.1294,1998.7098,2012.5098
Gabo-13,2012.8992,17.3535,59.0849,0.388595,2.1456,8.8498,9.3616,1998.8621,2012.6621
Gabo-13,2013.0516,17.2612,51.671,0.376822,2.134,9.0478,9.4937,1999.0145,2012.8145
Gabo-13,2013.204,17.2109,45.5618,0.360056,2.121,9.3625,9.7005,1999.1669,2012.9669
Gabo-13,2013.3564,17.1965,42.0961,0.339661,2.1177,9.747,10.0572,1999.3193,2013.1193
Gabo-13,2013.5088,17.3862,40.1001,0.316632,2.1318,10.0908,10.3157,1999.4716,2013.2716
Gabo-13,2013.6612,17.5512,40.8036,0.294419,2.1572,10.32,10.4733,1999.624,2013.424
Gabo-13,2013.8136,17.5865,42.4768,0.278258,2.1816,10.4299,10.6404,1999.7764,2013.5764
Gabo-13,2013.966,17.5089,42.1721,0.270933,2.1929,10.4178,10.7923,1999.9288,2013.7288
Gabo-13,2014.1184,17.3745,40.7711,0.266567,2.1844,10.265,10.8174,2000.0811,2013.8811
Gabo-13,2014.2708,17.2203,39.961,0.257413,2.169,10.0651,10.8222,2000.2335,2014.0335
Gabo-13,2014.4232,17.1363,40.2091,0.248409,2.1575,9.9065,10.9621,2000.3859,2014.1859
Gabo-13,2014.5756,17.1789,41.444,0.252818,2.1531,9.836,11.1505,2000.5383,2014.3383
Gabo-13,2014.728,17.2258,42.7678,0.275431,2.1579,9.8904,11.0748,2000.6906,2014.4906
Gabo-13,2014.8804,17.2552,47.2234,0.292965,2.1746,10.0259,10.8143,2000.843,2014.643
Gabo-13,2015.0328,17.2732,52.2782,0.297726,2.2,10.1532,10.5327,2000.9954,2014.7954
Gabo-13,2015.1852,17.2819,54.9599,0.297387,2.2254,10.1696,10.2306,2001.1477,2014.9477
Gabo-13,2015.3376,17.3031,53.6696,0.29424,2.2385,9.9854,9.9279,2001.3001,2015.1001
Gabo-13,2015.49,17.3364,50.9826,0.285309,2.2322,9.6658,9.846,2001.4525,2015.2525
Gabo-13,2015.6424,17.3902,48.7285,0.281787,2.2097,9.3122,9.93,2001.6049,2015.4049
Gabo-13,2015.7948,17.4466,47.1516,0.293884,2.1808,8.9544,9.9487,2001.7572,2015.5572
Gabo-13,2015.9472,17.4457,45.9189,0.314983,2.1591,8.6213,9.8388,2001.9096,2015.7096
Gabo-13,2016.0996,17.3435,45.0039,0.323718,2.1516,8.4274,9.8641,2002.062,2015.862
Gabo-13,2016.252,17.1395,43.7629,0.318629,2.1487,8.3782,9.963,2002.2143,2016.0143
Gabo-13,2016.4044,16.9374,42.3295,0.31169,2.1395,8.3955,9.8333,2002.3667,2016.1667
Gabo-13,2016.5568,16.9058,41.4423,0.308064,2.1255,8.4174,9.4495,2002.5191,2016.3191
Gabo-13,2016.7092,16.8876,44.8551,0.298651,2.1231,8.4321,9.3038,2002.6715,2016.4715
Gabo-13,2016.8616,16.9176,52.7146,0.286496,2.1319,8.4192,9.273,2002.8238,2016.6238
Gabo-13,2017.014,17.0631,61.6702,0.275423,2.1402,8.3673,9.1365,2002.9762,2016.7762
Gabo-13,2017.1664,17.3401,68.1462,0.267576,2.1436,8.2786,8.8956,2003.1286,2016.9286
Gabo-13,2017.3188,17.579,71.0676,0.273021,2.1495,8.1595,8.5927,2003.2809,2017.0809
Gabo-13,2017.4712,17.7655,76.692,0.292474,2.1577,8.0458,8.4044,2003.4333,2017.2333
Gabo-13,2017.6236,17.8846,83.6797,0.319,2.1606,7.9479,8.1759,2003.5857,2017.3857
Gabo-13,2017.776,17.9136,88.5254,0.346906,2.1561,7.8673,7.7394,2003.7381,2017.5381
Gabo-13,2017.9284,17.9051,89.7439,0.371859,2.1515,7.826,7.2965,2003.8904,2017.6904
Gabo-13,2018.0808,17.9086,88.7455,0.392962,2.1487,7.81,6.861,2004.0428,2017.8428
Gabo-13,2018.2332,17.9188,86.2895,0.420775,2.1465,7.7918,6.3212,2004.1952,2017.9952
Gabo-13,2018.3856,17.9303,83.2951,0.456455,2.147,7.7554,5.7457,2004.3475,2018.1475
Gabo-13,2018.538,17.964,83.0301,0.477889,2.1507,7.6904,5.3556,2004.4999,2018.2999
Gabo-13,2018.6904,18.1095,86.1374,0.475158,2.1451,7.5986,5.1165,2004.6523,2018.4523
Gabo-13,2018.8428,18.3128,91.3019,0.482399,2.1282,7.5016,4.8206,2004.8047,2018.6047
Gabo-13,2018.9952,18.3793,96.6902,0.49649,2.1136,7.4162,4.5493,2004.957,2018.757
Gabo-13,2019.1476,17.9386,99.2544,0.471698,2.1164,7.3705,4.4962,2005.1094,2018.9094
Gabo-13,2019.3,17.4617,99.0796,0.419452,2.131,7.4324,4.3306,2005.2618,2019.0618
Gabo-13,2019.4524,17.1029,98.5417,0.37204,2.1466,7.6096,3.9465,2005.4141,2019.2141
Gabo-13,2019.6048,16.8675,99.205,0.341408,2.1662,7.8675,3.5068,2005.5665,2019.3665
Gabo-13,2019.7572,16.813,102.1883,0.32905,2.2002,8.1679,3.1336,2005.7189,2019.5189
Gabo-13,2019.9096,16.813,99.6416,0.331663,2.2477,8.4693,2.8483,2005.8712,2019.6712
Gabo-13,2020.062,16.752,91.1031,0.335409,2.2886,8.7468,2.711,2006.0236,2019.8236
Gabo-13,2020.2144,16.6173,80.5372,0.330464,2.3097,8.9865,2.8283,2006.176,2019.976
Gabo-13,2020.3668,16.4151,71.4109,0.321436,2.3099,9.171,3.2618,2006.3283,2020.1283
Gabo-13,2020.5192,16.0198,62.3049,0.323042,2.2949,9.2741,3.8955,2006.4807,2020.2807
Gabo-13,2020.6716,15.528,52.6784,0.324003,2.2763,9.285,4.5113,2006.6331,2020.4331
Gabo-13,2020.824,15.122,44.2883,0.308636,2.2581,9.2194,5.1916,2006.7855,2020.5855
Gabo-13,2020.9764,14.9093,38.521,0.277528,2.2403,9.1018,6.0491,2006.9378,2020.7378
Gabo-13,2021.1288,14.867,35.1887,0.248562,2.225,8.9585,6.8682,2007.0902,2020.8902
Gabo-13,2021.2812,14.8246,38.0976,0.2381,2.2116,8.8036,7.4458,2007.2426,2021.0426
Gabo-13,2021.4336,14.7637,46.686,0.244897,2.1972,8.6193,7.9433,2007.3949,2021.1949
Gabo-13,2021.586,14.7039,58.2925,0.259679,2.1817,8.3903,8.6599,2007.5473,2021.3473
Gabo-13,2021.7384,14.6192,67.9798,0.278849,2.1688,8.1294,9.7043,2007.6997,2021.4997
Gabo-13,2021.8908,14.5002,74.6503,0.308651,2.1582,7.8648,10.7369,2007.852,2021.652
Gabo-13,2022.0432,14.3842,79.2859,0.332753,2.1484,7.6078,11.641,2008.0044,2021.8044
Gabo-13,2022.1956,14.2913,82.1553,0.336478,2.1381,7.3242,12.2748,2008.1568,2021.9568
Gabo-13,2022.348,14.2223,82.9006,0.331785,2.1256,6.9862,12.3812,2008.3091,2022.1091
Gabo-13,2022.5004,14.1681,86.2738,0.347827,2.1103,6.6799,12.212,2008.4611,2022.2611
Gabo-13,2022.6528,14.1341,90.3802,0.376571,2.095,6.4515,11.9951,2008.6139,2022.4139
Gabo-13,2022.8052,14.121,93.1158,0.393277,2.0853,6.2845,11.7539,2008.7662,2022.5662
Gabo-13,2022.9576,14.1233,93.7611,0.38337,2.0866,6.1798,11.49,2008.9186,2022.7186
Gabo-13,2023.11,14.1222,94.8364,0.354686,2.0986,6.1947,11.2898,2009.071,2022.871
Gabo-13,2023.2624,14.1555,95.9558,0.332649,2.1125,6.332,11.3027,2009.2233,2023.0233
Gabo-13,2023.4148,14.204,97.1325,0.331103,2.1256,6.538,11.3438,2009.3757,2023.1757
Gabo-13,2023.5672,14.2346,98.3971,0.3442,2.1398,6.7641,11.1278,2009.5281,2023.3281
Gabo-13,2023.7196,14.3869,90.5005,0.352032,2.1528,6.9973,10.7946,2009.6804,2023.4804
Gabo-13,2023.872,14.5918,78.1173,0.350814,2.1625,7.2358,10.7358,2009.8328,2023.6328
Gabo-13,2024.0244,14.7519,68.4364,0.346309,2.1678,7.4614,10.9956,2009.9852,2023.7852
Gabo-13,2024.1768,14.8324,64.6757,0.339778,2.1651,7.6282,11.2869,2010.1375,2023.9375
Gabo-13,2024.3292,14.8833,64.9658,0.330877,2.1506,7.6845,11.3248,2010.2899,2024.0899
Gabo-13,2024.4816,14.9863,68.0734,0.326929,2.1355,7.6703,11.3079,2010.4423,2024.2423
Gabo-13,2024.634,15.117,72.6339,0.323203,2.1276,7.6123,11.2298,2010.5946,2024.3946
Gabo-13,2024.7864,15.2482,78.3358,0.312874,2.1238,7.5292,11.0124,2010.747,2024.547
Gabo-13,2024.9388,15.3934,87.091,0.304347,2.1183,7.4774,10.7809,2010.8994,2024.6994
Gabo-13,2025.0912,15.5718,95.4868,0.314135,2.1155,7.4818,10.5455,2011.0517,2024.8517
Gabo-13,2025.2436,15.7438,100.8474,0.333463,2.1152,7.5292,10.3562,2011.2041,2025.0041
Gabo-13,2025.396,15.8906,101.094,0.346387,2.1129,7.5808,10.1596,2011.3565,2025.1565
Gabo-13,2025.5484,16.0224,92.6428,0.351225,2.1089,7.6111,9.7969,2011.5088,2025.3088
Gabo-13,2025.7008,16.2459,84.7928,0.359643,2.1133,7.6668,9.366,2011.6612,2025.4612
Gabo-13,2025.8532,16.4348,79.7054,0.364673,2.1254,7.7267,8.9712,2011.8136,2025.6136
Gabo-13,2026.0056,16.6015,76.2571,0.36606,2.1347,7.7552,8.6187,2011.9659,2025.7659
Gabo-13,2026.158,16.882,73.8648,0.376554,2.1325,7.7556,8.3411,2012.1183,2025.9183
Gabo-13,2026.3104,16.9009,76.3056,0.396462,2.1239,7.7469,8.1486,2012.2707,2026.0707
Gabo-13,2026.4628,16.6374,79.5109,0.413658,2.121,7.734,7.735,2012.423,2026.223
Gabo-13,2026.6152,16.3068,80.9752,0.42292,2.1264,7.6627,7.0353,2012.5754,2026.3754
Gabo-13,2026.7676,16.1074,80.5005,0.422569,2.1321,7.485,6.2127,2012.7278,2026.5278
Gabo-13,2026.92,16.152,81.2854,0.401914,2.131,7.2267,5.2883,2012.8801,2026.6801
Gabo-13,2027.0724,16.3559,84.864,0.356849,2.141,6.8819,4.2239,2013.0325,2026.8325
Gabo-13,2027.2248,16.6456,89.4543,0.317911,2.1779,6.4451,3.1288,2013.1849,2026.9849
Gabo-13,2027.3772,16.9488,93.2479,0.321142,2.2339,5.9859,2.1411,2013.3372,2027.1372
Gabo-13,2027.5296,16.9836,95.0004,0.363204,2.2795,5.6307,1.2674,2013.4896,2027.2896
Gabo-13,2027.682,16.6667,99.7689,0.38535,2.3017,5.3594,0.4394,2013.6419,2027.4419
Gabo-13,2027.8344,16.3038,106.6703,0.365318,2.3065,5.097,-0.1815,2013.7943,2027.5943
Gabo-13,2027.9868,16.0835,113.4755,0.336297,2.3021,4.8141,-0.4778,2013.9467,2027.7467
Gabo-13,2028.1392,15.985,118.9432,0.351915,2.2953,4.5054,-0.5371,2014.099,2027.899
Gabo-13,2028.2916,15.7092,120.9037,0.412506,2.2907,4.1621,-0.3479,2014.2514,2028.0514
Gabo-13,2028.444,15.3309,118.9895,0.470855,2.2857,3.7948,0.1508,2014.4038,2028.2038
Gabo-13,2028.5964,14.9222,113.4103,0.504344,2.2765,3.4183,0.8373,2014.5561,2028.3561
Gabo-13,2028.7488,14.432,104.2485,0.516786,2.2603,3.0534,1.4233,2014.7085,2028.5085
Gabo-13,2028.9012,14.4959,103.7251,0.502783,2.237,2.7556,1.7716,2014.8609,2028.6609
Gabo-13,2029.0536,14.7153,109.3408,0.484336,2.2166,2.5592,2.0493,2015.0132,2028.8132
Gabo-13,2029.206,14.7859,114.7185,0.500765,2.2054,2.463,2.3891,2015.1656,2028.9656
Gabo-13,2029.3584,14.674,114.668,0.562498,2.2022,2.4521,2.6783,2015.3179,2029.1179
Gabo-13,2029.5108,14.5327,109.8374,0.609168,2.2058,2.5017,2.6328,2015.4703,2029.2703
Gabo-13,2029.6632,14.3333,105.743,0.606521,2.2166,2.5727,2.4361,2015.6227,2029.4227
Gabo-13,2029.8156,14.2688,105.613,0.579533,2.2279,2.6368,2.2878,2015.775,2029.575
Gabo-13,2029.968,14.5554,110.6336,0.554908,2.2303,2.6717,2.1779,2015.9274,2029.7274
Gabo-13,2030.1204,14.6289,115.3711,0.525339,2.2239,2.6526,2.103,2016.0798,2029.8798
Gabo-13,2030.2728,14.4571,113.5675,0.49528,2.2178,2.5964,2.1847,2016.2321,2030.0321
Gabo-13,2030.4252,14.4504,106.922,0.469451,2.2151,2.5636,2.3519,2016.3845,2030.1845
Gabo-13,2030.5776,14.8019,98.8449,0.463503,2.2155,2.6681,2.4223,2016.5368,2030.3368
Gabo-13,2030.73,14.9769,93.545,0.498177,2.2212,3.1312,2.3504,2016.6892,2030.4892
Gabo-13,2030.8824,14.95,90.9011,0.506841,2.2351,4.0946,2.302,2016.8416,2030.6416
Gabo-13,2031.0348,14.8935,89.9101,0.431655,2.2676,5.3288,2.3137,2016.9939,2030.7939
Gabo-13,2031.1872,14.856,89.7544,0.299832,2.3294,6.495,2.3441,2017.1463,2030.9463
Gabo-13,2031.3396,14.7812,88.5698,0.203749,2.4153,7.3654,2.4413,2017.2987,2031.0987
Gabo-13,2031.492,14.6864,86.858,0.192879,2.4874,7.944,2.6598,2017.451,2031.251
Gabo-13,2031.6444,14.5538,87.2467,0.241131,2.5127,8.2828,2.842,2017.6034,2031.4034
Gabo-13,2031.7968,14.4255,90.4847,0.300097,2.4781,8.2915,2.8852,2017.7557,2031.5557
Gabo-13,2031.9492,14.4379,95.6869,0.331316,2.3903,7.8372,2.8791,2017.9081,2031.7081
Gabo-13,2032.1016,14.5532,96.9956,0.342776,2.2917,7.1054,2.9089,2018.0605,2031.8605
Gabo-13,2032.254,14.6354,97.0471,0.3694,2.222,6.4939,2.8107,2018.2128,2032.0128
Gabo-13,2032.4064,14.6866,96.3736,0.405346,2.187,6.216,2.4886,2018.3652,2032.1652
Gabo-13,2032.5588,14.7807,92.6753,0.414363,2.1739,6.2719,2.0611,2018.5175,2032.3175
Gabo-13,2032.7112,14.8905,92.5081,0.392412,2.1727,6.5289,1.7275,2018.6699,2032.4699
Gabo-13,2032.8636,14.7501,89.9647,0.380865,2.1809,6.847,1.4497,2018.8223,2032.6223
Gabo-13,2033.016,14.4643,82.3944,0.386231,2.2019,7.1618,1.2134,2018.9746,2032.7746
Gabo-13,2033.1684,14.2712,70.8823,0.38576,2.2389,7.4571,1.132,2019.127,2032.927
Gabo-13,2033.3208,14.3114,59.1159,0.370896,2.2843,7.7386,1.3241,2019.2793,2033.0793
Gabo-13,2033.4732,14.4012,48.0115,0.347942,2.317,8.0152,1.7342,2019.4317,2033.2317
Gabo-13,2033.6256,14.565,38.853,0.322505,2.3305,8.2631,2.1801,2019.5841,2033.3841
Gabo-13,2033.778,14.8429,33.1075,0.296618,2.3266,8.4542,2.6008,2019.7364,2033.5364
Gabo-13,2033.9304,14.9507,32.517,0.272541,2.3054,8.593,3.0943,2019.8888,2033.6888
Gabo-13,2034.0828,14.9616,32.9721,0.255647,2.2799,8.7111,3.557,2020.0411,2033.8411
Gabo-13,2034.2352,14.9796,33.2799,0.248189,2.2624,8.8098,3.8948,2020.1935,2033.9935
Gabo-13,2034.3876,15.0252,34.0179,0.246623,2.2536,8.85,4.1261,2020.3459,2034.1459
Gabo-13,2034.54,15.0925,35.9521,0.243504,2.2472,8.7691,4.2587,2020.4982,2034.2982
Gabo-13,2034.6924,15.2058,37.7903,0.237536,2.242,8.5427,4.2352,2020.6506,2034.4506
Gabo-13,2034.8448,15.3178,41.2622,0.238544,2.2404,8.2026,4.1689,2020.8029,2034.6029
Gabo-13,2034.9972,15.3991,48.4773,0.252185,2.2455,7.78,4.1892,2020.9553,2034.7553
Gabo-13,2035.1496,15.4499,61.5478,0.273643,2.2572,7.2974,4.1765,2021.1077,2034.9077
Gabo-13,2035.302,15.4832,77.2528,0.295966,2.2629,6.7998,3.7409,2021.26,2035.06
Gabo-13,2035.4544,15.4928,89.4291,0.32369,2.2533,6.3348,3.0141,2021.4124,2035.2124
Gabo-13,2035.6068,15.4945,96.6035,0.352943,2.2349,5.9349,2.262,2021.5647,2035.3647
Gabo-13,2035.7592,15.5197,99.7543,0.37191,2.2239,5.6152,1.5875,2021.7171,2035.5171
Gabo-13,2035.9116,15.5323,104.3999,0.378978,2.2325,5.3643,1.0624,2021.8694,2035.6694
Gabo-13,2036.064,15.4962,106.6821,0.373752,2.2498,5.1666,0.6854,2022.0218,2035.8218
Gabo-13,2036.2164,15.3784,106.4799,0.353252,2.258,5.0104,0.3742,2022.1742,2035.9742
Gabo-13,2036.3688,15.1514,105.8386,0.327277,2.2506,4.8836,0.017,2022.3265,2036.1265
Gabo-13,2036.5212,14.8145,100.686,0.322083,2.241,4.7739,-0.4337,2022.4789,2036.2789
Gabo-13,2036.6736,14.6234,96.893,0.329615,2.2445,4.6767,-0.8221,2022.6312,2036.4312
Gabo-13,2036.826,14.5471,96.3192,0.339506,2.2581,4.5949,-1.0853,2022.7836,2036.5836
Gabo-13,2036.9784,14.4864,97.1675,0.35248,2.2684,4.5385,-1.2758,2022.936,2036.736
Gabo-13,2037.1308,14.4716,93.8303,0.363667,2.2653,4.5198,-1.4095,2023.0883,2036.8883
Gabo-13,2037.2832,14.4715,89.1927,0.36767,2.26,4.5256,-1.4234,2023.2407,2037.0407
Gabo-13,2037.4356,14.4726,88.0111,0.382662,2.2666,4.5321,-1.3213,2023.393,2037.193
Gabo-13,2037.588,14.4869,90.8711,0.412899,2.2842,4.5167,-1.1214,2023.5454,2037.3454
Gabo-13,2037.7404,14.544,93.4491,0.428235,2.2984,4.4568,-0.754,2023.6977,2037.4977
Gabo-13,2037.8928,14.58,95.3163,0.411479,2.2984,4.3466,-0.1005,2023.8501,2037.6501
Gabo-13,2038.0452,14.545,101.2175,0.386464,2.2916,4.1955,0.7666,2024.0024,2037.8024
Gabo-13,2038.1976,14.3496,110.2535,0.387659,2.2891,4.0205,1.5308,2024.1548,2037.9548
Gabo-13,2038.35,13.8192,115.5496,0.42949,2.2933,3.8487,1.9046,2024.3072,2038.1072
Gabo-13,2038.5024,13.6982,114.2424,0.477715,2.2923,3.7175,2.11,2024.4595,2038.2595
Gabo-13,2038.6548,13.754,110.1678,0.508305,2.2812,3.6541,2.2912,2024.6119,2038.4119
Gabo-13,2038.8072,13.7784,108.869,0.535643,2.2634,3.675,2.3929,2024.7642,2038.5642
Gabo-13,2038.9596,13.8035,115.9669,0.570131,2.2541,3.815,2.4041,2024.9166,2038.7166
Gabo-13,2039.112,13.9843,121.0177,0.57122,2.2807,4.128,2.43,2025.0689,2038.8689
Gabo-13,2039.2644,14.1018,120.5083,0.519945,2.324,4.5615,2.4269,2025.2213,2039.0213
Gabo-13,2039.4168,14.116,115.5156,0.442258,2.3503,5.0258,2.2713,2025.3737,2039.1737
Gabo-13,2039.5692,14.1009,106.8065,0.375708,2.3489,5.4504,2.0152,2025.526,2039.326
Gabo-13,2039.7216,14.0861,93.931,0.343194,2.3387,5.7818,1.9682,2025.6784,2039.4784
Gabo-13,2039.874,14.0904,81.0293,0.335134,2.3333,6.0199,2.1586,2025.8307,2039.6307
Gabo-13,2040.0264,14.1517,71.0806,0.346332,2.3217,6.1751,2.499,2025.9831,2039.7831
Gabo-13,2040.1788,14.289,64.7321,0.375815,2.2911,6.2321,3.019,2026.1354,2039.9354
Gabo-13,2040.3312,14.4648,59.612,0.407165,2.2464,6.1724,3.7123,2026.2878,2040.0878
Gabo-13,2040.4836,14.5436,55.9819,0.42055,2.2085,6.0495,4.2773,2026.4401,2040.2401
Gabo-13,2040.636,14.406,55.9767,0.411719,2.1857,5.9301,4.7128,2026.5925,2040.3925
Gabo-13,2040.7884,14.0916,59.0752,0.392977,2.1698,5.8427,5.171,2026.7448,2040.5448
Gabo-13,2040.9408,13.8903,59.9608,0.378721,2.1475,5.7896,5.6339,2026.8972,2040.6972
Gabo-13,2041.0932,13.8154,60.5478,0.359855,2.1223,5.7667,5.9782,2027.0496,2040.8496
Gabo-13,2041.2456,13.7739,60.1312,0.341215,2.1099,5.7826,6.186,2027.2019,2041.0019
Gabo-13,2041.398,13.7478,58.8812,0.334408,2.1109,5.8611,6.2241,2027.3543,2041.1543
Gabo-13,2041.5504,13.7641,59.5213,0.339933,2.1138,5.9904,6.0798,2027.5066,2041.3066
Gabo-13,2041.7028,13.7767,65.1313,0.345089,2.1224,6.0854,5.9669,2027.659,2041.459
Gabo-13,2041.8552,13.8341,72.0461,0.337612,2.1439,6.1876,5.9101,2027.8113,2041.6113
Gabo-13,2042.0076,13.9186,76.8614,0.320484,2.1696,6.3042,5.8923,2027.9637,2041.7637
Gabo-13,2042.16,13.9599,77.3739,0.312842,2.1822,6.3649,5.8946,2028.116,2041.916
Gabo-13,2042.3124,13.9941,74.2941,0.333182,2.1768,6.3679,5.7404,2028.2684,2042.0684
Gabo-13,2042.4648,13.9792,69.436,0.35476,2.1698,6.3706,5.5397,2028.4207,2042.2207
Gabo-13,2042.6172,13.9633,64.4521,0.359337,2.1733,6.3791,5.5065,2028.5731,2042.3731
Gabo-13,2042.7696,14.0103,60.7441,0.354166,2.1846,6.3494,5.6546,2028.7254,2042.5254
Gabo-13,2042.922,13.9528,60.0617,0.352411,2.1893,6.2508,5.7618,2028.8778,2042.6778
Gabo-13,2043.0744,13.8455,62.9299,0.356477,2.1831,6.1495,5.7938,2029.0301,2042.8301
Gabo-13,2043.2268,13.8044,66.6502,0.358895,2.1733,6.1054,5.8402,2029.1825,2042.9825
Gabo-13,2043.3792,13.8935,69.5161,0.360551,2.1653,6.1137,5.8636,2029.3349,2043.1349
Gabo-13,2043.5316,14.1637,74.0209,0.376716,2.1589,6.1235,5.7203,2029.4872,2043.2872
Gabo-13,2043.684,14.4455,76.8134,0.403795,2.1593,6.1081,5.5515,2029.6396,2043.4396
Gabo-13,2043.8364,14.5907,76.559,0.415691,2.174,6.0718,5.5545,2029.7919,2043.5919
Gabo-13,2043.9888,14.5806,74.7577,0.400197,2.1959,6.0241,5.583,2029.9443,2043.7443
Gabo-13,2044.1412,14.5139,75.7117,0.374093,2.2023,5.9611,5.2942,2030.0966,2043.8966
Gabo-13,2044.2936,14.3904,78.8925,0.362632,2.1882,5.8517,4.8485,2030.249,2044.049
Gabo-13,2044.446,14.3053,84.7815,0.365082,2.1705,5.6855,4.426,2030.4013,2044.2013
Gabo-13,2044.5984,14.3023,93.991,0.372888,2.162,5.4712,3.9852,2030.5537,2044.3537
Gabo-13,2044.7508,14.3591,106.5133,0.387137,2.1665,5.2083,3.4873,2030.706,2044.506
Gabo-13,2044.9032,14.501,120.9554,0.409648,2.186,4.8797,3.0893,2030.8584,2044.6584
Gabo-13,2045.0556,14.6062,127.3368,0.421531,2.2227,4.5008,2.8742,2031.0107,2044.8107
Gabo-13,2045.208,14.6678,124.2964,0.420914,2.2731,4.095,2.781,2031.1631,2044.9631
Gabo-13,2045.3604,14.7632,115.9141,0.445552,2.3169,3.6885,2.7423,2031.3154,2045.1154
Gabo-13,2045.5128,15.1091,104.3406,0.538783,2.3152,3.3317,2.8248,2031.4678,2045.2678
Gabo-13,2045.6652,15.2467,99.9592,0.629917,2.274,3.0455,3.1163,2031.6201,2045.4201
Gabo-13,2045.8176,15.0837,104.3726,0.655104,2.2208,2.8296,3.44,2031.7725,2045.5725
Gabo-13,2045.97,14.7574,114.0287,0.645671,2.1768,2.6855,3.6155,2031.9248,2045.7248
Gabo-13,2046.1224,14.4541,116.7986,0.6816,2.157,2.6198,3.7357,2032.0772,2045.8772
Gabo-13,2046.2748,14.4653,115.0944,0.695332,2.1578,2.6374,3.7657,2032.2295,2046.0295
Gabo-13,2046.4272,14.6743,114.2454,0.650737,2.1699,2.7302,3.6457,2032.3819,2046.1819
Gabo-13,2046.5796,14.8344,116.1765,0.580691,2.1869,2.8805,3.41,2032.5343,2046.3343
Gabo-13,2046.732,14.4856,119.2966,0.510566,2.2047,3.0614,3.1164,2032.6866,2046.4866
Gabo-13,2046.8844,14.0235,120.4696,0.451504,2.2227,3.248,2.7436,2032.839,2046.639
Gabo-13,2047.0368,13.7726,118.9639,0.413658,2.2401,3.4367,2.2736,2032.9913,2046.7913
Gabo-13,2047.1892,13.7657,114.3546,0.395198,2.254,3.6334,1.785,2033.1437,2046.9437
Gabo-13,2047.3416,13.8775,104.8841,0.381178,2.2658,3.8292,1.3846,2033.296,2047.096
Gabo-13,2047.494,13.895,101.8697,0.370625,2.2882,3.9864,0.9811,2033.4484,2047.2484
Gabo-13,2047.6464,13.806,104.3297,0.373371,2.3124,4.0981,0.5207,2033.6007,2047.4007
Gabo-13,2047.7988,13.6912,108.3051,0.382826,2.3156,4.1846,0.1463,2033.7531,2047.5531
Gabo-13,2047.9512,13.6689,111.1506,0.380975,2.2898,4.2634,0.0642,2033.9054,2047.7054
Gabo-13,2048.1036,13.6971,110.7828,0.371046,2.2668,4.3208,0.203,2034.0578,2047.8578
Gabo-13,2048.256,13.7209,109.7323,0.367592,2.2685,4.3187,0.2999,2034.2101,2048.0101
Gabo-13,2048.4084,13.7319,108.087,0.372938,2.2889,4.2396,0.4799,2034.3625,2048.1625
Gabo-13,2048.5608,13.7343,104.2063,0.378163,2.3085,4.0921,1.0528,2034.5148,2048.3148
Gabo-13,2048.7132,13.7532,101.5648,0.377431,2.3099,3.9064,1.9018,2034.6672,2048.4672
Gabo-13,2048.8656,13.9842,101.9389,0.386051,2.301,3.7223,2.7222,2034.8195,2048.6195
Gabo-13,2049.018,14.3637,101.4253,0.413424,2.2957,3.5812,3.4077,2034.9719,2048.7719
Gabo-13,2049.1704,14.7303,95.4866,0.456768,2.2946,3.5401,3.9664,2035.1242,2048.9242
Gabo-13,2049.3228,14.8912,80.7511,0.502684,2.2857,3.6803,4.3584,2035.2766,2049.0766
Gabo-13,2049.4752,14.6807,63.4449,0.516617,2.2743,4.0088,4.5411,2035.4289,2049.2289
Gabo-13,2049.6276,14.2673,51.4496,0.470318,2.2699,4.4496,4.6437,2035.5813,2049.3813
Gabo-13,2049.78,13.874,48.4351,0.379729,2.2678,4.9189,4.8135,2035.7336,2049.5336
Gabo-13,2049.9324,13.8183,52.3585,0.307855,2.2497,5.3491,5.0036,2035.886,2049.686
Gabo-13,2050.0848,13.8711,59.6342,0.278241,2.2161,5.7068,5.0288,2036.0383,2049.8383
Gabo-13,2050.2372,13.956,68.4137,0.278944,2.1822,6.0074,5.0232,2036.1907,2049.9907
Gabo-13,2050.3896,14.0678,76.5745,0.287193,2.1579,6.2788,5.1416,2036.343,2050.143
Gabo-13,2050.542,14.096,79.0044,0.275488,2.1453,6.5142,5.3146,2036.4954,2050.2954
Gabo-13,2050.6944,14.1026,81.0797,0.246219,2.145,6.6575,5.4802,2036.6477,2050.4477
Gabo-13,2050.8468,13.8602,83.0333,0.227201,2.1556,6.7518,5.706,2036.8001,2050.6001
Gabo-13,2050.9992,13.4416,82.2556,0.238949,2.1735,6.8866,5.9677,2036.9524,2050.7524
Gabo-13,2051.1516,13.2693,75.8165,0.281313,2.1907,7.0913,6.1211,2037.1048,2050.9048
Gabo-13,2051.304,13.4164,68.2873,0.325825,2.1941,7.2593,6.1652,2037.2571,2051.0571
Gabo-13,2051.4564,13.5682,63.071,0.350294,2.1818,7.2958,6.318,2037.4095,2051.2095
Gabo-13,2051.6088,13.5807,60.9973,0.352486,2.1597,7.2071,6.6152,2037.5618,2051.3618
Gabo-13,2051.7612,13.4266,62.3309,0.341217,2.1381,7.0432,6.902,2037.7142,2051.5142
Gabo-13,2051.9136,13.2347,63.9192,0.331518,2.1289,6.8412,7.091,2037.8665,2051.6665
Gabo-13,2052.066,13.0899,64.7729,0.329227,2.1264,6.6408,7.2436,2038.0189,2051.8189
Gabo-13,2052.2184,12.9836,64.4232,0.326609,2.1201,6.4799,7.352,2038.1712,2051.9712
Gabo-13,2052.3708,12.8945,62.409,0.316627,2.1092,6.376,7.3884,2038.3236,2052.1236
Gabo-13,2052.5232,12.835,59.837,0.307038,2.103,6.3166,7.4733,2038.4759,2052.2759
Gabo-13,2052.6756,12.8118,58.6211,0.310847,2.1027,6.283,7.7077,2038.6283,2052.4283
Gabo-13,2052.828,12.7784,58.3125,0.323467,2.1047,6.2651,7.93,2038.7806,2052.5806
Gabo-13,2052.9804,12.7033,57.7739,0.33076,2.1069,6.2552,7.9758,2038.933,2052.733
Gabo-13,2053.1328,12.61,55.111,0.324904,2.1068,6.2434,7.9026,2039.0853,2052.8853
Gabo-13,2053.2852,12.5184,52.0014,0.315668,2.1025,6.2134,7.8525,2039.2377,2053.0377
Gabo-13,2053.4376,12.4616,51.0962,0.307952,2.0978,6.1252,7.869,2039.39,2053.19
Gabo-13,2053.59,12.4457,52.5109,0.302651,2.0968,5.989,7.9274,2039.5424,2053.3424
Gabo-13,2053.7424,12.4349,53.2684,0.304759,2.0985,5.8761,8.0167,2039.6947,2053.4947
Gabo-13,2053.8948,12.4304,53.7034,0.314465,2.0981,5.802,8.1326,2039.8471,2053.6471
Gabo-13,2054.0472,12.43,53.5141,0.32185,2.094,5.7558,8.1515,2039.9994,2053.7994
Gabo-13,2054.1996,12.4315,53.5531,0.317932,2.0877,5.7307,8.1657,2040.1518,2053.9518
Gabo-13,2054.352,12.4376,56.3921,0.305396,2.0821,5.7119,8.4167,2040.3041,2054.1041
Gabo-13,2054.5044,12.4346,57.4337,0.301468,2.0821,5.6863,8.7807,2040.4565,2054.2565
Gabo-13,2054.6568,12.425,55.977,0.305563,2.0864,5.6758,9.0864,2040.6088,2054.4088
Gabo-13,2054.8092,12.4199,53.9942,0.319963,2.091,5.6892,9.3026,2040.7612,2054.5612
Gabo-13,2054.9616,12.4299,53.4203,0.346728,2.0937,5.7064,9.4673,2040.9135,2054.7135
Gabo-13,2055.114,12.4351,50.9385,0.360971,2.0939,5.7212,9.6361,2041.0659,2054.8659
Gabo-13,2055.2664,12.4335,47.6837,0.351842,2.0942,5.7947,9.7486,2041.2182,2055.0182
Gabo-13,2055.4188,12.4308,43.815,0.3264,2.0979,5.951,9.792,2041.3706,2055.1706
Gabo-13,2055.5712,12.4324,38.6555,0.292603,2.107,6.1691,9.8564,2041.5229,2055.3229
Gabo-13,2055.7236,12.4609,33.8697,0.260319,2.1212,6.4102,9.9802,2041.6753,2055.4753
Gabo-13,2055.876,12.499,31.0929,0.24494,2.136,6.6145,9.9495,2041.8276,2055.6276
Gabo-13,2056.0284,12.5251,30.3596,0.245038,2.1479,6.796,9.7712,2041.9799,2055.7799
Gabo-13,2056.1808,12.5326,31.3433,0.253863,2.1545,6.9453,9.5857,2042.1323,2055.9323
Gabo-13,2056.3332,12.5343,33.6413,0.267238,2.1538,6.9704,9.4228,2042.2846,2056.0846
Gabo-13,2056.4856,12.5645,35.2446,0.268282,2.1502,6.8887,9.2914,2042.437,2056.237
Gabo-13,2056.638,12.6042,36.2023,0.25785,2.1489,6.7418,9.22,2042.5893,2056.3893
Gabo-13,2056.7904,12.6304,37.3871,0.250609,2.1514,6.5692,9.185,2042.7417,2056.5417
Gabo-13,2056.9428,12.6269,40.0952,0.252359,2.1564,6.4365,9.1162,2042.894,2056.694
Gabo-13,2057.0952,12.5891,45.3188,0.247026,2.1629,6.3695,9.0456,2043.0464,2056.8464
Gabo-13,2057.2476,12.5556,49.9026,0.235068,2.1702,6.3764,9.085,2043.1987,2056.9987
Gabo-13,2057.4,12.539,51.5439,0.229614,2.1784,6.4618,9.2141,2043.3511,2057.1511
Gabo-13,2057.5524,12.5268,48.8981,0.239654,2.187,6.6129,9.3106,2043.5034,2057.3034
Gabo-13,2057.7048,12.4902,42.5949,0.258837,2.1904,6.7788,9.3639,2043.6558,2057.4558
Gabo-13,2057.8572,12.4544,36.5117,0.267594,2.1885,6.8975,9.4057,2043.8081,2057.6081
Gabo-13,2058.0096,12.4195,32.7038,0.259542,2.1893,6.9701,9.4061,2043.9605,2057.7605
Gabo-13,2058.162,12.3646,31.9248,0.245938,2.199,7.0225,9.3292,2044.1128,2057.9128
Gabo-13,2058.3144,12.2497,31.5584,0.245017,2.2086,7.0194,9.2393,2044.2652,2058.0652
Gabo-13,2058.4668,12.1685,34.6269,0.25719,2.2047,6.9247,9.2493,2044.4175,2058.2175
Gabo-13,2058.6192,12.1432,41.7794,0.275902,2.1866,6.7707,9.4007,2044.5699,2058.3699
Gabo-13,2058.7716,12.1516,51.527,0.300282,2.1648,6.6014,9.5507,2044.7222,2058.5222
Gabo-13,2058.924,12.156,58.6462,0.335872,2.1511,6.4075,9.4193,2044.8745,2058.6745
Gabo-13,2059.0764,12.1534,59.4093,0.377961,2.1401,6.1647,9.1545,2045.0269,2058.8269
Gabo-13,2059.2288,12.1522,58.1573,0.397087,2.1242,5.9059,8.9301,2045.1792,2058.9792
Gabo-13,2059.3812,12.1549,58.5522,0.380999,2.1045,5.7055,8.7385,2045.3316,2059.1316
Gabo-13,2059.5336,12.156,59.8402,0.356041,2.0903,5.6253,8.5616,2045.4839,2059.2839
Gabo-13,2059.686,12.156,60.1014,0.336713,2.0882,5.6172,8.4803,2045.6363,2059.4363
Gabo-13,2059.8384,12.1557,59.9327,0.326955,2.0915,5.6392,8.4701,2045.7886,2059.5886
Gabo-13,2059.9908,12.1548,59.7276,0.332507,2.0915,5.6886,8.4273,2045.941,2059.741
Gabo-13,2060.1432,12.1529,58.6851,0.35163,2.0847,5.7476,8.3589,2046.0933,2059.8933
Gabo-13,2060.2956,12.1516,55.6951,0.365835,2.074,5.7636,8.4726,2046.2457,2060.0457
Gabo-13,2060.448,12.153,51.9815,0.375933,2.0654,5.7309,8.6581,2046.398,2060.198
Gabo-13,2060.6004,12.1589,49.7638,0.380885,2.0617,5.6575,8.7429,2046.5504,2060.3504
Gabo-13,2060.7528,12.1708,51.9812,0.371522,2.0618,5.5495,8.7342,2046.7027,2060.5027
Gabo-13,2060.9052,12.169,57.46,0.358168,2.0629,5.4536,8.7105,2046.855,2060.655
Gabo-13,2061.0576,12.1619,60.4494,0.348629,2.062,5.3965,8.6439,2047.0074,2060.8074
Gabo-13,2061.21,12.1601,60.7305,0.346048,2.0605,5.369,8.5449,2047.1597,2060.9597
Gabo-13,2061.3624,12.1687,60.8274,0.3502,2.0616,5.3548,8.4957,2047.3121,2061.1121
Gabo-13,2061.5148,12.172,60.1784,0.349724,2.0636,5.3508,8.5381,2047.4644,2061.2644
Gabo-13,2061.6672,12.1831,58.9243,0.340415,2.0638,5.3743,8.6006,2047.6168,2061.4168
Gabo-13,2061.8196,12.2059,56.8843,0.32523,2.0642,5.4617,8.5763,2047.7691,2061.5691
Gabo-13,2061.972,12.234,53.5982,0.31389,2.0686,5.621,8.5173,2047.9215,2061.7215
Gabo-13,2062.1244,12.242,48.6417,0.319628,2.077,5.7881,8.6548,2048.0738,2061.8738
Gabo-13,2062.2768,12.2476,43.224,0.325329,2.0848,5.9129,8.8434,2048.2262,2062.0262
Gabo-13,2062.4292,12.2734,38.5653,0.311676,2.0908,6.0123,8.8748,2048.3785,2062.1785
Gabo-13,2062.5816,12.3203,35.5016,0.284286,2.0973,6.1095,8.7568,2048.5308,2062.3308
Gabo-13,2062.734,12.3474,35.498,0.267124,2.1078,6.1927,8.5966,2048.6832,2062.4832
Gabo-13,2062.8864,12.3877,35.001,0.26172,2.1222,6.2404,8.3369,2048.8355,2062.6355
Gabo-13,2063.0388,12.4301,32.9909,0.258538,2.1354,6.2522,7.9845,2048.9879,2062.7879
Gabo-13,2063.1912,12.4807,30.5926,0.253553,2.1433,6.2482,7.6262,2049.1402,2062.9402
Gabo-13,2063.3436,12.6078,30.2641,0.244852,2.1462,6.276,7.2773,2049.2926,2063.0926
Gabo-13,2063.496,12.8669,36.2589,0.229023,2.147,6.3916,6.8028,2049.4449,2063.2449
Gabo-13,2063.6484,13.2926,47.0825,0.209905,2.1501,6.5692,6.1921,2049.5973,2063.3973
Gabo-13,2063.8008,13.7275,60.7001,0.195236,2.1601,6.7439,5.508,2049.7496,2063.5496
Gabo-13,2063.9532,13.8438,75.7137,0.192042,2.1819,6.8492,4.7649,2049.9019,2063.7019
Gabo-13,2064.1056,13.6552,88.6695,0.207105,2.2213,6.8363,3.923,2050.0543,2063.8543
Gabo-13,2064.258,13.435,98.9224,0.247158,2.2809,6.7309,3.0198,2050.2066,2064.0066
Gabo-13,2064.4104,13.2964,107.4203,0.302386,2.3474,6.5541,2.2482,2050.359,2064.159
Gabo-13,2064.5628,13.2636,114.9647,0.350427,2.3902,6.3002,1.7062,2050.5113,2064.3113
Gabo-13,2064.7152,13.2624,114.3715,0.373074,2.3784,5.9898,1.1547,2050.6637,2064.4637
Gabo-13,2064.8676,13.303,109.2265,0.37111,2.3313,5.6975,0.6187,2050.816,2064.616
Gabo-13,2065.02,13.3782,106.3056,0.358732,2.2855,5.4946,0.2387,2050.9683,2064.7683
Gabo-13,2065.1724,13.4669,109.0279,0.354943,2.2624,5.4195,0.0303,2051.1207,2064.9207
Gabo-13,2065.3248,13.5765,109.6613,0.374155,2.2633,5.4656,-0.1521,2051.273,2065.073
Gabo-13,2065.4772,13.6706,106.5988,0.396598,2.274,5.5724,-0.4926,2051.4254,2065.2254
Gabo-13,2065.6296,13.6696,102.2675,0.391883,2.2884,5.6913,-0.8369,2051.5777,2065.3777
Gabo-13,2065.782,13.5566,98.1521,0.356422,2.3048,5.8054,-0.7811,2051.7301,2065.5301
Gabo-13,2065.9344,13.4769,94.9306,0.317041,2.3125,5.9108,-0.0358,2051.8824,2065.6824
Gabo-13,2066.0868,13.6401,91.1207,0.288031,2.3019,5.9992,0.9742,2052.0348,2065.8348
Gabo-13,2066.2392,13.8231,88.9355,0.270727,2.2769,6.0584,1.8566,2052.1871,2065.9871
Gabo-13,2066.3916,13.9455,87.35,0.26893,2.2445,6.092,2.5383,2052.3394,2066.1394
Gabo-13,2066.544,14.2465,78.6287,0.288796,2.2126,6.1144,3.0649,2052.4918,2066.2918
Gabo-13,2066.6964,14.2417,68.2055,0.326245,2.1951,6.1215,3.5437,2052.6441,2066.4441
Gabo-13,2066.8488,13.7402,58.9434,0.365278,2.1916,6.1199,4.0579,2052.7965,2066.5965
Gabo-13,2067.0012,13.0407,51.0516,0.386811,2.1912,6.1132,4.5786,2052.9488,2066.7488
Gabo-13,2067.1536,12.6939,45.1016,0.375108,2.183,6.093,5.0547,2053.1011,2066.9011
Gabo-13,2067.306,12.5623,42.6235,0.335604,2.1657,6.056,5.5762,2053.2535,2067.0535
Gabo-13,2067.4584,12.4507,41.6402,0.297081,2.1481,6.0031,6.1426,2053.4058,2067.2058
Gabo-13,2067.6108,12.3607,39.8831,0.275839,2.1369,5.9442,6.5231,2053.5582,2067.3582
Gabo-13,2067.7632,12.3354,35.8037,0.269744,2.1329,5.8913,6.563,2053.7105,2067.5105
Gabo-13,2067.9156,12.3386,33.1935,0.268861,2.1323,5.8399,6.5194,2053.8629,2067.6629
Gabo-13,2068.068,12.3395,33.7686,0.267609,2.1319,5.7768,6.5198,2054.0152,2067.8152
Gabo-13,2068.2204,12.3437,35.5062,0.261322,2.1324,5.7011,6.5066,2054.1675,2067.9675
Gabo-13,2068.3728,12.3585,36.658,0.248121,2.1354,5.6186,6.4812,2054.3199,2068.1199
Gabo-13,2068.5252,12.359,39.6087,0.237151,2.1379,5.5325,6.5531,2054.4722,2068.2722
Gabo-13,2068.6776,12.3464,42.5921,0.241182,2.1343,5.4465,6.6852,2054.6246,2068.4246
Gabo-13,2068.83,12.3363,45.3013,0.258436,2.1261,5.3647,6.7266,2054.7769,2068.5769
Gabo-13,2068.9824,12.3351,47.7949,0.276291,2.1165,5.2956,6.662,2054.9292,2068.7292
Gabo-13,2069.1348,12.3333,47.7772,0.282833,2.1059,5.2565,6.6372,2055.0816,2068.8816
Gabo-13,2069.2872,12.3728,45.7913,0.285887,2.099,5.2576,6.631,2055.2339,2069.0339
Gabo-13,2069.4396,12.4714,43.8731,0.29814,2.0979,5.2902,6.5756,2055.3863,2069.1863
Gabo-13,2069.592,12.5864,42.8704,0.316332,2.1005,5.3397,6.4942,2055.5386,2069.3386
Gabo-13,2069.7444,12.5954,42.7484,0.324222,2.1034,5.3992,6.4332,2055.691,2069.491
Gabo-13,2069.8968,12.5571,42.4088,0.316759,2.1055,5.4844,6.3455,2055.8433,2069.6433
Gabo-13,2070.0492,12.5369,41.5404,0.302618,2.1093,5.6048,6.2483,2055.9956,2069.7956
Gabo-13,2070.2016,12.5354,40.1081,0.293378,2.1155,5.7447,6.2447,2056.148,2069.948
Gabo-13,2070.354,12.529,37.976,0.295044,2.121,5.8609,6.3963,2056.3003,2070.1003
Gabo-13,2070.5064,12.5261,38.3932,0.299052,2.1238,5.9091,6.551,2056.4527,2070.2527
Gabo-13,2070.6588,12.5278,40.6505,0.29973,2.1296,5.9244,6.549,2056.605,2070.405
Gabo-13,2070.8112,12.5109,42.3809,0.294167,2.1402,5.9447,6.4963,2056.7573,2070.5573
Gabo-13,2070.9636,12.4506,41.5953,0.27825,2.1515,5.9667,6.5192,2056.9097,2070.7097
Gabo-13,2071.116,12.4352,40.8041,0.254173,2.1596,5.9586,6.4388,2057.062,2070.862
Gabo-13,2071.2684,12.4353,41.6663,0.237493,2.1666,5.9057,6.213,2057.2144,2071.0144
Gabo-13,2071.4208,12.4593,43.6771,0.237705,2.1713,5.8194,5.9643,2057.3667,2071.1667
Gabo-13,2071.5732,12.5317,45.9749,0.257048,2.1658,5.7146,5.7711,2057.519,2071.319
Gabo-13,2071.7256,12.5899,46.9927,0.290533,2.1424,5.6028,5.5953,2057.6714,2071.4714
Gabo-13,2071.878,12.6137,49.4869,0.314294,2.1124,5.5033,5.4086,2057.8237,2071.6237
Gabo-13,2072.0304,12.6505,52.5013,0.319664,2.0886,5.4303,5.3584,2057.9761,2071.7761
Gabo-13,2072.1828,12.7223,54.0322,0.311499,2.0764,5.3874,5.476,2058.1284,2071.9284
Gabo-13,2072.3352,12.7796,52.167,0.297721,2.0766,5.3697,5.5446,2058.2807,2072.0807
Gabo-13,2072.4876,12.806,52.784,0.294017,2.0831,5.3608,5.5476,2058.4331,2072.2331
Gabo-13,2072.64,12.7845,55.3857,0.302577,2.089,5.3479,5.6071,2058.5854,2072.3854
Gabo-13,2072.7924,12.7303,58.253,0.314917,2.0923,5.3279,5.6803,2058.7378,2072.5378
Gabo-13,2072.9448,12.7152,61.2282,0.323214,2.0934,5.3025,5.6277,2058.8901,2072.6901
Gabo-13,2073.0972,12.7407,60.8054,0.328168,2.0928,5.2748,5.583,2059.0424,2072.8424
Gabo-13,2073.2496,12.7708,57.8716,0.333918,2.0913,5.2488,5.6857,2059.1948,2072.9948
Gabo-13,2073.402,12.7771,54.4017,0.334004,2.0882,5.229,5.8145,2059.3471,2073.1471
Gabo-13,2073.5544,12.7301,52.1498,0.321308,2.0832,5.2214,5.7413,2059.4994,2073.2994
Gabo-13,2073.7068,12.6785,52.8721,0.312203,2.0787,5.2286,5.4874,2059.6518,2073.4518
Gabo-13,2073.8592,12.6121,55.7143,0.316913,2.0776,5.2423,5.2628,2059.8041,2073.6041
Gabo-13,2074.0116,12.5332,58.3381,0.326961,2.0799,5.252,5.1003,2059.9565,2073.7565
Gabo-13,2074.164,12.4633,58.3083,0.335574,2.0816,5.2478,4.9125,2060.1088,2073.9088
Gabo-13,2074.3164,12.4479,53.8524,0.352699,2.0766,5.2169,4.7397,2060.2611,2074.0611
Gabo-13,2074.4688,12.465,50.9217,0.376923,2.0654,5.1626,4.7105,2060.4135,2074.2135
Gabo-13,2074.6212,12.5147,50.9453,0.400323,2.053,5.1324,4.7659,2060.5658,2074.3658
Gabo-13,2074.7736,12.5996,52.6427,0.418581,2.0456,5.2699,4.7577,2060.7182,2074.5182
Gabo-13,2074.926,12.63,53.3457,0.428666,2.0501,5.8721,4.6659,2060.8705,2074.6705
Gabo-13,2075.0784,12.6671,52.9381,0.430122,2.0608,7.0426,4.6165,2061.0228,2074.8228
Gabo-13,2075.2308,12.7073,52.0905,0.431027,2.0667,8.395,4.5881,2061.1752,2074.9752
Gabo-13,2075.3832,12.7244,51.4443,0.418592,2.0727,9.421,4.4921,2061.3275,2075.1275
Gabo-13,2075.5356,12.727,52.6465,0.366973,2.1043,9.828,4.3289,2061.4798,2075.2798
Gabo-13,2075.688,12.687,53.7804,0.323915,2.1629,9.8122,4.1336,2061.6322,2075.4322
Gabo-13,2075.8404,12.6451,53.0981,0.331657,2.2125,9.5697,3.8589,2061.7845,2075.5845
Gabo-13,2075.9928,12.6343,51.4287,0.379224,2.2247,9.0257,3.6054,2061.9368,2075.7368
Gabo-13,2076.1452,12.6628,52.3078,0.424263,2.1967,8.0463,3.6021,2062.0892,2075.8892
Gabo-13,2076.2976,12.6498,57.0642,0.43664,2.1515,6.9051,3.723,2062.2415,2076.0415
Gabo-13,2076.45,12.5983,63.98,0.425371,2.1128,6.0668,3.7087,2062.3939,2076.1939
Gabo-13,2076.6024,12.5449,71.0162,0.410282,2.0944,5.7059,3.4773,2062.5462,2076.3462
Gabo-13,2076.7548,12.5274,75.9391,0.40007,2.1017,5.7119,3.0771,2062.6985,2076.4985
Gabo-13,2076.9072,12.5206,80.8646,0.38382,2.1264,5.8569,2.6206,2062.8509,2076.6509
Gabo-13,2077.0596,12.5517,83.8617,0.354928,2.16,5.9819,2.3021,2063.0032,2076.8032
Gabo-13,2077.212,12.6118,81.5269,0.325598,2.2005,6.0322,2.2575,2063.1555,2076.9555
Gabo-13,2077.3644,12.6634,71.4216,0.313064,2.2429,5.9957,2.5106,2063.3079,2077.1079
Gabo-13,2077.5168,12.5911,60.8519,0.320307,2.2683,5.8758,2.9081,2063.4602,2077.2602
Gabo-13,2077.6692,12.4922,53.6768,0.334496,2.2612,5.6983,3.2062,2063.6125,2077.4125
Gabo-13,2077.8216,12.4345,50.6534,0.345448,2.2266,5.5022,3.5095,2063.7649,2077.5649
Gabo-13,2077.974,12.4294,51.5309,0.352447,2.1821,5.3233,3.9558,2063.9172,2077.7172
Gabo-13,2078.1264,12.4543,51.2167,0.361237,2.148,5.1869,4.3117,2064.0695,2077.8695
Gabo-13,2078.2788,12.5228,50.0248,0.370887,2.1261,5.1021,4.4222,2064.2219,2078.0219
Gabo-13,2078.4312,12.619,50.3948,0.374306,2.1116,5.0691,4.4282,2064.3742,2078.1742
Gabo-13,2078.5836,12.7253,52.8214,0.368309,2.1025,5.0969,4.4547,2064.5266,2078.3266
Gabo-13,2078.736,12.8418,54.5373,0.362884,2.0975,5.1907,4.4637,2064.6789,2078.4789
Gabo-13,2078.8884,12.8891,53.1623,0.376765,2.0951,5.3066,4.4392,2064.8312,2078.6312
Gabo-13,2079.0408,12.8962,48.8406,0.398505,2.0976,5.412,4.4915,2064.9836,2078.7836
Gabo-13,2079.1932,12.8991,43.6061,0.398397,2.1124,5.504,4.7007,2065.1359,2078.9359
Gabo-13,2079.3456,12.906,41.9828,0.36456,2.1402,5.5942,4.9557,2065.2882,2079.0882
Gabo-13,2079.498,12.9068,41.7631,0.334433,2.1588,5.6987,4.9841,2065.4406,2079.2406
Gabo-13,2079.6504,12.7594,41.2275,0.316487,2.1608,5.7952,4.911,2065.5929,2079.3929
Gabo-13,2079.8028,12.5166,40.2919,0.295424,2.1529,5.8586,4.8918,2065.7452,2079.5452
Gabo-13,2079.9552,12.3875,39.078,0.267152,2.144,5.899,4.8917,2065.8976,2079.6976
Gabo-13,2080.1076,12.4305,38.7714,0.245777,2.1446,5.9634,4.8794,2066.0499,2079.8499
Gabo-13,2080.26,12.5307,39.8456,0.233976,2.1568,6.0487,4.862,2066.2022,2080.0022
Gabo-13,2080.4124,12.6106,42.4657,0.225316,2.1731,6.1375,4.7874,2066.3546,2080.1546
Gabo-13,2080.5648,12.6309,46.766,0.214471,2.1843,6.2125,4.5848,2066.5069,2080.3069
Gabo-13,2080.7172,12.6511,52.1686,0.200367,2.1879,6.2333,4.297,2066.6592,2080.4592
Gabo-13,2080.8696,12.8083,54.8768,0.189404,2.1901,6.1987,4.0702,2066.8116,2080.6116
Gabo-13,2081.022,13.078,55.181,0.186382,2.1945,6.1209,3.9162,2066.9639,2080.7639
Gabo-13,2081.1744,13.3896,55.7136,0.19535,2.2021,5.9998,3.7563,2067.1162,2080.9162
Gabo-13,2081.3268,13.6744,64.9532,0.227795,2.2126,5.838,3.5767,2067.2686,2081.0686
Gabo-13,2081.4792,13.8788,75.2754,0.290764,2.2163,5.6668,3.4587,2067.4209,2081.2209
Gabo-13,2081.6316,13.9878,80.7639,0.360094,2.2068,5.5147,3.3787,2067.5732,2081.3732
Gabo-13,2081.784,13.9953,81.9172,0.401705,2.1857,5.3952,3.2664,2067.7256,2081.5256
Gabo-13,2081.9364,13.8813,86.4992,0.399453,2.1593,5.3148,3.1471,2067.8779,2081.6779
Gabo-13,2082.0888,13.6348,90.8829,0.379072,2.1326,5.2749,3.1209,2068.0302,2081.8302
Gabo-13,2082.2412,13.3794,94.7562,0.366574,2.1107,5.273,3.0673,2068.1825,2081.9825
Gabo-13,2082.3936,13.1826,98.9634,0.374183,2.0979,5.3088,2.7356,2068.3349,2082.1349
Gabo-13,2082.546,13.0418,102.6486,0.396845,2.0957,5.3724,2.0102,2068.4872,2082.2872
Gabo-13,2082.6984,13.0532,106.1122,0.398092,2.1024,5.4221,1.1727,2068.6395,2082.4395
Gabo-13,2082.8508,13.1462,107.6162,0.377429,2.12,5.4249,0.3793,2068.7919,2082.5919
Gabo-13,2083.0032,13.2561,109.3941,0.359764,2.1577,5.371,-0.3006,2068.9442,2082.7442
Gabo-13,2083.1556,13.3555,116.9802,0.365481,2.2218,5.272,-0.7016,2069.0965,2082.8965
Gabo-13,2083.308,13.375,125.4864,0.393001,2.2958,5.1739,-0.7561,2069.2489,2083.0489
Gabo-13,2083.4604,13.367,129.7337,0.412508,2.3524,5.1149,-0.7833,2069.4012,2083.2012
Gabo-13,2083.6128,13.3387,129.685,0.410461,2.379,5.1016,-0.9202,2069.5535,2083.3535
Gabo-13,2083.7652,13.2654,126.8214,0.393193,2.3764,5.1275,-1.0064,2069.7059,2083.5059
Gabo-13,2083.9176,13.2154,123.6084,0.373226,2.3556,5.1843,-0.881,2069.8582,2083.6582
Gabo-13,2084.07,13.1633,123.9052,0.369117,2.3385,5.2579,-0.692,2070.0105,2083.8105
Gabo-13,2084.2224,13.0965,129.0733,0.382131,2.3401,5.3496,-0.5995,2070.1628,2083.9628
Gabo-13,2084.3748,13.0272,138.2897,0.397283,2.3507,5.4582,-0.5908,2070.3152,2084.1152
Gabo-13,2084.5272,12.9966,144.1895,0.399311,2.3327,5.5525,-0.5691,2070.4675,2084.2675
Gabo-13,2084.6796,13.019,145.1538,0.396112,2.2749,5.6041,-0.6167,2070.6198,2084.4198
Gabo-13,2084.832,13.0589,142.0182,0.398835,2.2076,5.611,-0.7949,2070.7722,2084.5722
Gabo-13,2084.9844,13.1,135.7206,0.406129,2.1648,5.5941,-1.0441,2070.9245,2084.7245
Gabo-13,2085.1368,13.1753,128.9198,0.407743,2.162,5.5917,-1.303,2071.0768,2084.8768
Gabo-13,2085.2892,13.2043,120.0583,0.401155,2.1829,5.6161,-1.6951,2071.2292,2085.0292
Gabo-13,2085.4416,13.1684,112.3901,0.393375,2.2077,5.6346,-2.3076,2071.3815,2085.1815
Gabo-13,2085.594,13.0997,110.179,0.389977,2.2276,5.6161,-3.1236,2071.5338,2085.3338
Gabo-13,2085.7464,13.0575,118.6155,0.386621,2.2393,5.558,-3.9596,2071.6861,2085.4861
Gabo-13,2085.8988,12.9925,124.9275,0.369665,2.2427,5.4907,-4.3258,2071.8385,2085.6385
Gabo-13,2086.0512,12.934,126.3842,0.349653,2.2442,5.4413,-4.0331,2071.9908,2085.7908
Gabo-13,2086.2036,12.9078,127.04,0.347018,2.2465,5.4125,-3.4851,2072.1431,2085.9431
Gabo-13,2086.356,12.9159,131.8259,0.366221,2.2451,5.3942,-3.2806,2072.2955,2086.0955
Gabo-13,2086.5084,12.9247,130.9943,0.381403,2.2342,5.38,-3.4844,2072.4478,2086.2478
Gabo-13,2086.6608,12.9491,125.9607,0.378777,2.2215,5.3695,-3.6312,2072.6001,2086.4001
Gabo-13,2086.8132,12.9758,122.0153,0.363881,2.2155,5.362,-3.4016,2072.7524,2086.5524
Gabo-13,2086.9656,12.9767,122.7237,0.349772,2.2171,5.353,-2.9453,2072.9048,2086.7048
Gabo-13,2087.118,12.9799,123.6924,0.353708,2.2214,5.3342,-2.7942,2073.0571,2086.8571
Gabo-13,2087.2704,12.9859,124.0373,0.376021,2.2305,5.3032,-2.8147,2073.2094,2087.0094
Gabo-13,2087.4228,12.9921,123.5687,0.396198,2.2442,5.2612,-2.8097,2073.3617,2087.1617
Gabo-13,2087.5752,12.9988,121.9747,0.395213,2.2609,5.2085,-2.815,2073.5141,2087.3141
Gabo-13,2087.7276,12.9918,121.0313,0.378739,2.2821,5.1466,-2.8434,2073.6664,2087.4664
Gabo-13,2087.88,12.9884,119.2018,0.376219,2.3029,5.081,-2.8332,2073.8187,2087.6187
Gabo-13,2088.0324,12.9909,117.7523,0.385091,2.3145,5.0117,-2.706,2073.9711,2087.7711
Gabo-13,2088.1848,13.0019,118.5036,0.386768,2.314,4.9339,-2.5538,2074.1234,2087.9234
Gabo-13,2088.3372,13.0499,123.0092,0.380205,2.3068,4.8398,-2.5544,2074.2757,2088.0757
Gabo-13,2088.4896,13.108,126.4838,0.386502,2.3035,4.721,-2.4792,2074.428,2088.228
Gabo-13,2088.642,13.1721,126.928,0.413004,2.3093,4.5816,-2.2512,2074.5804,2088.3804
Gabo-13,2088.7944,13.2382,124.5778,0.447925,2.3245,4.4301,-1.9674,2074.7327,2088.5327
Gabo-13,2088.9468,13.2818,120.051,0.47147,2.3453,4.2787,-1.6422,2074.885,2088.685
Gabo-13,2089.0992,13.3163,122.418,0.471532,2.3618,4.1487,-1.2331,2075.0373,2088.8373
Gabo-13,2089.2516,13.373,124.545,0.455679,2.3663,4.0491,-0.8943,2075.1897,2088.9897
Gabo-13,2089.404,13.4274,121.7583,0.445536,2.3607,3.9813,-0.7798,2075.342,2089.142
Gabo-13,2089.5564,13.4203,114.1942,0.455082,2.3519,3.9448,-0.8195,2075.4943,2089.2943
Gabo-13,2089.7088,13.4465,109.6123,0.471934,2.3438,3.9269,-0.7262,2075.6466,2089.4466
Gabo-13,2089.8612,13.5175,109.5443,0.507503,2.3372,3.9082,-0.5932,2075.799,2089.599
Gabo-13,2090.0136,13.5942,110.9515,0.568218,2.3329,3.8754,-0.5293,2075.9513,2089.7513
Gabo-13,2090.166,13.6454,110.9176,0.617915,2.3291,3.8191,-0.4496,2076.1036,2089.9036
Gabo-13,2090.3184,13.6978,112.6889,0.594186,2.3199,3.7348,-0.2784,2076.2559,2090.0559
Gabo-13,2090.4708,13.6014,111.2089,0.538231,2.31,3.6412,-0.1547,2076.4083,2090.2083
Gabo-13,2090.6232,13.5013,107.3178,0.513692,2.3003,3.5668,-0.1534,2076.5606,2090.3606
Gabo-13,2090.7756,13.6033,104.7826,0.546628,2.2838,3.5435,-0.3073,2076.7129,2090.5129
Gabo-13,2090.928,14.0545,109.1679,0.616546,2.2555,3.6039,-0.6601,2076.8652,2090.6652
Gabo-13,2091.0804,14.1765,118.0707,0.645449,2.2255,3.7339,-1.0293,2077.0175,2090.8175
Gabo-13,2091.2328,13.9405,125.2426,0.615032,2.2064,3.8924,-1.4565,2077.1699,2090.9699
Gabo-13,2091.3852,13.592,127.5784,0.552087,2.2095,4.0457,-1.9393,2077.3222,2091.1222
Gabo-13,2091.5376,13.4549,125.2545,0.484834,2.2432,4.1667,-2.2121,2077.4745,2091.2745
Gabo-13,2091.69,13.3986,120.8266,0.446952,2.2909,4.2365,-2.2965,2077.6268,2091.4268
Gabo-13,2091.8424,13.3612,119.8687,0.448593,2.3271,4.2455,-2.2669,2077.7792,2091.5792
Gabo-13,2091.9948,13.3337,122.0212,0.469799,2.3391,4.1821,-2.0737,2077.9315,2091.7315
Gabo-13,2092.1472,13.2585,120.0283,0.48586,2.329,4.0418,-1.6976,2078.0838,2091.8838
Gabo-13,2092.2996,12.9785,114.4363,0.505077,2.3126,3.8621,-1.3205,2078.2361,2092.0361
Gabo-13,2092.452,12.9391,108.8201,0.530469,2.2984,3.6815,-1.0334,2078.3885,2092.1885
Gabo-13,2092.6044,13.339,104.1892,0.55788,2.2847,3.5199,-0.716,2078.5408,2092.3408
Gabo-13,2092.7568,14.132,100.4003,0.614064,2.2678,3.3863,-0.3013,2078.6931,2092.4931
Gabo-13,2092.9092,14.8123,99.3555,0.739408,2.248,3.2778,-0.0431,2078.8454,2092.6454
Gabo-13,2093.0616,14.9676,100.0632,0.821161,2.2281,3.1921,0.0512,2078.9977,2092.7977
Gabo-13,2093.214,14.6975,101.336,0.772811,2.2145,3.1301,0.1084,2079.1501,2092.9501
Gabo-13,2093.3664,14.2593,102.4817,0.647044,2.2128,3.0944,0.1401,2079.3024,2093.1024
Gabo-13,2093.5188,14.0291,102.5554,0.590876,2.2211,3.0868,0.0741,2079.4547,2093.2547
Gabo-13,2093.6712,13.9119,103.2069,0.597278,2.2331,3.0958,0.015,2079.607,2093.407
Gabo-13,2093.8236,13.8581,108.3239,0.593577,2.2433,3.11,0.0869,2079.7593,2093.5593
Gabo-13,2093.976,13.8508,118.6238,0.563661,2.2492,3.1286,0.2102,2079.9117,2093.7117
Gabo-13,2094.1284,13.5903,120.0368,0.54265,2.2517,3.1872,0.1026,2080.064,2093.864
Gabo-13,2094.2808,13.5337,113.6749,0.539842,2.2524,3.4004,-0.2438,2080.2163,2094.0163
Gabo-13,2094.4332,13.5629,105.4864,0.556096,2.2474,3.8999,-0.6494,2080.3686,2094.1686
Gabo-13,2094.5856,13.4768,98.1671,0.560605,2.2377,4.8248,-1.1296,2080.5209,2094.3209
Gabo-13,2094.738,13.3588,93.0751,0.490496,2.2383,6.2848,-1.879,2080.6733,2094.4733
Gabo-13,2094.8904,13.2154,87.6235,0.377231,2.2683,8.1639,-2.781,2080.8256,2094.6256
Gabo-13,2095.0428,13.0905,82.9327,0.293643,2.3272,10.3514,-3.6265,2080.9779,2094.7779
Gabo-13,2095.1952,13.0316,80.0207,0.262116,2.3933,12.8302,-4.3356,2081.1302,2094.9302
Gabo-13,2095.3476,13.0807,78.484,0.251143,2.4319,15.4055,-4.9165,2081.2825,2095.0825
Gabo-13,2095.5,12.9547,73.3399,0.21626,2.4262,17.4501,-5.399,2081.4349,2095.2349
Gabo-13,2095.6524,12.7191,68.5132,0.170282,2.405,18.7453,-5.7422,2081.5872,2095.3872
Gabo-13,2095.8048,12.516,67.082,0.148317,2.3995,19.4964,-5.9774,2081.7395,2095.5395
Gabo-13,2095.9572,12.4498,69.8704,0.169994,2.4075,19.9189,-6.2116,2081.8918,2095.6918
Gabo-13,2096.1096,12.4369,73.1281,0.218582,2.3826,19.9335,-6.4711,2082.0441,2095.8441
Gabo-13,2096.262,12.4315,72.9597,0.246632,2.3193,19.3099,-6.7166,2082.1964,2095.9964
Gabo-13,2096.4144,12.4307,70.498,0.228707,2.2595,18.1196,-6.973,2082.3488,2096.1488
Gabo-13,2096.5668,12.4325,68.6246,0.182477,2.2512,16.6917,-7.2441,2082.5011,2096.3011
Gabo-13,2096.7192,12.4354,73.4622,0.163192,2.3093,15.3231,-7.3708,2082.6534,2096.4534
Gabo-13,2096.8716,12.4294,80.1043,0.182254,2.3753,13.9307,-7.3137,2082.8057,2096.6057
Gabo-13,2097.024,12.445,85.6187,0.217501,2.388,12.4275,-7.3623,2082.958,2096.758
Gabo-13,2097.1764,12.5073,89.8558,0.255927,2.3348,10.9358,-7.6974,2083.1104,2096.9104
Gabo-13,2097.3288,12.584,93.543,0.29775,2.2594,9.743,-8.0889,2083.2627,2097.0627
Gabo-13,2097.4812,12.6182,96.5222,0.330099,2.2095,9.0079,-8.4109,2083.415,2097.215
Gabo-13,2097.6336,12.6379,97.4411,0.337701,2.1857,8.6418,-8.7771,2083.5673,2097.3673
Gabo-13,2097.786,12.6677,97.0026,0.319617,2.171,8.494,-9.2202,2083.7196,2097.5196
Gabo-13,2097.9384,12.6885,100.8942,0.297357,2.1605,8.4425,-9.6153,2083.8719,2097.6719
Gabo-13,2098.0908,12.7002,106.1716,0.303596,2.1641,8.4333,-9.9674,2084.0243,2097.8243
Gabo-13,2098.2432,12.7312,110.1494,0.331405,2.1784,8.4836,-10.381,2084.1766,2097.9766
Gabo-13,2098.3956,12.7965,112.48,0.352249,2.1882,8.6157,-10.8043,2084.3289,2098.1289
Gabo-13,2098.548,12.9,113.3535,0.348062,2.1849,8.813,-11.1473,2084.4812,2098.2812
Gabo-13,2098.7004,12.9684,109.3957,0.330433,2.1834,9.0036,-11.5452,2084.6335,2098.4335
Gabo-13,2098.8528,13.0127,104.5114,0.308765,2.1915,9.1362,-11.8048,2084.7858,2098.5858
Gabo-13,2099.0052,13.0624,103.3241,0.292309,2.2043,9.2165,-11.9279,2084.9381,2098.7381
Gabo-13,2099.1576,13.1379,109.5826,0.296466,2.215,9.2646,-12.1332,2085.0905,2098.8905
Gabo-13,2099.31,13.156,115.7206,0.324193,2.2214,9.2655,-12.3164,2085.2428,2099.0428
Gabo-13,2099.4624,13.1681,115.9896,0.353503,2.228,9.2038,-12.5282,2085.3951,2099.1951
Gabo-13,2099.6148,13.2065,113.3604,0.375234,2.2373,9.095,-12.8016,2085.5474,2099.3474
Gabo-13,2099.7672,13.2726,112.3016,0.392432,2.2454,8.9871,-13.029,2085.6997,2099.4997
Gabo-13,2099.9196,13.3885,109.6398,0.396746,2.2437,8.966,-13.0864,2085.852,2099.652
Gabo-13,2100.072,13.5005,107.6385,0.377603,2.2348,9.1062,-12.9261,2086.0043,2099.8043
Gabo-13,2100.2244,13.5795,105.985,0.347765,2.2296,9.4905,-12.7401,2086.1567,2099.9567
Gabo-13,2100.3768,13.6218,103.6895,0.330152,2.2307,10.2131,-12.6864,2086.309,2100.109
Gabo-13,2100.5292,13.6339,104.3338,0.332335,2.2298,11.2824,-12.7363,2086.4613,2100.2613
Gabo-13,2100.6816,13.6058,102.1297,0.32591,2.2331,12.4477,-12.9161,2086.6136,2100.4136
Gabo-13,2100.834,13.5824,95.8195,0.289821,2.2618,13.4928,-12.8967,2086.7659,2100.5659
Gabo-13,2100.9864,13.599,88.0095,0.236124,2.3257,14.2807,-12.583,2086.9182,2100.7182
Gabo-13,2101.1388,13.6656,84.8581,0.200164,2.4059,14.6502,-12.3183,2087.0705,2100.8705
Gabo-13,2101.2912,13.8568,83.5191,0.195815,2.4607,14.5054,-11.9351,2087.2228,2101.0228
Gabo-13,2101.4436,14.1395,81.6426,0.211206,2.4727,13.7686,-11.3858,2087.3752,2101.1752
Gabo-13,2101.596,14.4167,79.6102,0.236112,2.4525,12.4766,-10.8926,2087.5275,2101.3275
Gabo-13,2101.7484,14.5324,78.9473,0.27152,2.4214,10.9233,-10.6094,2087.6798,2101.4798
Gabo-13,2101.9008,14.4925,81.7296,0.323206,2.3935,9.6202,-10.406,2087.8321,2101.6321
Gabo-13,2102.0532,14.3734,85.6131,0.377473,2.3686,8.7125,-10.1607,2087.9844,2101.7844
Gabo-13,2102.2056,14.1547,88.2352,0.406263,2.3443,8.0755,-9.9217,2088.1367,2101.9367
Gabo-13,2102.358,13.7671,87.8897,0.395239,2.3203,7.5734,-9.757,2088.289,2102.089
Gabo-13,2102.5104,13.4738,90.1635,0.376316,2.2956,7.1283,-9.5341,2088.4413,2102.2413
Gabo-13,2102.6628,13.304,96.7714,0.375747,2.2755,6.7133,-9.0952,2088.5936,2102.3936
Gabo-13,2102.8152,13.212,103.963,0.385761,2.2658,6.3307,-8.571,2088.746,2102.546
Gabo-13,2102.9676,13.1777,107.6748,0.388219,2.2701,5.9943,-8.175,2088.8983,2102.6983
Gabo-13,2103.12,13.1976,108.6152,0.377995,2.289,5.712,-7.8446,2089.0506,2102.8506
Gabo-13,2103.2724,13.2575,111.4152,0.369114,2.3155,5.4594,-7.3388,2089.2029,2103.0029
Gabo-13,2103.4248,13.3419,115.2734,0.380511,2.3394,5.2115,-6.6233,2089.3552,2103.1552
Gabo-13,2103.5772,13.4327,117.9859,0.421968,2.3562,4.9575,-5.7782,2089.5075,2103.3075
Gabo-13,2103.7296,13.4683,118.0015,0.48432,2.368,4.6978,-4.8396,2089.6598,2103.4598
Gabo-13,2103.882,13.41,115.5465,0.543496,2.3731,4.4461,-3.8819,2089.8121,2103.6121
Gabo-13,2104.0344,13.3536,113.6845,0.594707,2.3602,4.2093,-3.0383,2089.9644,2103.7644
Gabo-13,2104.1868,13.3809,113.8563,0.649201,2.3235,3.9899,-2.4323,2090.1168,2103.9168
Gabo-13,2104.3392,13.5495,114.6383,0.710515,2.2742,3.7997,-2.066,2090.2691,2104.0691
Gabo-13,2104.4916,13.7546,114.7268,0.751284,2.2386,3.6642,-1.729,2090.4214,2104.2214
Gabo-13,2104.644,13.7894,115.8706,0.754001,2.227,3.611,-1.4863,2090.5737,2104.3737
Gabo-13,2104.7964,13.6313,117.4607,0.729861,2.2315,3.6786,-1.4825,2090.726,2104.526
Gabo-13,2104.9488,13.4224,115.6075,0.71003,2.2403,3.9419,-1.7428,2090.8783,2104.6783
Gabo-13,2105.1012,13.3156,110.179,0.710983,2.2527,4.4947,-2.3128,2091.0306,2104.8306
Gabo-13,2105.2536,13.3108,104.2903,0.685343,2.2714,5.3327,-3.2537,2091.183,2104.983
Gabo-13,2105.406,13.3568,98.1593,0.593649,2.2971,6.381,-4.4096,2091.3353,2105.1353
Gabo-13,2105.5584,13.3982,90.3178,0.455389,2.3253,7.5432,-5.3993,2091.4876,2105.2876
Gabo-13,2105.7108,13.3781,92.5249,0.35227,2.3422,8.7461,-5.9325,2091.6399,2105.4399
Gabo-13,2105.8632,13.3564,103.0395,0.312153,2.3398,10.0039,-6.3287,2091.7922,2105.5922
Gabo-13,2106.0156,13.3253,115.2068,0.314553,2.3254,11.2581,-6.8101,2091.9445,2105.7445
Gabo-13,2106.168,13.2461,123.7908,0.333467,2.3127,12.3279,-7.2922,2092.0969,2105.8969
Gabo-13,2106.3204,13.1526,124.0452,0.34577,2.3067,13.0179,-7.675,2092.2492,2106.0492
Gabo-13,2106.4728,13.1057,119.9318,0.347154,2.295,13.4268,-8.0229,2092.4015,2106.2015
Gabo-13,2106.6252,13.0984,114.7326,0.343733,2.2775,13.7274,-8.2983,2092.5538,2106.3538
Gabo-13,2106.7776,13.1079,108.9049,0.342542,2.2641,13.9854,-8.3941,2092.7061,2106.5061
Gabo-13,2106.93,13.1191,98.6047,0.349328,2.2584,14.1741,-8.355,2092.8585,2106.6585
Gabo-13,2107.0824,13.1045,93.3124,0.357894,2.2523,14.2438,-8.3838,2093.0108,2106.8108
Gabo-13,2107.2348,13.1036,93.7649,0.356388,2.2451,14.2048,-8.3882,2093.1631,2106.9631
Gabo-13,2107.3872,13.14,95.7228,0.342365,2.2433,14.1738,-8.252,2093.3154,2107.1154
Gabo-13,2107.5396,13.1873,91.7996,0.324138,2.251,14.3127,-8.0975,2093.4678,2107.2678
Gabo-13,2107.692,13.2661,84.8052,0.306111,2.2647,14.6321,-8.0219,2093.6201,2107.4201
Gabo-13,2107.8444,13.3765,79.7526,0.287262,2.2789,15.2759,-7.9325,2093.7724,2107.5724
Gabo-13,2107.9968,13.5004,77.1448,0.26971,2.2928,16.5201,-7.7817,2093.9247,2107.7247
Gabo-13,2108.1492,13.6097,74.5348,0.262442,2.3069,18.9283,-7.6345,2094.0771,2107.8771
Gabo-13,2108.3016,13.5773,64.7576,0.2741,2.3161,23.4575,-7.5035,2094.2294,2108.0294
Gabo-13,2108.454,13.3138,51.2257,0.292767,2.3129,30.2681,-7.302,2094.3817,2108.1817
Gabo-13,2108.6064,12.9443,39.1223,0.298087,2.2944,39.2376,-6.9634,2094.534,2108.334
Gabo-13,2108.7588,12.697,32.613,0.279011,2.2647,50.6131,-6.6088,2094.6864,2108.4864
Gabo-13,2108.9112,12.6791,33.6518,0.249362,2.2336,64.6902,-6.5751,2094.8387,2108.6387
Gabo-13,2109.0636,12.718,37.9225,0.23041,2.2077,80.472,-6.7097,2094.991,2108.791
Gabo-13,2109.216,12.7286,42.3341,0.227827,2.1864,96.9272,-6.7707,2095.1433,2108.9433
Gabo-13,2109.3684,12.6999,45.2745,0.234059,2.1663,113.5223,-6.7372,2095.2957,2109.0957
Gabo-13,2109.5208,12.6755,45.4279,0.238449,2.1457,129.6389,-6.6857,2095.448,2109.248
Gabo-13,2109.6732,12.6843,43.3509,0.243936,2.1281,144.2754,-6.5698,2095.6003,2109.4003
Gabo-13,2109.8256,12.7005,41.6767,0.252026,2.1154,156.5532,-6.4116,2095.7527,2109.5527
Gabo-13,2109.978,12.6956,42.2199,0.258532,2.1059,165.5587,-6.3071,2095.905,2109.705
Gabo-13,2110.1304,12.6485,44.4831,0.260396,2.0977,169.901,-6.2658,2096.0573,2109.8573
Gabo-13,2110.2828,12.5928,43.9957,0.259139,2.0926,168.5749,-6.1499,2096.2096,2110.0096
Gabo-13,2110.4352,12.5527,40.8913,0.254954,2.0941,161.2358,-5.9921,2096.362,2110.162
Gabo-13,2110.5876,12.5325,37.2307,0.248808,2.1036,148.1473,-5.9194,2096.5143,2110.3143
Gabo-13,2110.74,12.5262,36.4679,0.246692,2.1176,130.3012,-5.97,2096.6666,2110.4666
Gabo-13,2110.8924,12.5212,39.5718,0.254662,2.1277,109.2817,-6.0482,2096.819,2110.619
Gabo-13,2111.0448,12.5209,44.3145,0.268565,2.1307,86.9842,-6.107,2096.9713,2110.7713
Gabo-13,2111.1972,12.5352,48.7013,0.280744,2.1288,65.2928,-6.1361,2097.1236,2110.9236
Gabo-13,2111.3496,12.5786,50.7161,0.287656,2.1258,46.4571,-6.087,2097.276,2111.076
Gabo-13,2111.502,12.6098,52.1443,0.293696,2.1243,32.4767,-5.9179,2097.4283,2111.2283
Gabo-13,2111.6544,12.6438,54.2011,0.300266,2.1242,22.9311,-5.7404,2097.5806,2111.3806
Gabo-13,2111.8068,12.6881,54.079,0.302048,2.1256,16.7882,-5.7271,2097.733,2111.533
Gabo-13,2111.9592,12.7317,47.3624,0.294336,2.1301,13.416,-5.9192,2097.8853,2111.6853
Gabo-13,2112.1116,12.6915,42.2173,0.283088,2.1389,11.9699,-6.112,2098.0376,2111.8376
Gabo-13,2112.264,12.6445,40.9395,0.277972,2.1481,11.4764,-6.2942,2098.19,2111.99
Gabo-13,2112.4164,12.626,41.4689,0.281019,2.1544,11.3968,-6.4801,2098.3423,2112.1423
Gabo-13,2112.5688,12.6275,42.0439,0.288167,2.1572,11.5153,-6.5891,2098.4946,2112.2946
Gabo-13,2112.7212,12.6215,42.8805,0.291924,2.158,11.6907,-6.561,2098.647,2112.447
Gabo-13,2112.8736,12.6356,43.7778,0.286765,2.1589,11.845,-6.4867,2098.7993,2112.5993
Gabo-13,2113.026,12.6833,46.5395,0.277234,2.1616,11.963,-6.5399,2098.9517,2112.7517
Gabo-13,2113.1784,12.7472,52.4924,0.271162,2.1656,12.0445,-6.6393,2099.104,2112.904
Gabo-13,2113.3308,12.7253,59.9379,0.271632,2.1682,12.0827,-6.4445,2099.2563,2113.0563
Gabo-13,2113.4832,12.6646,61.2759,0.272927,2.1708,12.0855,-6.1669,2099.4087,2113.2087
Gabo-13,2113.6356,12.621,58.7773,0.2668,2.1738,12.0642,-6.0331,2099.561,2113.361
Gabo-13,2113.788,12.5906,56.2698,0.25311,2.1766,12.045,-6.0034,2099.7133,2113.5133
Gabo-13,2113.9404,12.5089,56.3996,0.243327,2.1812,12.0861,-5.992,2099.8657,2113.6657
Gabo-13,2114.0928,12.4464,57.9713,0.247133,2.1884,12.2433,-6.0341,2100.018,2113.818
Gabo-13,2114.2452,12.423,61.7094,0.254132,2.1928,12.5264,-6.0784,2100.1704,2113.9704
Gabo-13,2114.3976,12.4179,67.5994,0.257052,2.1903,12.9036,-5.9975,2100.3227,2114.1227
Gabo-13,2114.55,12.402,73.9656,0.2634,2.1836,13.3115,-5.7966,2100.4751,2114.2751
Gabo-13,2114.7024,12.3655,76.7532,0.281357,2.1812,13.6768,-5.766,2100.6274,2114.4274
Gabo-13,2114.8548,12.3375,78.1314,0.301699,2.1867,13.9653,-5.9126,2100.7797,2114.5797
Gabo-13,2115.0072,12.3271,82.4687,0.314559,2.1949,14.1453,-6.0825,2100.9321,2114.7321
Gabo-13,2115.1596,12.3288,94.0345,0.318409,2.1951,14.1601,-6.2404,2101.0844,2114.8844
Gabo-13,2115.312,12.3311,108.5777,0.3179,2.1787,13.9562,-6.4547,2101.2368,2115.0368
Gabo-13,2115.4644,12.3531,118.2088,0.318531,2.1538,13.5723,-6.5844,2101.3891,2115.1891
Gabo-13,2115.6168,12.3895,118.8726,0.324466,2.1318,13.0925,-6.5882,2101.5414,2115.3414
Gabo-13,2115.7692,12.4257,109.4469,0.33822,2.1195,12.594,-6.5986,2101.6938,2115.4938
Gabo-13,2115.9216,12.4691,99.3894,0.354988,2.1184,12.1444,-6.7053,2101.8461,2115.6461
Gabo-13,2116.074,12.5353,90.515,0.358466,2.1238,11.7894,-6.7689,2101.9985,2115.7985
Gabo-13,2116.2264,12.5937,84.3817,0.342892,2.1301,11.5496,-6.7345,2102.1508,2115.9508
Gabo-13,2116.3788,12.6195,82.9567,0.313268,2.1355,11.4337,-6.6397,2102.3032,2116.1032
Gabo-13,2116.5312,12.6332,87.0486,0.278323,2.1431,11.4322,-6.4999,2102.4555,2116.2555
Gabo-13,2116.6836,12.6234,91.9424,0.249706,2.1574,11.4901,-6.3875,2102.6079,2116.4079
Gabo-13,2116.836,12.5859,95.4845,0.238101,2.1781,11.5539,-6.3873,2102.7602,2116.5602
Gabo-13,2116.9884,12.5366,97.6894,0.247178,2.2002,11.5808,-6.4947,2102.9126,2116.7126
Gabo-13,2117.1408,12.5209,99.2497,0.270593,2.2154,11.5293,-6.5815,2103.0649,2116.8649
Gabo-13,2117.2932,12.5181,102.2297,0.294457,2.2196,11.3824,-6.5043,2103.2173,2117.0173
Gabo-13,2117.4456,12.5189,107.7902,0.311664,2.2154,11.1097,-6.3429,2103.3696,2117.1696
Gabo-13,2117.598,12.5235,114.8438,0.319453,2.2051,10.7076,-6.3253,2103.522,2117.322
Gabo-13,2117.7504,12.5278,120.4824,0.317549,2.1904,10.2261,-6.599,2103.6743,2117.4743
Gabo-13,2117.9028,12.5489,123.9814,0.314208,2.1775,9.7363,-6.9842,2103.8266,2117.6266
Gabo-13,2118.0552,12.5842,124.7228,0.313772,2.1716,9.2679,-7.3805,2103.979,2117.779
Gabo-13,2118.2076,12.6553,122.0092,0.320299,2.1736,8.8248,-7.725,2104.1313,2117.9313
Gabo-13,2118.36,12.8019,115.316,0.340631,2.1832,8.4156,-7.9108,2104.2837,2118.0837
Gabo-13,2118.5124,13.178,105.2416,0.370305,2.2002,8.0619,-7.9739,2104.436,2118.236
Gabo-13,2118.6648,13.4874,99.8998,0.381421,2.2187,7.7702,-8.1002,2104.5884,2118.3884
Gabo-13,2118.8172,13.6814,99.4723,0.363644,2.2297,7.537,-8.2455,2104.7408,2118.5408
Gabo-13,2118.9696,13.8592,100.5909,0.333003,2.2289,7.3487,-8.2848,2104.8931,2118.6931
Gabo-13,2119.122,14.0988,100.0597,0.314503,2.2241,7.1529,-8.2853,2105.0455,2118.8455
Gabo-13,2119.2744,14.2269,98.4911,0.304638,2.2306,6.8787,-8.2631,2105.1978,2118.9978
Gabo-13,2119.4268,14.2951,99.1035,0.29094,2.2524,6.5298,-8.178,2105.3502,2119.1502
Gabo-13,2119.5792,14.4031,103.7994,0.281038,2.2795,6.1633,-7.9735,2105.5025,2119.3025
Gabo-13,2119.7316,14.5489,111.3754,0.309964,2.2938,5.8588,-7.6168,2105.6549,2119.4549
Gabo-13,2119.884,14.6339,116.258,0.388788,2.2886,5.681,-7.3136,2105.8072,2119.6072
Gabo-13,2120.0364,14.5755,116.9732,0.457776,2.2688,5.6215,-7.2688,2105.9596,2119.7596
Gabo-13,2120.1888,14.3745,114.6849,0.460622,2.2444,5.6609,-7.4237,2106.1119,2119.9119
Gabo-13,2120.3412,14.1328,112.4021,0.404855,2.2306,5.8048,-7.6343,2106.2643,2120.0643
Gabo-13,2120.4936,14.0484,112.4675,0.360179,2.2371,6.0281,-8.0847,2106.4166,2120.2166
Gabo-13,2120.646,14.1003,113.2751,0.338548,2.2528,6.2626,-8.6409,2106.569,2120.369
Gabo-13,2120.7984,14.2256,112.212,0.31605,2.2671,6.4417,-9.0441,2106.7213,2120.5213
Gabo-13,2120.9508,14.3763,105.9161,0.287407,2.2794,6.524,-9.225,2106.8737,2120.6737
Gabo-13,2121.1032,14.4487,102.6822,0.273854,2.2897,6.5348,-9.2546,2107.0261,2120.8261
Gabo-13,2121.2556,14.4663,103.6197,0.277893,2.2935,6.5442,-9.1328,2107.1784,2120.9784
Gabo-13,2121.408,14.4023,104.341,0.286844,2.2895,6.5891,-8.9265,2107.3308,2121.1308
Gabo-13,2121.5604,14.1838,99.9839,0.292146,2.2836,6.6674,-8.7594,2107.4831,2121.2831
Gabo-13,2121.7128,13.8475,97.4397,0.294294,2.2867,6.7602,-8.5671,2107.6355,2121.4355
Gabo-13,2121.8652,13.4879,96.8833,0.289123,2.2964,6.8495,-8.1683,2107.7878,2121.5878
Gabo-13,2122.0176,13.1701,94.1598,0.271726,2.2979,6.9147,-7.7257,2107.9402,2121.7402
Gabo-13,2122.17,12.9423,86.0868,0.251811,2.2798,6.9308,-7.5085,2108.0926,2121.8926
Gabo-13,2122.3224,12.9007,73.0984,0.257643,2.2507,6.8827,-7.4661,2108.2449,2122.0449
Gabo-13,2122.4748,12.9604,64.7022,0.288531,2.2343,6.7972,-7.4096,2108.3973,2122.1973
Gabo-13,2122.6272,13.0273,63.4791,0.323165,2.2329,6.7103,-7.3052,2108.5496,2122.3496
Gabo-13,2122.7796,13.0719,68.2177,0.348431,2.2317,6.6461,-7.2321,2108.702,2122.502
Gabo-13,2122.932,13.1502,75.9816,0.362661,2.217,6.6109,-7.2122,2108.8544,2122.6544
Gabo-13,2123.0844,13.0264,82.7081,0.364756,2.1963,6.5762,-7.0938,2109.0067,2122.8067
Gabo-13,2123.2368,12.8588,87.7248,0.360709,2.1822,6.5316,-6.9772,2109.1591,2122.9591
Gabo-13,2123.3892,12.8,89.9176,0.358652,2.1794,6.4808,-6.9925,2109.3114,2123.1114
Gabo-13,2123.5416,12.8383,84.6539,0.360416,2.1835,6.419,-7.0575,2109.4638,2123.2638
Gabo-13,2123.694,12.8572,77.2001,0.360166,2.1856,6.3385,-7.0547,2109.6162,2123.4162
Gabo-13,2123.8464,12.8053,69.6157,0.360033,2.185,6.241,-6.9856,2109.7685,2123.5685
Gabo-13,2123.9988,12.6959,61.5833,0.357069,2.184,6.1373,-6.8653,2109.9209,2123.7209
Gabo-13,2124.1512,12.5697,52.9958,0.339677,2.1819,6.0452,-6.6714,2110.0732,2123.8732
Gabo-13,2124.3036,12.4889,46.0515,0.306932,2.1748,5.9838,-6.4473,2110.2256,2124.0256
Gabo-13,2124.456,12.4868,42.6278,0.269402,2.1637,5.9637,-6.3455,2110.378,2124.178
Gabo-13,2124.6084,12.5688,42.1353,0.237306,2.1529,5.9884,-6.3124,2110.5303,2124.3303
Gabo-13,2124.7608,12.7316,42.9398,0.217022,2.1458,6.0547,-6.192,2110.6827,2124.4827
Gabo-13,2124.9132,12.9608,40.3688,0.20856,2.1441,6.1424,-6.0649,2110.8351,2124.6351
Gabo-13,2125.0656,13.2225,35.4693,0.20633,2.1482,6.2227,-6.0272,2110.9874,2124.7874
Gabo-13,2125.218,13.5067,32.383,0.209146,2.1584,6.2759,-6.0559,2111.1398,2124.9398
Gabo-13,2125.3704,13.8096,34.073,0.219959,2.1732,6.2917,-6.1051,2111.2922,2125.0922
Gabo-13,2125.5228,14.0854,36.9848,0.239902,2.1851,6.2658,-6.1885,2111.4445,2125.2445
Gabo-13,2125.6752,14.3304,37.1211,0.263413,2.189,6.2096,-6.3302,2111.5969,2125.3969
Gabo-13,2125.8276,14.5319,36.0148,0.284035,2.1872,6.145,-6.4122,2111.7493,2125.5493
Gabo-13,2125.98,14.675,35.3973,0.299045,2.1844,6.0973,-6.3472,2111.9016,2125.7016
Gabo-13,2126.1324,14.7533,34.3549,0.306457,2.1824,6.0937,-6.2805,2112.054,2125.854
Gabo-13,2126.2848,14.8204,32.722,0.300546,2.179,6.1334,-6.4281,2112.2063,2126.0063
Gabo-13,2126.4372,14.8929,31.3728,0.285508,2.1744,6.1861,-6.6887,2112.3587,2126.1587
Gabo-13,2126.5896,14.969,31.0312,0.274293,2.1712,6.2171,-6.8945,2112.5111,2126.3111
Gabo-13,2126.742,15.0504,32.5478,0.280387,2.172,6.1962,-7.0212,2112.6634,2126.4634
Gabo-13,2126.8944,15.1171,33.7363,0.300019,2.176,6.115,-7.09,2112.8158,2126.6158
Gabo-13,2127.0468,15.1944,33.0609,0.312815,2.179,5.9912,-7.065,2112.9682,2126.7682
Gabo-13,2127.1992,15.3241,31.8092,0.309761,2.1784,5.8493,-6.9825,2113.1206,2126.9206
Gabo-13,2127.3516,15.5596,33.29,0.302273,2.1748,5.7298,-6.968,2113.2729,2127.0729
Gabo-13,2127.504,15.6773,41.883,0.31137,2.1709,5.7031,-7.0583,2113.4253,2127.2253
Gabo-13,2127.6564,15.5766,54.4788,0.335827,2.1669,5.7927,-7.1754,2113.5777,2127.3777
Gabo-13,2127.8088,15.4226,67.3288,0.36461,2.1616,5.9621,-7.3529,2113.73,2127.53
Gabo-13,2127.9612,15.4548,77.388,0.384854,2.1553,6.1428,-7.644,2113.8824,2127.6824
Gabo-13,2128.1136,15.4442,72.5866,0.377141,2.1543,6.2626,-7.8247,2114.0348,2127.8348
Gabo-13,2128.266,15.4238,60.869,0.341826,2.1722,6.3115,-7.6403,2114.1871,2127.9871
Gabo-13,2128.4184,15.4805,48.6726,0.300152,2.2099,6.2883,-7.1814,2114.3395,2128.1395
Gabo-13,2128.5708,15.6404,38.3171,0.273617,2.2464,6.1713,-6.6867,2114.4919,2128.2919
Gabo-13,2128.7232,15.8368,34.3639,0.266869,2.2447,5.9533,-6.2453,2114.6442,2128.4442
Gabo-13,2128.8756,16.0071,33.6421,0.263609,2.2058,5.7009,-5.8209,2114.7966,2128.5966
Gabo-13,2129.028,16.1435,32.2556,0.255873,2.1605,5.4889,-5.6214,2114.949,2128.749
Gabo-13,2129.1804,16.2569,29.2887,0.249726,2.133,5.3562,-5.7352,2115.1014,2128.9014
Gabo-13,2129.3328,16.3839,28.485,0.25716,2.1269,5.3136,-5.8636,2115.2537,2129.0537
Gabo-13,2129.4852,16.4217,30.3314,0.28245,2.1297,5.349,-5.9191,2115.4061,2129.2061
Gabo-13,2129.6376,16.3199,35.1308,0.318176,2.1321,5.4318,-5.9873,2115.5585,2129.3585
Gabo-13,2129.79,16.1473,41.5155,0.352823,2.1303,5.5339,-6.0631,2115.7108,2129.5108
Gabo-13,2129.9424,16.1323,43.9393,0.36892,2.1227,5.6297,-6.0653,2115.8632,2129.6632
Gabo-13,2130.0948,16.2224,40.7473,0.347775,2.1163,5.6968,-6.0423,2116.0156,2129.8156
Gabo-13,2130.2472,16.3253,35.7718,0.301469,2.1191,5.7385,-6.1336,2116.168,2129.968
Gabo-13,2130.3996,16.4031,31.5633,0.260216,2.1296,5.7651,-6.2334,2116.3203,2130.1203
Gabo-13,2130.552,16.422,29.6181,0.246511,2.1396,5.7852,-6.1366,2116.4727,2130.2727
Gabo-13,2130.7044,16.422,30.1188,0.248079,2.1461,5.814,-6.0251,2116.6251,2130.4251
Gabo-13,2130.8568,16.4102,32.1006,0.245122,2.15,5.8628,-6.0027,2116.7775,2130.5775
Gabo-13,2131.0092,16.4309,33.4622,0.236104,2.1532,5.9449,-6.0078,2116.9298,2130.7298
Gabo-13,2131.1616,16.5512,31.8707,0.226122,2.159,6.0755,-5.9996,2117.0822,2130.8822
Gabo-13,2131.314,16.6949,32.2599,0.210704,2.171,6.2571,-6.0258,2117.2346,2131.0346
Gabo-13,2131.4664,16.7153,33.9368,0.188536,2.1834,6.4675,-6.1098,2117.387,2131.187
Gabo-13,2131.6188,16.2548,35.5135,0.168286,2.1907,6.6777,-6.1374,2117.5393,2131.3393
Gabo-13,2131.7712,15.0628,36.9075,0.159356,2.1937,6.871,-6.084,2117.6917,2131.4917
Gabo-13,2131.9236,13.84,40.5717,0.162627,2.199,7.0384,-6.2018,2117.8441,2131.6441
Gabo-13,2132.076,13.2551,44.6124,0.170128,2.2076,7.1459,-6.5541,2117.9965,2131.7965
Gabo-13,2132.2284,13.111,47.3706,0.177141,2.2173,7.1731,-6.9972,2118.1488,2131.9488
Gabo-13,2132.3808,13.1299,49.4573,0.182943,2.2257,7.1195,-7.4135,2118.3012,2132.1012
Gabo-13,2132.5332,13.2266,56.2471,0.18835,2.2299,6.9986,-7.7464,2118.4536,2132.2536
Gabo-13,2132.6856,13.3375,68.7878,0.199739,2.2252,6.8455,-7.9683,2118.606,2132.406
Gabo-13,2132.838,13.3877,82.6257,0.225631,2.2117,6.6763,-8.1493,2118.7583,2132.5583
Gabo-13,2132.9904,13.3523,94.76,0.26676,2.1992,6.5005,-8.3602,2118.9107,2132.7107
Gabo-13,2133.1428,13.2536,103.4548,0.309021,2.2034,6.3433,-8.5663,2119.0631,2132.8631
Gabo-13,2133.2952,13.1222,114.1188,0.331969,2.227,6.2237,-8.6271,2119.2155,2133.0155
Gabo-13,2133.4476,13.0005,126.9749,0.344328,2.257,6.1391,-8.53,2119.3679,2133.1679
Gabo-13,2133.6,12.912,139.0331,0.359716,2.2837,6.0793,-8.3858,2119.5202,2133.3202
Gabo-13,2133.7524,12.8706,146.2128,0.372592,2.3042,6.0318,-8.3446,2119.6726,2133.4726
Gabo-13,2133.9048,12.7868,144.0018,0.364393,2.3181,5.984,-8.4724,2119.825,2133.625
Gabo-13,2134.0572,12.6916,138.7091,0.34712,2.3227,5.9429,-8.6129,2119.9774,2133.7774
Gabo-13,2134.2096,12.6255,132.8877,0.335322,2.3125,5.9195,-8.7088,2120.1297,2133.9297
Gabo-13,2134.362,12.6062,126.0624,0.325525,2.2875,5.916,-8.7998,2120.2821,2134.0821
Gabo-13,2134.5144,12.6263,128.1432,0.307376,2.2631,5.9226,-8.8143,2120.4345,2134.2345
Gabo-13,2134.6668,12.6659,131.6925,0.293329,2.2525,5.9277,-8.7562,2120.5869,2134.3869
Gabo-13,2134.8192,12.7098,129.7315,0.295306,2.2564,5.9306,-8.7538,2120.7393,2134.5393
Gabo-13,2134.9716,12.7517,120.3385,0.309235,2.2675,5.9388,-8.887,2120.8916,2134.6916
Gabo-13,2135.124,12.8205,111.0036,0.317666,2.2728,5.9587,-9.0867,2121.044,2134.844
Gabo-13,2135.2764,12.8706,108.2869,0.312329,2.2658,5.983,-9.308,2121.1964,2134.9964
Gabo-13,2135.4288,12.8925,108.7144,0.303436,2.2531,6.0014,-9.542,2121.3488,2135.1488
Gabo-13,2135.5812,12.8981,109.0515,0.303933,2.2461,6.0093,-9.7372,2121.5011,2135.3011
Gabo-13,2135.7336,12.902,111.3147,0.314973,2.253,6.0066,-9.8252,2121.6535,2135.4535
Gabo-13,2135.886,12.9284,122.1301,0.322132,2.2682,5.9961,-9.8922,2121.8059,2135.6059
Gabo-13,2136.0384,12.973,134.6667,0.325343,2.2834,5.9783,-10.014,2121.9583,2135.7583
Gabo-13,2136.1908,13.0262,142.7601,0.32759,2.2939,5.9511,-10.0829,2122.1107,2135.9107
Gabo-13,2136.3432,13.0794,143.6788,0.325436,2.2974,5.913,-9.9448,2122.263,2136.063
Gabo-13,2136.4956,13.13,140.2521,0.326927,2.2956,5.8699,-9.7792,2122.4154,2136.2154
Gabo-13,2136.648,13.1653,132.9545,0.34039,2.2931,5.8312,-9.7102,2122.5678,2136.3678
Gabo-13,2136.8004,13.182,123.9066,0.36098,2.2929,5.8019,-9.6575,2122.7202,2136.5202
Gabo-13,2136.9528,13.1858,118.1324,0.376216,2.2932,5.7833,-9.5592,2122.8726,2136.6726
Gabo-13,2137.1052,13.1641,121.4902,0.379937,2.2907,5.7758,-9.5607,2123.0249,2136.8249
Gabo-13,2137.2576,13.1242,124.1713,0.374832,2.2882,5.7816,-9.6335,2123.1773,2136.9773
Gabo-13,2137.41,13.0853,122.493,0.367785,2.2901,5.8159,-9.5869,2123.3297,2137.1297
Gabo-13,2137.5624,13.0669,117.9606,0.361549,2.2965,5.8975,-9.4186,2123.4821,2137.2821
Gabo-13,2137.7148,13.0583,113.0441,0.348873,2.302,6.0325,-9.481,2123.6344,2137.4344
Gabo-13,2137.8672,13.0202,104.9758,0.332958,2.3064,6.2212,-9.676,2123.7868,2137.5868
Gabo-13,2138.0196,12.9522,95.4666,0.324262,2.3134,6.4479,-9.7507,2123.9392,2137.7392
Gabo-13,2138.172,12.8737,87.9866,0.326693,2.3239,6.69,-9.6362,2124.0916,2137.8916
Gabo-13,2138.3244,12.8489,86.3222,0.331028,2.3314,6.9248,-9.4035,2124.244,2138.044
Gabo-13,2138.4768,12.9066,87.9592,0.326565,2.3268,7.124,-9.1256,2124.3963,2138.1963
Gabo-13,2138.6292,13.0088,87.1424,0.312545,2.3105,7.2635,-8.8638,2124.5487,2138.3487
Gabo-13,2138.7816,13.1313,81.1624,0.297151,2.292,7.3253,-8.6603,2124.7011,2138.5011
Gabo-13,2138.934,13.3038,72.7116,0.293168,2.2854,7.2889,-8.4634,2124.8535,2138.6535
Gabo-13,2139.0864,13.455,64.9877,0.30185,2.2929,7.1502,-8.0969,2125.0059,2138.8059
Gabo-13,2139.2388,13.4557,58.2449,0.313703,2.3004,6.9436,-7.5758,2125.1582,2138.9582
Gabo-13,2139.3912,13.2636,52.3324,0.321616,2.2948,6.6999,-7.0345,2125.3106,2139.1106
Gabo-13,2139.5436,12.9193,47.6935,0.323975,2.2707,6.4357,-6.5664,2125.463,2139.263
Gabo-13,2139.696,12.6185,44.7721,0.32191,2.2317,6.179,-6.1601,2125.6154,2139.4154
Gabo-13,2139.8484,12.4316,42.7871,0.316537,2.1915,5.9522,-5.7941,2125.7678,2139.5678
Gabo-13,2140.0008,12.3454,41.1924,0.310929,2.1632,5.7737,-5.4748,2125.9201,2139.7201
Gabo-13,2140.1532,12.3311,39.741,0.308761,2.1512,5.6603,-5.2143,2126.0725,2139.8725
Gabo-13,2140.3056,12.34,40.2704,0.307375,2.1447,5.6066,-5.0213,2126.2249,2140.0249
Gabo-13,2140.458,12.3676,41.8494,0.300465,2.1359,5.5925,-4.9345,2126.3773,2140.1773
Gabo-13,2140.6104,12.4014,42.2174,0.28509,2.1291,5.6062,-5.0409,2126.5296,2140.3296
Gabo-13,2140.7628,12.4186,39.343,0.265741,2.1309,5.6441,-5.33,2126.682,2140.482
Gabo-13,2140.9152,12.436,36.5952,0.254607,2.141,5.6976,-5.5875,2126.8344,2140.6344
Gabo-13,2141.0676,12.4951,35.8022,0.251616,2.1528,5.7422,-5.8534,2126.9868,2140.7868
Gabo-13,2141.22,12.5753,36.1898,0.252731,2.1622,5.7624,-6.1866,2127.1392,2140.9392
Gabo-13,2141.3724,12.6421,36.8307,0.259187,2.1686,5.7601,-6.4763,2127.2915,2141.0915
Gabo-13,2141.5248,12.6803,37.4828,0.274051,2.1725,5.7531,-6.5893,2127.4439,2141.2439
Gabo-13,2141.6772,12.6833,37.6311,0.290834,2.1736,5.7553,-6.6631,2127.5963,2141.3963
Gabo-13,2141.8296,12.6639,35.9756,0.302291,2.1713,5.7584,-6.6954,2127.7487,2141.5487
Gabo-13,2141.982,12.6376,32.6419,0.307926,2.1682,5.7481,-6.5752,2127.9011,2141.7011
Gabo-13,2142.1344,12.6256,32.0977,0.313531,2.1684,5.7191,-6.3552,2128.0534,2141.8534
Gabo-13,2142.2868,12.6097,32.202,0.322004,2.1689,5.6807,-6.2617,2128.2058,2142.0058
Gabo-13,2142.4392,12.586,30.8256,0.325673,2.1661,5.6408,-6.334,2128.3582,2142.1582
Gabo-13,2142.5916,12.5677,29.1754,0.321344,2.163,5.5965,-6.4533,2128.5106,2142.3106
Gabo-13,2142.744,12.5844,31.949,0.313478,2.1644,5.5424,-6.5278,2128.663,2142.463
Gabo-13,2142.8964,12.6043,32.387,0.300275,2.1635,5.4888,-6.6145,2128.8153,2142.6153
Gabo-13,2143.0488,12.5988,30.053,0.283924,2.1558,5.4496,-6.6934,2128.9677,2142.7677
Gabo-13,2143.2012,12.5695,27.2621,0.274416,2.147,5.4312,-6.6633,2129.1201,2142.9201
Gabo-13,2143.3536,12.5311,25.996,0.280641,2.1446,5.4315,-6.5718,2129.2725,2143.0725
Gabo-13,2143.506,12.5563,28.2388,0.294998,2.146,5.4374,-6.7251,2129.4249,2143.2249
Gabo-13,2143.6584,12.5972,30.8345,0.301236,2.148,5.4374,-6.9716,2129.5772,2143.3772
Gabo-13,2143.8108,12.6362,30.8807,0.292316,2.1499,5.4254,-7.0825,2129.7296,2143.5296
Gabo-13,2143.9632,12.688,26.7632,0.275348,2.1516,5.4011,-7.0602,2129.882,2143.682
Gabo-13,2144.1156,12.7146,25.1199,0.269871,2.1521,5.3755,-7.0145,2130.0344,2143.8344
Gabo-13,2144.268,12.6525,26.9693,0.277748,2.1485,5.3583,-6.9264,2130.1868,2143.9868
Gabo-13,2144.4204,12.5742,30.4154,0.285623,2.1404,5.3515,-6.7789,2130.3391,2144.1391
Gabo-13,2144.5728,12.5651,34.0815,0.28186,2.1316,5.3554,-6.6427,2130.4915,2144.2915
Gabo-13,2144.7252,12.6019,36.8013,0.265886,2.129,5.3717,-6.5649,2130.6439,2144.4439
Gabo-13,2144.8776,12.6105,38.7466,0.250684,2.1347,5.3989,-6.3864,2130.7963,2144.5963
Gabo-13,2145.03,12.584,38.4672,0.245864,2.1441,5.4347,-6.1503,2130.9487,2144.7487
Gabo-13,2145.1824,12.543,35.5877,0.25236,2.1507,5.4796,-5.9949,2131.101,2144.901
Gabo-13,2145.3348,12.531,33.8956,0.264067,2.1488,5.5366,-5.9161,2131.2534,2145.0534
Gabo-13,2145.4872,12.531,33.972,0.271308,2.1424,5.6065,-5.8515,2131.4058,2145.2058
Gabo-13,2145.6396,12.531,34.1715,0.272074,2.1405,5.6869,-5.8041,2131.5582,2145.3582
Gabo-13,2145.792,12.5316,33.8791,0.267787,2.147,5.7721,-5.8015,2131.7106,2145.5106
Gabo-13,2145.9444,12.5346,33.5079,0.260929,2.1586,5.8532,-5.8107,2131.8629,2145.6629
Gabo-13,2146.0968,12.5626,34.9893,0.258339,2.1686,5.9236,-5.7474,2132.0153,2145.8153
Gabo-13,2146.2492,12.6024,36.8276,0.257509,2.176,5.9758,-5.7515,2132.1677,2145.9677
Gabo-13,2146.4016,12.6434,39.0519,0.251182,2.1818,6.0029,-5.9289,2132.3201,2146.1201
Gabo-13,2146.554,12.6846,43.6226,0.2384,2.186,6.0031,-6.1853,2132.4725,2146.2725
Gabo-13,2146.7064,12.6564,46.2337,0.231365,2.19,5.9874,-6.3481,2132.6248,2146.4248
Gabo-13,2146.8588,12.6113,45.2337,0.236321,2.1949,5.9715,-6.4393,2132.7772,2146.5772
Gabo-13,2147.0112,12.5917,42.0878,0.246792,2.1993,5.9639,-6.4646,2132.9296,2146.7296
Gabo-13,2147.1636,12.61,38.8069,0.251149,2.2016,5.9619,-6.3749,2133.082,2146.882
Gabo-13,2147.316,12.6209,39.1054,0.242763,2.2027,5.9517,-6.2609,2133.2344,2147.0344
Gabo-13,2147.4684,12.6155,41.1448,0.232432,2.2038,5.9306,-6.2478,2133.3867,2147.1867
Gabo-13,2147.6208,12.5908,42.3845,0.231181,2.2029,5.8969,-6.1807,2133.5391,2147.3391
Gabo-13,2147.7732,12.5459,41.4988,0.239298,2.1985,5.8447,-5.9117,2133.6915,2147.4915
Gabo-13,2147.9256,12.5255,38.534,0.248629,2.1923,5.7707,-5.6164,2133.8439,2147.6439
Gabo-13,2148.078,12.5189,36.1057,0.257864,2.1879,5.6814,-5.4339,2133.9963,2147.7963
Gabo-13,2148.2304,12.518,36.7556,0.268755,2.1851,5.5911,-5.3648,2134.1486,2147.9486
Gabo-13,2148.3828,12.5228,41.1495,0.27769,2.1821,5.5138,-5.3836,2134.301,2148.101
Gabo-13,2148.5352,12.5267,47.0734,0.279867,2.1776,5.4596,-5.4772,2134.4534,2148.2534
Gabo-13,2148.6876,12.5523,48.4937,0.284999,2.1693,5.4256,-5.6137,2134.6058,2148.4058
Gabo-13,2148.84,12.5916,45.9541,0.296842,2.1575,5.3997,-5.6568,2134.7582,2148.5582
Gabo-13,2148.9924,12.6357,41.5613,0.303158,2.1459,5.3734,-5.5474,2134.9105,2148.7105
Gabo-13,2149.1448,12.6874,37.2405,0.288802,2.1397,5.3457,-5.4211,2135.0629,2148.8629
Gabo-13,2149.2972,12.6971,34.9613,0.263693,2.1391,5.3237,-5.4736,2135.2153,2149.0153
Gabo-13,2149.4496,12.6636,34.9498,0.243521,2.1411,5.3153,-5.6512,2135.3677,2149.1677
Gabo-13,2149.602,12.6208,36.4767,0.231431,2.1436,5.3307,-5.8712,2135.5201,2149.3201
Gabo-13,2149.7544,12.6168,38.4335,0.223435,2.1448,5.3869,-6.1272,2135.6724,2149.4724
Gabo-13,2149.9068,12.6334,42.4306,0.219784,2.1438,5.5018,-6.3953,2135.8248,2149.6248
Gabo-13,2150.0592,12.7011,47.6392,0.227954,2.1424,5.6767,-6.7089,2135.9772,2149.7772
Gabo-13,2150.2116,12.8244,52.975,0.247401,2.1433,5.9044,-7.0137,2136.1296,2149.9296
Gabo-13,2150.364,12.9925,57.7257,0.268571,2.1477,6.1729,-7.24,2136.282,2150.082
Gabo-13,2150.5164,13.3755,59.3168,0.285066,2.1581,6.4534,-7.4276,2136.4343,2150.2343
Gabo-13,2150.6688,13.7053,58.7286,0.305101,2.1794,6.706,-7.4964,2136.5867,2150.3867
Gabo-13,2150.8212,13.8411,57.3221,0.325258,2.211,6.9025,-7.6165,2136.7391,2150.5391
Gabo-13,2150.9736,13.7873,55.5446,0.332328,2.2458,7.0256,-7.9191,2136.8915,2150.6915
Gabo-13,2151.126,13.6833,52.0158,0.320138,2.2729,7.067,-8.1534,2137.0439,2150.8439
Gabo-13,2151.2784,13.6403,48.3132,0.296786,2.2871,7.0485,-8.3239,2137.1962,2150.9962
Gabo-13,2151.4308,13.4899,46.1,0.272992,2.2868,6.9875,-8.4194,2137.3486,2151.1486
Gabo-13,2151.5832,13.1489,46.1789,0.25692,2.272,6.8959,-8.3957,2137.501,2151.301
Gabo-13,2151.7356,12.8525,49.4086,0.252338,2.2479,6.8012,-8.3184,2137.6534,2151.4534
Gabo-13,2151.888,12.7728,55.86,0.250953,2.2269,6.7361,-8.1992,2137.8058,2151.6058
Gabo-13,2152.0404,12.829,61.9415,0.251486,2.2167,6.7181,-8.232,2137.9581,2151.7581
Gabo-13,2152.1928,12.957,64.7791,0.261621,2.2171,6.7469,-8.5095,2138.1105,2151.9105
Gabo-13,2152.3452,13.1527,61.8723,0.284723,2.2266,6.8092,-8.783,2138.2629,2152.0629
Gabo-13,2152.4976,13.3433,56.7365,0.304421,2.2471,6.8866,-8.7723,2138.4153,2152.2153
Gabo-13,2152.65,13.3706,52.6104,0.306684,2.2718,6.9715,-8.7276,2138.5677,2152.3677
Gabo-13,2152.8024,13.2157,50.2514,0.290339,2.2858,7.0642,-8.7443,2138.7201,2152.5201
Gabo-13,2152.9548,12.9564,49.6519,0.263015,2.2774,7.1635,-8.578,2138.8724,2152.6724
Gabo-13,2153.1072,12.7876,51.2272,0.239537,2.2544,7.2573,-8.2198,2139.0248,2152.8248
Gabo-13,2153.2596,12.7292,56.3509,0.229358,2.2348,7.3257,-7.9838,2139.1772,2152.9772
Gabo-13,2153.412,12.7817,61.9529,0.234906,2.2254,7.3575,-7.8589,2139.3296,2153.1296
Gabo-13,2153.5644,12.9647,63.5228,0.253994,2.2245,7.3478,-7.6657,2139.482,2153.282
Gabo-13,2153.7168,13.2231,62.8132,0.276034,2.231,7.2902,-7.4892,2139.6343,2153.4343
Gabo-13,2153.8692,13.4375,63.116,0.289689,2.2438,7.1859,-7.3059,2139.7867,2153.5867
Gabo-13,2154.0216,13.5905,64.1185,0.299768,2.2562,7.0367,-7.1025,2139.9391,2153.7391
Gabo-13,2154.174,13.6843,64.6691,0.318134,2.2611,6.8496,-6.9635,2140.0915,2153.8915
Gabo-13,2154.3264,13.5912,64.1064,0.344793,2.2541,6.6513,-6.9344,2140.2439,2154.0439
Gabo-13,2154.4788,13.4391,60.8339,0.358079,2.2333,6.4802,-6.8758,2140.3962,2154.1962
Gabo-13,2154.6312,13.233,56.708,0.346726,2.2055,6.3584,-6.6563,2140.5486,2154.3486
Gabo-13,2154.7836,12.9792,53.7126,0.320867,2.1804,6.293,-6.3745,2140.701,2154.501
Gabo-13,2154.936,12.8961,53.1003,0.303393,2.1627,6.2848,-6.3159,2140.8534,2154.6534
Gabo-13,2155.0884,12.8561,52.0445,0.302257,2.1494,6.3244,-6.4654,2141.0058,2154.8058
Gabo-13,2155.2408,12.8186,48.9965,0.306597,2.1467,6.3857,-6.6138,2141.1582,2154.9582
Gabo-13,2155.3932,12.7996,45.0218,0.30895,2.1601,6.4382,-6.6992,2141.3105,2155.1105
Gabo-13,2155.5456,12.7859,43.5381,0.31173,2.1813,6.4439,-6.7825,2141.4629,2155.2629
Gabo-13,2155.698,12.7914,44.7882,0.317887,2.19,6.3646,-6.8112,2141.6153,2155.4153
Gabo-13,2155.8504,12.8536,46.3436,0.324984,2.1846,6.2012,-6.7289,2141.7677,2155.5677
Gabo-13,2156.0028,12.9948,47.1107,0.335677,2.1772,5.9659,-6.6014,2141.9201,2155.7201
Gabo-13,2156.1552,13.2299,46.8555,0.350525,2.1753,5.6711,-6.4986,2142.0724,2155.8724
Gabo-13,2156.3076,13.8454,47.2311,0.352804,2.1705,5.3523,-6.3299,2142.2248,2156.0248
Gabo-13,2156.46,14.4289,49.0722,0.344734,2.1639,5.044,-6.0957,2142.3772,2156.1772
Gabo-13,2156.6124,14.9352,52.1645,0.337763,2.1617,4.7784,-5.8186,2142.5296,2156.3296
Gabo-13,2156.7648,15.5382,55.9043,0.340169,2.164,4.5954,-5.5657,2142.682,2156.482
Gabo-13,2156.9172,15.6001,55.8604,0.351842,2.166,4.5334,-5.4989,2142.8343,2156.6343
Gabo-13,2157.0696,15.4481,53.6104,0.347239,2.1652,4.5847,-5.4854,2142.9867,2156.7867
Gabo-13,2157.222,15.392,51.9793,0.312835,2.1619,4.7115,-5.5544,2143.1391,2156.9391
Gabo-13,2157.3744,15.4388,52.4782,0.261572,2.1583,4.8812,-5.9423,2143.2915,2157.0915
Gabo-13,2157.5268,15.0253,55.2596,0.230922,2.1603,5.0697,-6.5399,2143.4439,2157.2439
Gabo-13,2157.6792,14.3833,57.4236,0.247778,2.1701,5.2524,-6.5914,2143.5963,2157.3963
Gabo-13,2157.8316,14.0538,58.6081,0.285958,2.182,5.4122,-6.2923,2143.7486,2157.5486
Gabo-13,2157.984,14.2193,58.9609,0.313603,2.1916,5.5367,-6.2365,2143.901,2157.701
Gabo-13,2158.1364,14.5481,57.0032,0.324089,2.2,5.6198,-6.495,2144.0534,2157.8534
Gabo-13,2158.2888,14.5394,53.1009,0.313787,2.2069,5.6878,-6.8274,2144.2058,2158.0058
Gabo-13,2158.4412,14.1977,47.9607,0.279147,2.2096,5.7681,-7.1565,2144.3582,2158.1582
Gabo-13,2158.5936,13.7344,42.5775,0.229726,2.2083,5.8613,-7.3109,2144.5105,2158.3105
Gabo-13,2158.746,13.5,39.0716,0.189417,2.2062,5.9469,-7.0616,2144.6629,2158.4629
Gabo-13,2158.8984,13.3529,42.0868,0.177242,2.2044,6.0035,-6.7836,2144.8153,2158.6153
Gabo-13,2159.0508,13.1761,48.7733,0.191317,2.2008,6.0227,-6.811,2144.9677,2158.7677
Gabo-13,2159.2032,13.0018,55.2183,0.217853,2.1974,6.0017,-6.8862,2145.1201,2158.9201
Gabo-13,2159.3556,12.9044,57.9997,0.239051,2.1982,5.944,-6.6707,2145.2725,2159.0725
Gabo-13,2159.508,12.8756,59.1377,0.241092,2.1989,5.8677,-6.5088,2145.4248,2159.2248
Gabo-13,2159.6604,12.845,61.4898,0.230728,2.1948,5.7878,-6.5449,2145.5772,2159.3772
Gabo-13,2159.8128,12.8171,66.2516,0.223467,2.1856,5.7222,-6.5847,2145.7296,2159.5296
Gabo-13,2159.9652,12.8229,73.66,0.228842,2.1733,5.6929,-6.4896,2145.882,2159.682
Gabo-13,2160.1176,12.7924,76.3612,0.241597,2.1637,5.7113,-6.3246,2146.0344,2159.8344
Gabo-13,2160.27,12.7136,72.9496,0.250709,2.1611,5.7654,-6.0959,2146.1867,2159.9867
Gabo-13,2160.4224,12.6443,68.2849,0.256107,2.1635,5.8256,-5.7482,2146.3391,2160.1391
Gabo-13,2160.5748,12.6302,67.0438,0.25671,2.1664,5.8712,-5.414,2146.4915,2160.2915
Gabo-13,2160.7272,12.6661,74.5715,0.243934,2.1667,5.901,-5.4407,2146.6439,2160.4439
Gabo-13,2160.8796,12.7669,83.8731,0.232747,2.1646,5.9115,-5.7382,2146.7963,2160.5963
Gabo-13,2161.032,12.8903,90.7996,0.241165,2.163,5.9038,-6.0723,2146.9487,2160.7487
Gabo-13,2161.1844,12.9938,94.52,0.264068,2.1628,5.8821,-6.3744,2147.101,2160.901
Gabo-13,2161.3368,13.0455,94.1194,0.280671,2.16,5.8518,-6.6434,2147.2534,2161.0534
Gabo-13,2161.4892,13.0534,94.2181,0.296253,2.1504,5.83,-6.7952,2147.4058,2161.2058
Gabo-13,2161.6416,13.0092,96.2203,0.322267,2.1371,5.8267,-6.842,2147.5582,2161.3582
Gabo-13,2161.794,12.9342,97.6915,0.351386,2.124,5.8432,-6.8876,2147.7106,2161.5106
Gabo-13,2161.9464,12.9059,92.913,0.361048,2.1148,5.8824,-6.9768,2147.8629,2161.6629
Gabo-13,2162.0988,12.9695,85.2302,0.337489,2.1166,5.9431,-6.9619,2148.0153,2161.8153
Gabo-13,2162.2512,13.074,79.9885,0.293142,2.1293,5.995,-6.8119,2148.1677,2161.9677
Gabo-13,2162.4036,13.1899,80.2583,0.255178,2.1482,6.006,-6.6637,2148.3201,2162.1201
Gabo-13,2162.556,13.3108,88.6476,0.249041,2.1684,5.9537,-6.6426,2148.4725,2162.2725
Gabo-13,2162.7084,13.3859,97.037,0.272862,2.1834,5.823,-6.7193,2148.6249,2162.4249
Gabo-13,2162.8608,13.4216,101.6875,0.298515,2.1912,5.615,-6.8975,2148.7772,2162.5772
Gabo-13,2163.0132,13.4186,103.7468,0.313092,2.1963,5.3367,-7.1088,2148.9296,2162.7296
Gabo-13,2163.1656,13.3722,105.1453,0.322912,2.2051,5.0012,-7.1484,2149.082,2162.882
Gabo-13,2163.318,13.4008,111.0091,0.336869,2.222,4.6293,-6.8331,2149.2344,2163.0344
Gabo-13,2163.4704,13.3664,118.8111,0.350693,2.2457,4.2208,-6.3807,2149.3868,2163.1868
Gabo-13,2163.6228,13.2956,123.9682,0.362507,2.2702,3.7723,-5.9982,2149.5391,2163.3391
Gabo-13,2163.7752,13.2727,124.4624,0.38458,2.286,3.299,-5.452,2149.6915,2163.4915
Gabo-13,2163.9276,13.2808,125.0175,0.430838,2.2806,2.8356,-4.2137,2149.8439,2163.6439
Gabo-13,2164.08,13.2792,126.0469,0.475322,2.2509,2.4006,-2.636,2149.9963,2163.7963
Gabo-13,2164.2324,13.2937,125.8137,0.502371,2.1989,1.9989,-1.271,2150.1487,2163.9487
Gabo-13,2164.3848,13.312,124.3575,0.527662,2.1334,1.6486,-0.3032,2150.3011,2164.1011
Gabo-13,2164.5372,13.183,125.0724,0.575606,2.0744,1.3922,0.2776,2150.4534,2164.2534
Gabo-13,2164.6896,13.0286,131.4752,0.630208,2.0402,1.2575,0.4903,2150.6058,2164.4058
Gabo-13,2164.842,13.1943,138.3284,0.654057,2.0309,1.2301,0.443,2150.7582,2164.5582
Gabo-13,2164.9944,13.8581,141.8395,0.642018,2.0319,1.2798,0.2319,2150.9106,2164.7106
Gabo-13,2165.1468,15.0912,140.7421,0.624652,2.0218,1.3731,-0.0454,2151.063,2164.863
Gabo-13,2165.2992,15.8433,138.3986,0.623662,1.9959,1.4812,-0.1566,2151.2154,2165.0154
Gabo-13,2165.4516,15.7926,133.2678,0.625474,1.9844,1.59,-0.0433,2151.3677,2165.1677
Gabo-13,2165.604,15.3829,126.3025,0.624714,2.0115,1.6959,0.0942,2151.5201,2165.3201
Gabo-13,2165.7564,15.3166,121.4086,0.624732,2.0731,1.806,0.045,2151.6725,2165.4725
Gabo-13,2165.9088,15.3074,120.8493,0.604727,2.1361,1.9525,-0.1169,2151.8249,2165.6249
Gabo-13,2166.0612,15.0943,121.2558,0.558034,2.1797,2.176,-0.3213,2151.9773,2165.7773
Gabo-13,2166.2136,14.542,118.4452,0.496596,2.2041,2.5055,-0.6411,2152.1296,2165.9296
Gabo-13,2166.366,13.5725,109.1287,0.434911,2.2187,2.9511,-1.3062,2152.282,2166.082
Gabo-13,2166.5184,12.9935,92.9686,0.380753,2.2376,3.4813,-2.5898,2152.4344,2166.2344
Gabo-13,2166.6708,12.7443,80.8073,0.327398,2.2618,4.0191,-4.1142,2152.5868,2166.3868
Gabo-13,2166.8232,12.591,72.6066,0.278788,2.278,4.5038,-5.4084,2152.7392,2166.5392
Gabo-13,2166.9756,12.4603,64.7776,0.249358,2.2728,4.9004,-6.3455,2152.8916,2166.6916
Gabo-13,2167.128,12.4183,57.7249,0.250264,2.2437,5.18,-7.0675,2153.0439,2166.8439
Gabo-13,2167.2804,12.4145,58.1998,0.274571,2.2022,5.3307,-7.6086,2153.1963,2166.9963
Gabo-13,2167.4328,12.4151,62.4499,0.301929,2.1616,5.3689,-7.8556,2153.3487,2167.1487
Gabo-13,2167.5852,12.4277,66.8984,0.314046,2.1311,5.322,-7.904,2153.5011,2167.3011
Gabo-13,2167.7376,12.4909,73.8175,0.307806,2.1206,5.2325,-8.0098,2153.6535,2167.4535
Gabo-13,2167.89,12.6262,80.6146,0.306758,2.143,5.1596,-7.9516,2153.8059,2167.6059
Gabo-13,2168.0424,12.728,84.2482,0.316005,2.2007,5.1174,-7.6625,2153.9582,2167.7582
Gabo-13,2168.1948,12.7276,85.1453,0.325955,2.2759,5.0922,-7.2718,2154.1106,2167.9106
Gabo-13,2168.3472,12.5986,86.6249,0.327622,2.3345,5.0733,-6.9215,2154.263,2168.063
Gabo-13,2168.4996,12.4545,85.5561,0.315601,2.3512,5.0559,-6.8177,2154.4158,2168.2158
Gabo-13,2168.652,12.3648,83.9204,0.302421,2.3289,5.0385,-6.9316,2154.5678,2168.3678
Gabo-13,2168.8044,12.3301,82.1317,0.305518,2.2844,5.0227,-7.0873,2154.7201,2168.5201
Gabo-13,2168.9568,12.3328,78.1966,0.332056,2.2412,5.0148,-7.1152,2154.8725,2168.6725
Gabo-13,2169.1092,12.3332,78.0683,0.36563,2.2243,5.0251,-6.9613,2155.0249,2168.8249
Gabo-13,2169.2616,12.3276,80.322,0.3841,2.2257,5.0543,-6.8058,2155.1773,2168.9773
Gabo-13,2169.414,12.3227,81.0733,0.385842,2.2279,5.0878,-6.7557,2155.3297,2169.1297
Gabo-13,2169.5664,12.3229,77.4758,0.371818,2.2211,5.0859,-6.7046,2155.4821,2169.2821
Gabo-13,2169.7188,12.3289,69.3974,0.331345,2.2014,4.9862,-6.4405,2155.6344,2169.4344
Gabo-13,2169.8712,12.3341,65.1404,0.29289,2.1769,4.7942,-6.023,2155.7868,2169.5868
Gabo-13,2170.0236,12.4213,67.9403,0.299521,2.153,4.532,-5.4241,2155.9392,2169.7392
Gabo-13,2170.176,12.6976,77.2898,0.361777,2.121,4.2056,-4.5077,2156.0916,2169.8916
Gabo-13,2170.3284,13.3809,88.7353,0.442926,2.0648,3.8266,-3.3556,2156.244,2170.044
Gabo-13,2170.4808,13.9058,98.943,0.507737,2.0051,3.4323,-2.3519,2156.3963,2170.1963
Gabo-13,2170.6332,14.1173,105.5064,0.547271,1.9841,3.0853,-1.5573,2156.5487,2170.3487
Gabo-13,2170.7856,14.1578,107.3018,0.567631,2.0263,2.8299,-0.8805,2156.7011,2170.5011
Gabo-13,2170.938,14.3556,104.5105,0.587875,2.1169,2.6732,-0.3694,2156.8535,2170.6535
Gabo-13,2171.0904,14.4787,102.9759,0.621684,2.196,2.5951,-0.0537,2157.0059,2170.8059
Gabo-13,2171.2428,14.5403,104.7694,0.633179,2.2386,2.5807,0.0871,2157.1583,2170.9583
Gabo-13,2171.3952,14.5302,108.7667,0.622164,2.2522,2.6216,0.0593,2157.3106,2171.1106
Gabo-13,2171.5476,14.2352,112.3102,0.619103,2.2452,2.7031,-0.123,2157.463,2171.263
Gabo-13,2171.7,13.6872,112.2216,0.576875,2.2239,2.7996,-0.3527,2157.6154,2171.4154
Gabo-13,2171.8524,13.2967,110.3053,0.50066,2.2028,2.886,-0.5093,2157.7678,2171.5678
Gabo-13,2172.0048,13.4799,107.8868,0.44157,2.1861,2.9472,-0.6039,2157.9202,2171.7202
Gabo-13,2172.1572,14.6442,105.2065,0.433738,2.1584,2.9756,-0.749,2158.0725,2171.8725
Gabo-13,2172.3096,14.7831,104.8788,0.467144,2.1058,2.9687,-0.9779,2158.2249,2172.0249
Gabo-13,2172.462,14.4855,106.2208,0.511943,2.0704,2.922,-1.1006,2158.3773,2172.1773
Gabo-13,2172.6144,14.2573,107.6787,0.55988,2.0892,2.8465,-1.0907,2158.5297,2172.3297
Gabo-13,2172.7668,14.0779,108.1454,0.592464,2.1546,2.7656,-1.0182,2158.6821,2172.4821
Gabo-13,2172.9192,14.2075,107.4586,0.563309,2.2168,2.705,-0.8184,2158.8345,2172.6345
Gabo-13,2173.0716,14.2532,108.1723,0.515294,2.2494,2.6813,-0.5835,2158.9868,2172.7868
Gabo-13,2173.224,14.1783,108.0685,0.487092,2.2556,2.6881,-0.4311,2159.1392,2172.9392
Gabo-13,2173.3764,14.1369,105.2407,0.4861,2.2414,2.7107,-0.3834,2159.2916,2173.0916
Gabo-13,2173.5288,14.2805,105.3665,0.520926,2.2177,2.7398,-0.3708,2159.444,2173.244
Gabo-13,2173.6812,14.3433,108.3932,0.563677,2.2148,2.7738,-0.2925,2159.5964,2173.3964
Gabo-13,2173.8336,14.2714,112.5224,0.578759,2.2387,2.8087,-0.264,2159.7487,2173.5487
Gabo-13,2173.986,14.1041,115.9299,0.555592,2.2666,2.8391,-0.397,2159.9011,2173.7011
Gabo-13,2174.1384,13.8309,113.9557,0.517561,2.269,2.8665,-0.6328,2160.0535,2173.8535
Gabo-13,2174.2908,13.7193,116.8875,0.51034,2.2469,2.9111,-0.922,2160.2059,2174.0059
Gabo-13,2174.4432,13.7055,122.9058,0.53077,2.224,3.006,-1.3008,2160.3583,2174.1583
Gabo-13,2174.5956,13.6241,129.652,0.54345,2.2158,3.1792,-1.8127,2160.5107,2174.3107
Gabo-13,2174.748,13.2866,139.4902,0.518532,2.2294,3.4468,-2.4772,2160.663,2174.463
Gabo-13,2174.9004,12.9805,153.0041,0.466447,2.2676,3.7871,-3.3587,2160.8154,2174.6154
Gabo-13,2175.0528,12.861,164.4277,0.426925,2.3076,4.143,-4.606,2160.9678,2174.7678
Gabo-13,2175.2052,12.8682,168.8598,0.419168,2.3207,4.4727,-6.0483,2161.1202,2174.9202
Gabo-13,2175.3576,12.8845,162.4748,0.432385,2.2959,4.7531,-7.2766,2161.2726,2175.0726
Gabo-13,2175.51,12.8116,154.6445,0.438552,2.2546,4.9621,-8.1371,2161.4249,2175.2249
Gabo-13,2175.6624,12.6986,147.8315,0.429688,2.2199,5.0879,-8.7606,2161.5773,2175.3773
Gabo-13,2175.8148,12.6158,141.0401,0.409137,2.1991,5.1267,-9.2082,2161.7297,2175.5297
Gabo-13,2175.9672,12.6081,133.9767,0.3852,2.1947,5.092,-9.46,2161.8821,2175.6821
Gabo-13,2176.1196,12.6064,129.9598,0.374723,2.2111,5.0336,-9.6113,2162.0345,2175.8345
Gabo-13,2176.272,12.6344,128.7354,0.372959,2.2432,4.9948,-9.8524,2162.1868,2175.9868
Gabo-13,2176.4244,12.6997,130.9195,0.363943,2.2733,4.9782,-10.0265,2162.3392,2176.1392
Gabo-13,2176.5768,12.7832,136.4135,0.347306,2.2876,4.9728,-9.9664,2162.4916,2176.2916
Gabo-13,2176.7292,12.8321,137.8882,0.342061,2.2889,4.9735,-9.8706,2162.644,2176.444
Gabo-13,2176.8816,12.8399,130.4683,0.3477,2.2862,4.9742,-9.8632,2162.7964,2176.5964
Gabo-13,2177.034,12.8203,119.5751,0.348748,2.2811,4.976,-9.8372,2162.9488,2176.7488
Gabo-13,2177.1864,12.7841,110.7309,0.341398,2.2758,4.9806,-9.7563,2163.1011,2176.9011
Gabo-13,2177.3388,12.7499,109.3377,0.340228,2.2784,4.9835,-9.7366,2163.2535,2177.0535
Gabo-13,2177.4912,12.6932,111.9861,0.357802,2.2893,4.9827,-9.7476,2163.4059,2177.2059
Gabo-13,2177.6436,12.6464,114.9018,0.381361,2.2983,4.9784,-9.6181,2163.5583,2177.3583
Gabo-13,2177.796,12.6133,117.6496,0.392431,2.2973,4.9652,-9.385,2163.7107,2177.5107
Gabo-13,2177.9484,12.5491,121.5272,0.384479,2.285,4.9267,-9.2614,2163.863,2177.663
Gabo-13,2178.1008,12.5197,122.9661,0.373747,2.2691,4.8434,-9.2113,2164.0154,2177.8154
Gabo-13,2178.2532,12.5502,122.9698,0.380127,2.2564,4.7216,-9.0254,2164.1678,2177.9678
Gabo-13,2178.4056,12.6095,122.4816,0.406087,2.2542,4.5786,-8.5729,2164.3202,2178.1202
Gabo-13,2178.558,12.651,121.2555,0.445632,2.2697,4.4271,-7.8624,2164.4726,2178.2726
Gabo-13,2178.7104,12.7809,119.2702,0.489689,2.2996,4.274,-7.0806,2164.6249,2178.4249
Gabo-13,2178.8628,12.8734,114.8721,0.504096,2.3285,4.1317,-6.4188,2164.7773,2178.5773
Gabo-13,2179.0152,12.9141,109.0659,0.474781,2.3531,4.013,-6.0112,2164.9297,2178.7297
Gabo-13,2179.1676,12.9632,104.3974,0.425599,2.3715,3.9321,-5.873,2165.0821,2178.8821
Gabo-13,2179.32,13.02,109.5749,0.400364,2.3706,3.9081,-5.8557,2165.2345,2179.0345
Gabo-13,2179.4724,13.0755,118.8149,0.396143,2.3629,3.9379,-5.9929,2165.3868,2179.1868
Gabo-13,2179.6248,13.115,125.0841,0.390054,2.3622,4.0042,-6.3592,2165.5392,2179.3392
Gabo-13,2179.7772,13.1249,125.9417,0.378359,2.3669,4.0908,-6.9117,2165.6916,2179.4916
Gabo-13,2179.9296,13.0915,125.717,0.375493,2.3653,4.183,-7.525,2165.844,2179.644
Gabo-13,2180.082,13.076,124.6738,0.379665,2.3528,4.2707,-8.1412,2165.9964,2179.7964
Gabo-13,2180.2344,13.0805,122.9232,0.383861,2.336,4.351,-8.6872,2166.1488,2179.9488
Gabo-13,2180.3868,13.0949,122.9373,0.388312,2.3232,4.4208,-9.0557,2166.3011,2180.1011
Gabo-13,2180.5392,13.1366,132.1602,0.393652,2.3174,4.4715,-9.1879,2166.4535,2180.2535
Gabo-13,2180.6916,13.1572,139.3322,0.396819,2.3104,4.4977,-9.2464,2166.6059,2180.4059
Gabo-13,2180.844,13.1905,139.7067,0.412156,2.3003,4.5111,-9.4491,2166.7583,2180.5583
Gabo-13,2180.9964,13.2411,135.4161,0.435077,2.2929,4.5281,-9.7314,2166.9107,2180.7107
Gabo-13,2181.1488,13.2525,130.8879,0.436105,2.2922,4.5599,-9.8939,2167.063,2180.863
Gabo-13,2181.3012,13.222,124.2184,0.412355,2.2956,4.6021,-10.0805,2167.2154,2181.0154
Gabo-13,2181.4536,13.1537,118.1435,0.385838,2.3017,4.6426,-10.3519,2167.3678,2181.1678
Gabo-13,2181.606,13.0846,115.172,0.37095,2.3095,4.6938,-10.5863,2167.5202,2181.3202
Gabo-13,2181.7584,13.0749,116.4591,0.371656,2.3162,4.7845,-10.6843,2167.6726,2181.4726
Gabo-13,2181.9108,13.0631,122.2458,0.382241,2.3197,4.9188,-10.7234,2167.8249,2181.6249
Gabo-13,2182.0632,12.9895,128.9091,0.384519,2.3223,5.0584,-10.8273,2167.9773,2181.7773
Gabo-13,2182.2156,12.8679,131.6545,0.383923,2.332,5.1553,-10.92,2168.1297,2181.9297
Gabo-13,2182.368,12.727,126.6628,0.394586,2.3558,5.1735,-10.9066,2168.2821,2182.0821
Gabo-13,2182.5204,12.5581,114.6597,0.406244,2.3853,5.1056,-10.9011,2168.4345,2182.2345
Gabo-13,2182.6728,12.5017,105.682,0.407107,2.388,4.9807,-10.9533,2168.5868,2182.3868
Gabo-13,2182.8252,12.4942,102.1957,0.395984,2.3447,4.8221,-11.0544,2168.7392,2182.5392
Gabo-13,2182.9776,12.4472,103.122,0.380799,2.2661,4.6339,-11.2097,2168.8916,2182.6916
Gabo-13,2183.13,12.43,107.5192,0.377454,2.1913,4.427,-11.3894,2169.044,2182.844
Gabo-13,2183.2824,12.43,112.5043,0.387269,2.1508,4.2513,-11.4596,2169.1964,2182.9964
Gabo-13,2183.4348,12.43,113.7526,0.395179,2.1425,4.1452,-11.2999,2169.3487,2183.1487
Gabo-13,2183.5872,12.4337,111.0302,0.392533,2.1505,4.1155,-11.1043,2169.5011,2183.3011
Gabo-13,2183.7396,12.4544,111.1797,0.381562,2.1566,4.1448,-11.2563,2169.6535,2183.4535
Gabo-13,2183.892,12.519,115.9076,0.366502,2.1517,4.1953,-11.5398,2169.8059,2183.6059
Gabo-13,2184.0444,12.5799,119.088,0.365783,2.1491,4.242,-11.7137,2169.9583,2183.7583
Gabo-13,2184.1968,12.6053,118.2598,0.384528,2.1662,4.2833,-11.8087,2170.1106,2183.9106
Gabo-13,2184.3492,12.5872,114.6746,0.399717,2.2042,4.3388,-11.8929,2170.263,2184.063
Gabo-13,2184.5016,12.5832,112.6255,0.38651,2.2349,4.4468,-11.8977,2170.4154,2184.2154
Gabo-13,2184.654,12.5972,111.3139,0.362442,2.2444,4.6143,-11.8462,2170.5678,2184.3678
Gabo-13,2184.8064,12.6111,107.6451,0.338554,2.2425,4.8282,-11.8505,2170.7202,2184.5202
Gabo-13,2184.9588,12.6093,98.3659,0.308322,2.2429,5.0616,-11.9338,2170.8726,2184.6726
Gabo-13,2185.1112,12.6465,88.7535,0.28211,2.2516,5.2609,-11.9161,2171.0249,2184.8249
Gabo-13,2185.2636,12.7878,82.8925,0.276983,2.2764,5.4073,-11.7772,2171.1773,2184.9773
Gabo-13,2185.416,13.0059,78.5164,0.289388,2.312,5.4968,-11.6264,2171.3297,2185.1297
Gabo-13,2185.5684,13.2429,72.2497,0.304996,2.3379,5.5178,-11.5055,2171.4821,2185.2821
Gabo-13,2185.7208,13.3972,63.5294,0.314001,2.3322,5.4588,-11.3727,2171.6345,2185.4345
Gabo-13,2185.8732,13.2283,54.9547,0.310229,2.3018,5.3308,-11.3006,2171.7868,2185.5868
Gabo-13,2186.0256,12.8676,48.6766,0.29159,2.2645,5.1677,-11.248,2171.9392,2185.7392
Gabo-13,2186.178,12.5229,45.8798,0.265788,2.233,5.0064,-11.1094,2172.0916,2185.8916
Gabo-13,2186.3304,12.3931,47.6765,0.253155,2.2156,4.877,-10.895,2172.244,2186.044
Gabo-13,2186.4828,12.4141,52.6895,0.263531,2.2082,4.7836,-10.7219,2172.3964,2186.1964
Gabo-13,2186.6352,12.4401,57.7096,0.286638,2.2027,4.7104,-10.6912,2172.5487,2186.3487
Gabo-13,2186.7876,12.4228,60.743,0.304048,2.1951,4.6387,-10.7715,2172.7011,2186.5011
Gabo-13,2186.94,12.4161,60.4878,0.298374,2.1869,4.5577,-10.8538,2172.8535,2186.6535
Gabo-13,2187.0924,12.4987,59.6844,0.27254,2.1821,4.4823,-10.9953,2173.0059,2186.8059
Gabo-13,2187.2448,12.6261,59.46,0.244703,2.1802,4.4256,-11.2161,2173.1583,2186.9583
Gabo-13,2187.3972,12.8222,59.3157,0.230934,2.1743,4.3923,-11.4249,2173.3106,2187.1106
Gabo-13,2187.5496,13.218,58.1716,0.243635,2.1617,4.3797,-11.5611,2173.463,2187.263
Gabo-13,2187.702,13.413,60.8428,0.284265,2.1573,4.3691,-11.7009,2173.6154,2187.4154
Gabo-13,2187.8544,13.3872,63.0917,0.328533,2.1622,4.3593,-11.7332,2173.7678,2187.5678
Gabo-13,2188.0068,13.2231,60.506,0.352221,2.1649,4.3545,-11.5611,2173.9202,2187.7202
Gabo-13,2188.1592,12.9536,50.5453,0.344022,2.16,4.3556,-11.2668,2174.0725,2187.8725
Gabo-13,2188.3116,12.6927,42.3553,0.309776,2.1568,4.3639,-11.0203,2174.2249,2188.0249
Gabo-13,2188.464,12.5594,39.2267,0.271412,2.1573,4.3628,-10.7974,2174.3773,2188.1773
Gabo-13,2188.6164,12.5225,38.8993,0.246719,2.1608,4.3403,-10.5807,2174.5297,2188.3297
Gabo-13,2188.7688,12.5107,39.2061,0.239001,2.168,4.29,-10.4384,2174.6821,2188.4821
Gabo-13,2188.9212,12.508,42.7595,0.238709,2.1758,4.2056,-10.4142,2174.8344,2188.6344
Gabo-13,2189.0736,12.508,49.8276,0.247737,2.179,4.109,-10.4299,2174.9868,2188.7868
Gabo-13,2189.226,12.5043,57.5092,0.268949,2.1731,4.0077,-10.3703,2175.1392,2188.9392
Gabo-13,2189.3784,12.4911,62.5204,0.290058,2.1568,3.9035,-10.2978,2175.2916,2189.0916
Gabo-13,2189.5308,12.4518,57.8397,0.28829,2.135,3.8158,-10.4294,2175.444,2189.244
Gabo-13,2189.6832,12.4265,50.3518,0.270799,2.1177,3.7494,-10.6072,2175.5963,2189.3963
Gabo-13,2189.8356,12.4214,46.1754,0.257229,2.1097,3.702,-10.6749,2175.7487,2189.5487
Gabo-13,2189.988,12.4254,46.2977,0.260103,2.1098,3.676,-10.6881,2175.9011,2189.7011
Gabo-13,2190.1404,12.4231,48.4567,0.278246,2.1134,3.6712,-10.725,2176.0535,2189.8535
Gabo-13,2190.2928,12.4197,48.0042,0.286505,2.116,3.6756,-10.6718,2176.2058,2190.0058
Gabo-13,2190.4452,12.4221,46.4461,0.278461,2.1173,3.6794,-10.5475,2176.3582,2190.1582
Gabo-13,2190.5976,12.4281,45.5651,0.268284,2.1192,3.682,-10.5033,2176.5106,2190.3106
Gabo-13,2190.75,12.43,46.0179,0.270635,2.1226,3.6889,-10.572,2176.663,2190.463
Gabo-13,2190.9024,12.4242,46.2346,0.283574,2.1259,3.7062,-10.5252,2176.8154,2190.6154
Gabo-13,2191.0548,12.4233,46.724,0.296257,2.1265,3.7287,-10.4392,2176.9677,2190.7677
Gabo-13,2191.2072,12.4249,47.1797,0.301101,2.1242,3.7485,-10.447,2177.1201,2190.9201
Gabo-13,2191.3596,12.4171,46.4178,0.297779,2.121,3.7613,-10.5214,2177.2725,2191.0725
Gabo-13,2191.512,12.414,47.559,0.296569,2.1202,3.7683,-10.5938,2177.4249,2191.2249
Gabo-13,2191.6644,12.4202,50.1586,0.302977,2.1222,3.7795,-10.6846,2177.5773,2191.3773
Gabo-13,2191.8168,12.4471,52.2049,0.311594,2.1239,3.8015,-10.8056,2177.7296,2191.5296
Gabo-13,2191.9692,12.502,52.4267,0.317494,2.1231,3.8356,-10.8938,2177.882,2191.682
Gabo-13,2192.1216,12.5127,53.2119,0.324999,2.121,3.8813,-10.8886,2178.0344,2191.8344
Gabo-13,2192.274,12.517,58.6133,0.33843,2.1204,3.9367,-10.9559,2178.1868,2191.9868
Gabo-13,2192.4264,12.524,68.3407,0.360939,2.1218,3.9932,-11.1854,2178.3392,2192.1392
Gabo-13,2192.5788,12.5214,79.796,0.382037,2.1253,4.0411,-11.4801,2178.4915,2192.2915
Gabo-13,2192.7312,12.5131,84.7763,0.376553,2.1327,4.0753,-11.6901,2178.6439,2192.4439
Gabo-13,2192.8836,12.5517,83.0426,0.357034,2.1428,4.0977,-11.8387,2178.7963,2192.5963
Gabo-13,2193.036,12.5961,80.7159,0.354146,2.1508,4.1182,-11.9118,2178.9487,2192.7487
Gabo-13,2193.1884,12.6155,81.7252,0.365052,2.1533,4.1523,-11.8679,2179.1011,2192.9011
Gabo-13,2193.3408,12.6319,88.5733,0.361589,2.1511,4.215,-11.7951,2179.2534,2193.0534
Gabo-13,2193.4932,12.6624,99.4248,0.354473,2.1543,4.2965,-11.8555,2179.4058,2193.2058
Gabo-13,2193.6456,12.6833,112.6312,0.353914,2.1762,4.3785,-11.8873,2179.5582,2193.3582
Gabo-13,2193.798,12.6838,124.4877,0.360283,2.2149,4.4483,-11.7402,2179.7106,2193.5106
Gabo-13,2193.9504,12.6697,127.627,0.372768,2.2526,4.4979,-11.4857,2179.863,2193.663
Gabo-13,2194.1028,12.6349,123.1397,0.377358,2.2733,4.527,-11.249,2180.0153,2193.8153
Gabo-13,2194.2552,12.5827,123.2887,0.366856,2.2796,4.5332,-11.0372,2180.1677,2193.9677
Gabo-13,2194.4076,12.5339,128.7544,0.357927,2.2824,4.5158,-10.8753,2180.3201,2194.1201
Gabo-13,2194.56,12.5157,133.4765,0.368994,2.2933,4.4822,-10.8306,2180.4725,2194.2725
Gabo-13,2194.7124,12.5462,135.3792,0.384642,2.3179,4.4523,-10.8792,2180.6249,2194.4249
Gabo-13,2194.8648,12.5853,139.2219,0.382026,2.3359,4.4435,-10.9014,2180.7772,2194.5772
Gabo-13,2195.0172,12.6127,145.9958,0.361303,2.3292,4.4566,-10.8467,2180.9296,2194.7296
Gabo-13,2195.1696,12.628,154.3658,0.338107,2.2979,4.4864,-10.8606,2181.082,2194.882
Gabo-13,2195.322,12.6734,160.0669,0.327084,2.2601,4.5277,-11.1994,2181.2344,2195.0344
Gabo-13,2195.4744,12.6937,164.2794,0.319373,2.2302,4.5576,-11.6107,2181.3867,2195.1867
Gabo-13,2195.6268,12.6952,169.8306,0.306236,2.2169,4.5611,-11.8371,2181.5391,2195.3391
Gabo-13,2195.7792,12.7051,177.5677,0.29842,2.2219,4.5342,-11.9122,2181.6915,2195.4915
Gabo-13,2195.9316,12.7293,184.1048,0.319826,2.2316,4.4787,-11.9755,2181.8439,2195.6439
Gabo-13,2196.084,12.6622,187.967,0.361192,2.2251,4.4099,-11.9673,2181.9963,2195.7963
Gabo-13,2196.2364,12.5432,191.4272,0.387379,2.1978,4.3317,-11.8739,2182.1486,2195.9486
Gabo-13,2196.3888,12.4401,195.6127,0.385365,2.1629,4.2458,-11.809,2182.301,2196.101
Gabo-13,2196.5412,12.414,199.4926,0.375225,2.1425,4.1675,-11.8104,2182.4534,2196.2534
Gabo-13,2196.6936,12.4341,196.6313,0.373185,2.143,4.1102,-11.6511,2182.6058,2196.4058
Gabo-13,2196.846,12.4829,190.5959,0.364406,2.1527,4.0629,-11.4075,2182.7582,2196.5582
Gabo-13,2196.9984,12.5759,183.4042,0.341651,2.1663,4.0094,-11.2322,2182.9105,2196.7105
Gabo-13,2197.1508,12.7455,173.1377,0.324678,2.189,3.9468,-11.1133,2183.0629,2196.8629
Gabo-13,2197.3032,12.6929,157.0908,0.336003,2.2194,3.8897,-11.0281,2183.2153,2197.0153
Gabo-13,2197.4556,12.5469,140.2242,0.354256,2.2346,3.847,-11.0391,2183.3677,2197.1677
Gabo-13,2197.608,12.441,126.4264,0.355154,2.218,3.8299,-11.1081,2183.5201,2197.3201
Gabo-13,2197.7604,12.4183,117.8317,0.336476,2.1765,3.852,-11.0858,2183.6724,2197.4724
Gabo-13,2197.9128,12.4252,114.4108,0.313966,2.1415,3.906,-10.9482,2183.8248,2197.6248
Gabo-13,2198.0652,12.4243,112.042,0.29973,2.1249,3.9699,-10.9863,2183.9772,2197.7772
Gabo-13,2198.2176,12.4433,108.0317,0.29246,2.1208,4.0372,-11.2361,2184.1296,2197.9296
Gabo-13,2198.37,12.5167,101.5376,0.294217,2.1237,4.1112,-11.4771,2184.282,2198.082
Gabo-13,2198.5224,12.6405,97.4428,0.319773,2.1318,4.1899,-11.5567,2184.4343,2198.2343
Gabo-13,2198.6748,12.7664,94.9936,0.360607,2.1447,4.2694,-11.5153,2184.5867,2198.3867
Gabo-13,2198.8272,12.8524,94.2555,0.395222,2.1637,4.3377,-11.3249,2184.7391,2198.5391
Gabo-13,2198.9796,12.8869,96.7988,0.417004,2.1871,4.3827,-10.9286,2184.8915,2198.6915
Gabo-13,2199.132,12.9151,106.5331,0.435326,2.2094,4.4036,-10.4477,2185.0439,2198.8439
Gabo-13,2199.2844,12.9866,117.702,0.446517,2.2349,4.4107,-10.131,2185.1962,2198.9962
Gabo-13,2199.4368,13.0209,122.9074,0.445263,2.2694,4.4139,-9.9086,2185.3486,2199.1486
Gabo-13,2199.5892,12.9807,119.9852,0.436647,2.308,4.4132,-9.7206,2185.501,2199.301
Gabo-13,2199.7416,12.928,111.2284,0.438113,2.334,4.4002,-9.6819,2185.6534,2199.4534
Gabo-13,2199.894,12.9691,106.3736,0.465376,2.334,4.3717,-9.6506,2185.8058,2199.6058
Gabo-13,2200.0464,13.0931,107.792,0.49546,2.3094,4.3317,-9.4746,2185.9581,2199.7581
Gabo-13,2200.1988,13.2302,113.7209,0.496849,2.2751,4.2847,-9.2308,2186.1105,2199.9105
Gabo-13,2200.3512,13.2769,121.42,0.465576,2.256,4.2348,-9.0152,2186.2629,2200.0629
Gabo-13,2200.5036,13.2381,127.1941,0.446388,2.2704,4.1881,-8.6452,2186.4153,2200.2153
Gabo-13,2200.656,13.2252,130.5692,0.461848,2.3051,4.1467,-8.1543,2186.5676,2200.3676
Gabo-13,2200.8084,13.2353,131.1973,0.479823,2.3411,4.1133,-7.8143,2186.72,2200.52
Gabo-13,2200.9608,13.2061,128.3085,0.461086,2.3612,4.0948,-7.8616,2186.8724,2200.6724
Gabo-13,2201.1132,13.2247,124.6413,0.422396,2.3473,4.1043,-8.2233,2187.0248,2200.8248
Gabo-13,2201.2656,13.2755,123.9816,0.402673,2.3157,4.1534,-8.5722,2187.1772,2200.9772
Gabo-13,2201.418,13.2823,124.1291,0.404151,2.2934,4.2439,-8.8747,2187.3295,2201.1295
Gabo-13,2201.5704,13.1995,121.4221,0.401472,2.288,4.371,-9.2391,2187.4819,2201.2819
Gabo-13,2201.7228,13.1614,113.0782,0.371113,2.2838,4.5196,-9.581,2187.6343,2201.4343
Gabo-13,2201.8752,13.1877,107.28,0.33011,2.2792,4.6565,-9.842,2187.7867,2201.5867
Gabo-13,2202.0276,13.2237,105.2628,0.308285,2.2889,4.7624,-10.0119,2187.9391,2201.7391
Gabo-13,2202.18,13.2366,105.9706,0.317233,2.3178,4.8267,-10.1161,2188.0914,2201.8914
Gabo-13,2202.3324,13.2225,112.6631,0.34085,2.3474,4.8342,-10.1982,2188.2438,2202.0438
Gabo-13,2202.4848,13.2011,115.8862,0.347835,2.3522,4.7884,-10.1847,2188.3962,2202.1962
Gabo-13,2202.6372,13.1852,111.6215,0.335062,2.3328,4.7001,-10.1264,2188.5486,2202.3486
Gabo-13,2202.7896,13.1756,102.7452,0.322383,2.3018,4.583,-10.1057,2188.701,2202.501
Gabo-13,2202.942,13.1639,98.358,0.333153,2.2688,4.4632,-10.1077,2188.8533,2202.6533
Gabo-13,2203.0944,13.2152,101.8347,0.370308,2.2383,4.3678,-10.0942,2189.0057,2202.8057
Gabo-13,2203.2468,13.348,108.6007,0.414936,2.2152,4.3013,-10.0502,2189.1581,2202.9581
Gabo-13,2203.3992,13.4839,114.8823,0.439508,2.2035,4.2568,-9.9508,2189.3105,2203.1105
Gabo-13,2203.5516,13.467,117.6026,0.428293,2.2048,4.2288,-9.7243,2189.4629,2203.2629
Gabo-13,2203.704,13.2693,115.7507,0.406478,2.2158,4.216,-9.3501,2189.6153,2203.4153
Gabo-13,2203.8564,13.059,110.5385,0.386828,2.2265,4.2163,-9.0875,2189.7676,2203.5676
Gabo-13,2204.0088,12.9383,105.7426,0.367703,2.2281,4.2217,-9.0331,2189.92,2203.72
Gabo-13,2204.1612,12.9548,106.0262,0.357129,2.2215,4.2183,-8.9771,2190.0724,2203.8724
Gabo-13,2204.3136,13.0281,111.0215,0.372469,2.2249,4.1988,-8.6597,2190.2248,2204.0248
Gabo-13,2204.466,13.0314,115.0173,0.400735,2.2513,4.189,-8.2398,2190.3772,2204.1772
Gabo-13,2204.6184,13.0211,114.9141,0.424613,2.2827,4.22,-7.8675,2190.5295,2204.3295
Gabo-13,2204.7708,13.0835,109.7081,0.437628,2.2882,4.3053,-7.6365,2190.6819,2204.4819
Gabo-13,2204.9232,13.1309,101.2433,0.440316,2.2546,4.4217,-7.8232,2190.8343,2204.6343
Gabo-13,2205.0756,13.0181,87.6143,0.438476,2.2049,4.5115,-8.4777,2190.9867,2204.7867
Gabo-13,2205.228,12.9434,70.5757,0.419112,2.147,4.5612,-9.2466,2191.1391,2204.9391
Gabo-13,2205.3804,13.1288,54.3163,0.380575,2.085,4.5819,-9.8475,2191.2914,2205.0914
Gabo-13,2205.5328,13.7732,49.4944,0.352804,2.0519,4.5648,-10.2563,2191.4438,2205.2438
Gabo-13,2205.6852,13.8307,51.8916,0.343394,2.0722,4.4866,-10.4139,2191.5962,2205.3962
Gabo-13,2205.8376,13.6217,53.6408,0.347011,2.1184,4.3396,-10.4089,2191.7486,2205.5486
Gabo-13,2205.99,13.5828,51.4632,0.357614,2.1549,4.1542,-10.4327,2191.901,2205.701
Gabo-13,2206.1424,13.6983,44.2419,0.361687,2.1705,3.9961,-10.5803,2192.0533,2205.8533
Gabo-13,2206.2948,13.2672,38.7213,0.347665,2.1785,3.9038,-10.661,2192.2057,2206.0057
Gabo-13,2206.4472,12.7461,37.067,0.325434,2.1812,3.8612,-10.5234,2192.3581,2206.1581
Gabo-13,2206.5996,12.4706,38.056,0.305238,2.1735,3.84,-10.3628,2192.5105,2206.3105
Gabo-13,2206.752,12.4186,39.6413,0.290019,2.159,3.8213,-10.5197,2192.6629,2206.4629
Gabo-13,2206.9044,12.4258,37.6127,0.283115,2.1528,3.7989,-10.9213,2192.8152,2206.6152
Gabo-13,2207.0568,12.4624,35.1126,0.277378,2.155,3.7719,-11.2352,2192.9676,2206.7676
Gabo-13,2207.2092,12.5029,33.6207,0.265843,2.1563,3.7396,-11.3827,2193.12,2206.92
Gabo-13,2207.3616,12.4963,32.5756,0.25155,2.1511,3.7053,-11.4592,2193.2724,2207.0724
Gabo-13,2207.514,12.4528,31.6278,0.245516,2.1437,3.6806,-11.4675,2193.4248,2207.2248
Gabo-13,2207.6664,12.43,32.4922,0.244584,2.1397,3.6666,-11.4236,2193.5771,2207.3771
Gabo-13,2207.8188,12.4266,35.043,0.242406,2.1384,3.659,-11.4134,2193.7295,2207.5295
Gabo-13,2207.9712,12.4233,37.9237,0.239533,2.1383,3.6621,-11.424,2193.8819,2207.6819
Gabo-13,2208.1236,12.4309,35.9642,0.23948,2.1413,3.6837,-11.2865,2194.0343,2207.8343
Gabo-13,2208.276,12.4328,31.581,0.238607,2.1481,3.7032,-11.0957,2194.1867,2207.9867
Gabo-13,2208.4284,12.4317,29.5673,0.237443,2.1527,3.7071,-10.9842,2194.339,2208.139
Gabo-13,2208.5808,12.4473,31.5798,0.238237,2.151,3.695,-10.9638,2194.4914,2208.2914
Gabo-13,2208.7332,12.5372,33.6857,0.237559,2.1482,3.673,-10.9814,2194.6438,2208.4438
Gabo-13,2208.8856,12.5981,32.465,0.232819,2.1538,3.6675,-10.976,2194.7962,2208.5962
Gabo-13,2209.038,12.5893,29.4565,0.228404,2.165,3.6843,-10.9374,2194.9486,2208.7486
Gabo-13,2209.1904,12.5392,26.677,0.226131,2.1737,3.7212,-10.831,2195.101,2208.901
Gabo-13,2209.3428,12.523,26.2474,0.224368,2.174,3.7853,-10.5928,2195.2533,2209.0533
Gabo-13,2209.4952,12.5235,27.4694,0.228563,2.1684,3.8737,-10.3047,2195.4057,2209.2057
Gabo-13,2209.6476,12.5492,31.5458,0.239345,2.1632,3.9787,-10.1035,2195.5581,2209.3581
Gabo-13,2209.8,12.5967,39.6668,0.252417,2.1616,4.0923,-9.9435,2195.7105,2209.5105
Gabo-13,2209.9524,12.6348,52.5448,0.264808,2.1644,4.1908,-9.6128,2195.8629,2209.6629
Gabo-13,2210.1048,12.8005,67.5243,0.27745,2.176,4.2264,-8.9732,2196.0152,2209.8152
Gabo-13,2210.2572,12.9661,84.0301,0.292072,2.2047,4.1907,-8.1188,2196.1676,2209.9676
Gabo-13,2210.4096,13.0553,100.076,0.315519,2.2483,4.0932,-7.0973,2196.32,2210.12
Gabo-13,2210.562,13.0797,112.3693,0.354419,2.2917,3.9378,-5.8815,2196.4724,2210.2724
Gabo-13,2210.7144,13.4706,112.3325,0.409899,2.3145,3.7379,-4.5811,2196.6248,2210.4248
Gabo-13,2210.8668,14.2266,108.6579,0.49257,2.3173,3.5273,-3.3962,2196.7771,2210.5771
Gabo-13,2211.0192,14.8584,105.0892,0.596035,2.307,3.3366,-2.3156,2196.9295,2210.7295
Gabo-13,2211.1716,14.9202,101.7435,0.685129,2.2858,3.1935,-1.3997,2197.0819,2210.8819
Gabo-13,2211.324,14.2812,106.2315,0.702843,2.259,3.1279,-0.973,2197.2343,2211.0343
Gabo-13,2211.4764,13.665,114.3516,0.639338,2.2425,3.1329,-0.8355,2197.3867,2211.1867
Gabo-13,2211.6288,13.3333,121.8734,0.548931,2.2491,3.1756,-0.7636,2197.539,2211.339
Gabo-13,2211.7812,13.2526,126.1087,0.485618,2.2783,3.2246,-0.7026,2197.6914,2211.4914
Gabo-13,2211.9336,13.3182,119.5366,0.486074,2.3111,3.251,-0.5578,2197.8438,2211.6438
Gabo-13,2212.086,13.5848,108.3283,0.568518,2.321,3.2357,-0.2707,2197.9962,2211.7962
Gabo-13,2212.2384,13.9838,101.1207,0.653107,2.2975,3.1855,0.1934,2198.1486,2211.9486
Gabo-13,2212.3908,14.3582,100.1405,0.660835,2.2436,3.115,0.6547,2198.301,2212.101
Gabo-13,2212.5432,14.4157,102.6943,0.606361,2.18,3.0382,0.773,2198.4533,2212.2533
Gabo-13,2212.6956,14.4174,101.0696,0.589628,2.1552,2.9749,0.5927,2198.6057,2212.4057
Gabo-13,2212.848,14.3024,97.4993,0.621696,2.1822,2.9334,0.2365,2198.7581,2212.5581
Gabo-13,2213.0004,14.1525,96.6177,0.659189,2.2342,2.9151,-0.1408,2198.9101,2212.7101
Gabo-13,2213.1528,14.3169,103.0851,0.678254,2.274,2.9273,-0.3561,2199.0629,2212.8629
Gabo-13,2213.3052,14.2723,107.4589,0.679483,2.2826,2.9871,-0.4955,2199.2152,2213.0152
Gabo-13,2213.4576,14.1241,107.9656,0.647053,2.2607,3.1054,-0.739,2199.3676,2213.1676
Gabo-13,2213.61,13.9354,107.3204,0.583621,2.2179,3.2873,-1.2696,2199.52,2213.32
Gabo-13,2213.7624,13.6023,108.0475,0.516647,2.1797,3.5251,-2.1607,2199.6724,2213.4724
Gabo-13,2213.9148,13.2019,112.2972,0.46978,2.1889,3.7846,-3.2029,2199.8248,2213.6248
Gabo-13,2214.0672,12.9667,115.7576,0.447042,2.2356,4.0441,-4.2588,2199.9771,2213.7771
Gabo-13,2214.2196,12.8858,117.2657,0.45116,2.2865,4.3021,-5.1695,2200.1295,2213.9295
Gabo-13,2214.372,12.8696,117.6225,0.474424,2.3229,4.5584,-5.8287,2200.2819,2214.0819
Gabo-13,2214.5244,12.8711,117.776,0.479543,2.3449,4.8007,-6.4278,2200.4343,2214.2343
Gabo-13,2214.6768,12.8753,117.5731,0.447245,2.3608,5.0086,-7.1808,2200.5867,2214.3867
Gabo-13,2214.8292,12.8773,113.8143,0.401058,2.3701,5.1842,-7.9719,2200.7391,2214.5391
Gabo-13,2214.9816,12.8731,105.2789,0.364645,2.3668,5.3431,-8.596,2200.8914,2214.6914
Gabo-13,2215.134,12.8549,97.0283,0.338757,2.3502,5.4871,-9.0317,2201.0438,2214.8438
Gabo-13,2215.2864,12.819,88.9411,0.319985,2.3354,5.5769,-9.4786,2201.1962,2214.9962
Gabo-13,2215.4388,12.7635,82.5739,0.307909,2.3346,5.5729,-10.0059,2201.3486,2215.1486
Gabo-13,2215.5912,12.6992,78.2589,0.296751,2.3399,5.4697,-10.5272,2201.501,2215.301
Gabo-13,2215.7436,12.6619,72.9509,0.277633,2.3288,5.2955,-10.9436,2201.6533,2215.4533
Gabo-13,2215.896,12.6332,65.9062,0.25492,2.2966,5.0917,-11.2631,2201.8057,2215.6057
Gabo-13,2216.0484,12.6298,60.1254,0.232502,2.2658,4.8849,-11.501,2201.9581,2215.7581
Gabo-13,2216.2008,12.6379,56.1503,0.20954,2.2497,4.6996,-11.649,2202.1105,2215.9105
Gabo-13,2216.3532,12.605,52.3608,0.190309,2.2435,4.5604,-11.7477,2202.2629,2216.0629
Gabo-13,2216.5056,12.5578,50.4275,0.189287,2.237,4.4581,-11.9054,2202.4153,2216.2153
Gabo-13,2216.658,12.5262,49.1183,0.205007,2.2274,4.3644,-12.054,2202.5676,2216.3676
Gabo-13,2216.8104,12.5341,46.4246,0.224909,2.2134,4.2673,-12.1025,2202.72,2216.52
Gabo-13,2216.9628,12.604,41.075,0.238536,2.196,4.1732,-12.0715,2202.8724,2216.6724
Gabo-13,2217.1152,12.6616,42.0738,0.243196,2.1843,4.0944,-12.0961,2203.0248,2216.8248
Gabo-13,2217.2676,12.6525,45.7248,0.244099,2.1794,4.0277,-12.2372,2203.1772,2216.9772
Gabo-13,2217.42,12.6171,49.4784,0.249802,2.1768,3.9674,-12.3294,2203.3295,2217.1295
Gabo-13,2217.5724,12.6033,53.2382,0.262737,2.1737,3.9136,-12.2727,2203.4819,2217.2819
Gabo-13,2217.7248,12.602,54.3624,0.271717,2.1703,3.8666,-12.2315,2203.6343,2217.4343
Gabo-13,2217.8772,12.6059,54.8677,0.26971,2.1662,3.8197,-12.1867,2203.7867,2217.5867
Gabo-13,2218.0296,12.5465,55.4004,0.270105,2.1625,3.7669,-12.1083,2203.9391,2217.7391
Gabo-13,2218.182,12.4093,55.3652,0.282868,2.1594,3.7154,-12.1118,2204.0914,2217.8914
Gabo-13,2218.3344,12.366,53.658,0.299418,2.1547,3.6899,-12.3037,2204.2438,2218.0438
Gabo-13,2218.4868,12.4229,53.8742,0.311098,2.1474,3.7103,-12.5029,2204.3962,2218.1962
Gabo-13,2218.6392,12.4819,56.0134,0.314619,2.1386,3.7739,-12.6365,2204.5486,2218.3486
Gabo-13,2218.7916,12.5046,58.4763,0.304503,2.1291,3.8622,-12.7903,2204.701,2218.501
Gabo-13,2218.944,12.5073,59.1213,0.277461,2.1217,3.9495,-12.9775,2204.8534,2218.6534
Gabo-13,2219.0964,12.4734,59.3601,0.250335,2.125,4.019,-13.0142,2205.0057,2218.8057
Gabo-13,2219.2488,12.4398,59.0429,0.238233,2.1402,4.0609,-12.9273,2205.1581,2218.9581
Gabo-13,2219.4012,12.4458,57.8093,0.237277,2.1594,4.0639,-12.9019,2205.3105,2219.1105
Gabo-13,2219.5536,12.5257,55.8264,0.237474,2.1725,4.0166,-12.948,2205.4629,2219.2629
Gabo-13,2219.706,12.4902,56.232,0.243805,2.1772,3.9232,-12.7872,2205.6153,2219.4153
Gabo-13,2219.8584,12.4021,59.17,0.258989,2.179,3.8133,-12.6549,2205.7677,2219.5677
Gabo-13,2220.0108,12.3192,62.9397,0.273348,2.1781,3.7226,-12.6987,2205.92,2219.72
Gabo-13,2220.1632,12.2464,65.745,0.279547,2.1687,3.6736,-12.7456,2206.0724,2219.8724
Gabo-13,2220.3156,12.2299,66.2364,0.285425,2.1484,3.6603,-12.6878,2206.2248,2220.0248
Gabo-13,2220.468,12.2636,65.6771,0.289825,2.1285,3.6665,-12.6291,2206.3772,2220.1772
Gabo-13,2220.6204,12.3039,65.1715,0.289409,2.1184,3.6835,-12.6177,2206.5296,2220.3296
Gabo-13,2220.7728,12.3188,65.0426,0.288523,2.121,3.7075,-12.5726,2206.6819,2220.4819
Gabo-13,2220.9252,12.3231,63.8535,0.292168,2.134,3.7348,-12.4469,2206.8343,2220.6343
Gabo-13,2221.0776,12.3573,62.7439,0.289852,2.1477,3.76,-12.4603,2206.9867,2220.7867
Gabo-13,2221.23,12.3797,63.2865,0.283288,2.1569,3.7797,-12.6214,2207.1391,2220.9391
Gabo-13,2221.3824,12.3596,65.4946,0.28691,2.1644,3.7943,-12.7636,2207.2915,2221.0915
Gabo-13,2221.5348,12.3345,66.2977,0.308831,2.1735,3.8069,-12.8431,2207.4439,2221.2439
Gabo-13,2221.6872,12.3297,62.0382,0.333589,2.176,3.8196,-13.0096,2207.5962,2221.3962
Gabo-13,2221.8396,12.3562,56.0637,0.352874,2.1692,3.8337,-13.1945,2207.7486,2221.5486
Gabo-13,2221.992,12.4008,52.0661,0.368864,2.158,3.8529,-13.2843,2207.901,2221.701
Gabo-13,2222.1444,12.414,53.5823,0.378496,2.1476,3.8862,-13.3406,2208.0534,2221.8534
Gabo-13,2222.2968,12.414,55.3329,0.371474,2.139,3.942,-13.4545,2208.2058,2222.0058
Gabo-13,2222.4492,12.414,54.2126,0.357051,2.1345,4.0106,-13.4737,2208.3581,2222.1581
Gabo-13,2222.6016,12.414,51.3612,0.340931,2.1377,4.0781,-13.3931,2208.5105,2222.3105
Gabo-13,2222.754,12.414,49.5702,0.319914,2.1516,4.1289,-13.3851,2208.6629,2222.4629
Gabo-13,2222.9064,12.4145,57.2074,0.304005,2.1745,4.1441,-13.4148,2208.8153,2222.6153
Gabo-13,2223.0588,12.4474,70.9753,0.300128,2.1929,4.1261,-13.4109,2208.9677,2222.7677
Gabo-13,2223.2112,12.4978,84.2431,0.303656,2.1987,4.08,-13.4163,2209.1201,2222.9201
Gabo-13,2223.3636,12.5301,91.4924,0.312104,2.1925,4.0101,-13.4857,2209.2724,2223.0724
Gabo-13,2223.516,12.5739,92.727,0.332284,2.1782,3.9373,-13.5323,2209.4248,2223.2248
Gabo-13,2223.6684,12.5981,91.4036,0.353136,2.1614,3.8833,-13.4019,2209.5772,2223.3772
Gabo-13,2223.8208,12.6047,87.2786,0.360851,2.1479,3.8621,-13.1871,2209.7296,2223.5296
Gabo-13,2223.9732,12.6111,79.4148,0.354679,2.1416,3.8808,-13.1337,2209.882,2223.682
Gabo-13,2224.1256,12.6065,70.7185,0.345793,2.1434,3.9316,-13.3477,2210.0344,2223.8344
Gabo-13,2224.278,12.603,66.5034,0.340126,2.1521,3.9868,-13.5506,2210.1867,2223.9867
Gabo-13,2224.4304,12.6173,69.4391,0.339688,2.1696,4.0199,-13.6046,2210.3391,2224.1391
Gabo-13,2224.5828,12.6349,79.5484,0.343286,2.1971,4.0284,-13.582,2210.4915,2224.2915
Gabo-13,2224.7352,12.5566,93.3362,0.347954,2.2244,4.026,-13.538,2210.6439,2224.4439
Gabo-13,2224.8876,12.5122,100.8455,0.358977,2.229,4.0053,-13.407,2210.7963,2224.5963
Gabo-13,2225.04,12.4795,100.096,0.374072,2.2048,3.9704,-13.2174,2210.9486,2224.7486
Gabo-13,2225.1924,12.4291,93.0249,0.384374,2.169,3.9326,-13.0635,2211.101,2224.901
Gabo-13,2225.3448,12.414,82.9679,0.382767,2.1473,3.9046,-12.953,2211.2534,2225.0534
Gabo-13,2225.4972,12.414,77.155,0.369819,2.145,3.9056,-12.7713,2211.4058,2225.2058
Gabo-13,2225.6496,12.4167,76.1563,0.3498,2.1507,3.9193,-12.6367,2211.5582,2225.3582
Gabo-13,2225.802,12.4511,76.7519,0.330378,2.1578,3.918,-12.6337,2211.7106,2225.5106
Gabo-13,2225.9544,12.5687,74.4671,0.32141,2.1667,3.8908,-12.6881,2211.8629,2225.6629
Gabo-13,2226.1068,12.6051,71.3412,0.326308,2.1784,3.8533,-12.7615,2212.0153,2225.8153
Gabo-13,2226.2592,12.5688,67.9357,0.339916,2.1872,3.8249,-12.8509,2212.1677,2225.9677
Gabo-13,2226.4116,12.5227,64.7386,0.358691,2.1896,3.8108,-12.8902,2212.3201,2226.1201
Gabo-13,2226.564,12.5086,62.8562,0.379349,2.1863,3.8169,-12.7951,2212.4725,2226.2725
Gabo-13,2226.7164,12.5086,64.6133,0.388079,2.1765,3.8637,-12.6664,2212.6248,2226.4248
Gabo-13,2226.8688,12.5422,68.2818,0.370472,2.1623,3.9489,-12.8037,2212.7772,2226.5772
Gabo-13,2227.0212,12.5841,72.9749,0.339873,2.1504,4.0496,-13.0594,2212.9296,2226.7296
Gabo-13,2227.1736,12.6026,78.1927,0.325723,2.1484,4.1488,-13.1785,2213.082,2226.882
Gabo-13,2227.326,12.6297,79.4015,0.343767,2.1596,4.2421,-13.257,2213.2344,2227.0344
Gabo-13,2227.4784,12.6301,77.7239,0.368412,2.1753,4.3183,-13.2612,2213.3868,2227.1868
Gabo-13,2227.6308,12.5856,76.1261,0.389694,2.1867,4.3737,-13.1318,2213.5391,2227.3391
Gabo-13,2227.7832,12.507,76.3522,0.409365,2.1904,4.4115,-12.9309,2213.6915,2227.4915
Gabo-13,2227.9356,12.4394,80.0905,0.414228,2.1887,4.4374,-12.7677,2213.8439,2227.6439
Gabo-13,2228.088,12.4164,83.895,0.396819,2.1879,4.4642,-12.6196,2213.9963,2227.7963
Gabo-13,2228.2404,12.4176,86.7702,0.374722,2.1899,4.4989,-12.3519,2214.1487,2227.9487
Gabo-13,2228.3928,12.4422,89.1345,0.364422,2.1932,4.5451,-11.9976,2214.301,2228.101
Gabo-13,2228.5452,12.5305,91.3657,0.36772,2.1947,4.6125,-11.7479,2214.4534,2228.2534
Gabo-13,2228.6976,12.618,94.6934,0.376941,2.1904,4.7098,-11.5782,2214.6058,2228.4058
Gabo-13,2228.85,12.6677,99.8368,0.387801,2.1826,4.8316,-11.3699,2214.7582,2228.5582
Gabo-13,2229.0024,12.6956,106.4735,0.403738,2.181,4.9653,-11.1563,2214.9106,2228.7106
Gabo-13,2229.1548,12.7375,113.7473,0.420632,2.1997,5.099,-11.1017,2215.063,2228.863
Gabo-13,2229.3072,12.8409,116.2013,0.413415,2.2475,5.2258,-11.2321,2215.2153,2229.0153
Gabo-13,2229.4596,12.9628,114.0942,0.387977,2.3104,5.3347,-11.1814,2215.3677,2229.1677
Gabo-13,2229.612,13.0779,110.511,0.363079,2.3661,5.3886,-10.8824,2215.5201,2229.3201
Gabo-13,2229.7644,13.1824,108.4167,0.34624,2.4005,5.3367,-10.4741,2215.6725,2229.4725
Gabo-13,2229.9168,13.2866,109.942,0.340693,2.4177,5.1505,-9.759,2215.8249,2229.6249
Gabo-13,2230.0692,13.4227,112.1366,0.36787,2.4223,4.8651,-8.5563,2215.9772,2229.7772
Gabo-13,2230.2216,13.7565,111.3058,0.441804,2.4046,4.53,-6.9775,2216.1296,2229.9296
Gabo-13,2230.374,14.3816,105.7852,0.537555,2.3491,4.1714,-5.3858,2216.282,2230.082
Gabo-13,2230.5264,14.8944,100.0273,0.589005,2.2524,3.806,-4.2225,2216.4344,2230.2344
Gabo-13,2230.6788,14.9077,98.8546,0.590757,2.15,3.4777,-3.3099,2216.5868,2230.3868
Gabo-13,2230.8312,14.8555,102.8255,0.594297,2.0879,3.2227,-2.4198,2216.7391,2230.5391
Gabo-13,2230.9836,14.9735,109.6004,0.61607,2.0879,3.0569,-1.5205,2216.8915,2230.6915
Gabo-13,2231.136,14.6914,110.8045,0.62429,2.1345,2.9829,-0.6515,2217.0439,2230.8439
Gabo-13,2231.2884,14.3944,108.7937,0.625327,2.1787,2.9753,0.0196,2217.1963,2230.9963
Gabo-13,2231.4408,14.1658,107.1567,0.622732,2.1829,3.0001,0.395,2217.3487,2231.1487
Gabo-13,2231.5932,14.0372,105.7606,0.615177,2.1408,3.036,0.5168,2217.5011,2231.3011
Gabo-13,2231.7456,14.3161,101.836,0.628638,2.0746,3.0759,0.5103,2217.6534,2231.4534
Gabo-13,2231.898,14.5762,102.3081,0.679486,2.0227,3.1248,0.5176,2217.8058,2231.6058
Gabo-13,2232.0504,14.4439,104.6251,0.67685,1.9895,3.1795,0.622,2217.9582,2231.7582
Gabo-13,2232.2028,14.2197,105.0934,0.591385,1.9803,3.2339,0.775,2218.1106,2231.9106
Gabo-13,2232.3552,14.5872,101.6545,0.508363,2.0162,3.2831,0.8977,2218.263,2232.063
Gabo-13,2232.5076,14.9184,97.5985,0.52397,2.0918,3.3175,1.009,2218.4153,2232.2153
Gabo-13,2232.66,15.205,97.9537,0.62657,2.1642,3.3355,1.0059,2218.5677,2232.3677
Gabo-13,2232.8124,15.3414,102.1694,0.718524,2.2122,3.3371,0.9146,2218.7201,2232.5201
Gabo-13,2232.9648,15.061,107.4775,0.706876,2.2418,3.3189,0.8651,2218.8725,2232.6725
Gabo-13,2233.1172,14.783,109.6208,0.611113,2.2579,3.2758,0.8468,2219.0249,2232.8249
Gabo-13,2233.2696,14.7515,109.5418,0.559429,2.253,3.2067,0.8483,2219.1772,2232.9772
Gabo-13,2233.422,14.6698,107.5238,0.574417,2.2315,3.1173,0.9668,2219.3296,2233.1296
Gabo-13,2233.5744,14.2925,103.5241,0.608855,2.2111,3.0178,1.1921,2219.482,2233.282
Gabo-13,2233.7268,14.0047,101.294,0.65175,2.2072,2.9209,1.3057,2219.6344,2233.4344
Gabo-13,2233.8792,13.9869,99.9808,0.698709,2.2123,2.8342,1.3464,2219.7868,2233.5868
Gabo-13,2234.0316,14.1334,99.4923,0.730557,2.2231,2.7624,1.4572,2219.9391,2233.7391
Gabo-13,2234.184,14.3544,100.1973,0.723498,2.2408,2.714,1.6268,2220.0915,2233.8915
Gabo-13,2234.3364,14.6007,101.3958,0.676389,2.2572,2.7008,1.7076,2220.2439,2234.0439
Gabo-13,2234.4888,14.4915,102.309,0.641563,2.2623,2.7166,1.6547,2220.3963,2234.1963
Gabo-13,2234.6412,14.2238,103.758,0.611499,2.2603,2.7435,1.5259,2220.5487,2234.3487
Gabo-13,2234.7936,14.0468,106.6827,0.565333,2.267,2.768,1.3172,2220.701,2234.501
Gabo-13,2234.946,14.131,112.1078,0.525715,2.2919,2.7889,0.9797,2220.8534,2234.6534
Gabo-13,2235.0984,14.1385,111.0544,0.521111,2.3117,2.8245,0.6157,2221.0058,2234.8058
Gabo-13,2235.2508,13.9947,106.6347,0.536925,2.3095,2.897,0.3404,2221.1582,2234.9582
Gabo-13,2235.4032,13.8042,103.2674,0.537697,2.3003,3.0299,-0.0213,2221.3106,2235.1106
Gabo-13,2235.5556,13.6952,103.4198,0.50417,2.3086,3.2442,-0.8266,2221.4629,2235.2629
Gabo-13,2235.708,13.5592,106.9719,0.463271,2.3314,3.5354,-2.1422,2221.6153,2235.4153
Gabo-13,2235.8604,13.4652,107.0822,0.435006,2.3497,3.8797,-3.5939,2221.7677,2235.5677
Gabo-13,2236.0128,13.4352,103.6702,0.419216,2.3574,4.2437,-4.9584,2221.9201,2235.7201
Gabo-13,2236.1652,13.4333,100.0328,0.416195,2.3567,4.5927,-6.1809,2222.0725,2235.8725
Gabo-13,2236.3176,13.4352,98.2898,0.432352,2.347,4.8917,-7.1238,2222.2248,2236.0248
Gabo-13,2236.47,13.4322,96.779,0.4594,2.3308,5.1055,-7.8101,2222.3772,2236.1772
Gabo-13,2236.6224,13.385,96.4137,0.484643,2.313,5.2245,-8.4184,2222.5296,2236.3296
Gabo-13,2236.7748,13.2736,98.7971,0.493302,2.2995,5.2542,-8.9712,2222.682,2236.482
Gabo-13,2236.9272,13.2108,104.1672,0.473127,2.2995,5.2075,-9.2841,2222.8343,2236.6343
Gabo-13,2237.0796,13.144,110.6218,0.449818,2.3206,5.1196,-9.5059,2222.9867,2236.7867
Gabo-13,2237.232,13.0882,115.5828,0.439347,2.354,5.0141,-9.7429,2223.1391,2236.9391
Gabo-13,2237.3844,13.0752,117.7127,0.432228,2.3769,4.8989,-9.9269,2223.2915,2237.0915
Gabo-13,2237.5368,13.0884,116.8242,0.414294,2.3684,4.7831,-9.9466,2223.4439,2237.2439
Gabo-13,2237.6892,13.0796,115.9289,0.394418,2.3442,4.6809,-9.7175,2223.5962,2237.3962
Gabo-13,2237.8416,13.0634,117.6986,0.387965,2.3221,4.6051,-9.3046,2223.7486,2237.5486
Gabo-13,2237.994,13.0467,122.4773,0.400113,2.3061,4.5616,-8.8367,2223.901,2237.701
Gabo-13,2238.1464,13.005,128.9801,0.418052,2.2953,4.5475,-8.5032,2224.0534,2237.8534
Gabo-13,2238.2988,12.986,137.408,0.41528,2.2872,4.5519,-8.5655,2224.2058,2238.0058
Gabo-13,2238.4512,12.9786,149.7066,0.408655,2.2837,4.5704,-9.0022,2224.3581,2238.1581
Gabo-13,2238.6036,12.9656,166.4919,0.411423,2.2914,4.6016,-9.561,2224.5105,2238.3105
Gabo-13,2238.756,12.9433,187.4299,0.411373,2.3182,4.6428,-10.0443,2224.6629,2238.4629
Gabo-13,2238.9084,12.8152,197.3906,0.403006,2.3623,4.6922,-10.5059,2224.8153,2238.6153
Gabo-13,2239.0608,12.6964,196.4008,0.399896,2.4053,4.7409,-10.8418,2224.9677,2238.7677
Gabo-13,2239.2132,12.6552,192.5649,0.410236,2.4355,4.7743,-10.9427,2225.12,2238.92
Gabo-13,2239.3656,12.6978,193.5791,0.43424,2.4532,4.7612,-10.8299,2225.2724,2239.0724
Gabo-13,2239.518,12.759,206.027,0.461646,2.4632,4.6561,-10.5506,2225.4248,2239.2248
Gabo-13,2239.6704,12.8347,211.8875,0.46544,2.4639,4.4871,-10.0437,2225.5772,2239.3772
Gabo-13,2239.8228,12.9581,198.8946,0.470921,2.454,4.326,-9.3234,2225.7295,2239.5295
Gabo-13,2239.9752,13.1654,164.4412,0.530445,2.4338,4.28,-8.5361,2225.8819,2239.6819
Gabo-13,2240.1276,13.5554,120.6301,0.621047,2.4035,4.4732,-7.9943,2226.0343,2239.8343
Gabo-13,2240.28,13.4531,86.1544,0.59151,2.3709,4.8188,-8.0422,2226.1867,2239.9867
Gabo-13,2240.4324,13.0076,63.5345,0.435294,2.3525,5.1455,-8.6338,2226.3391,2240.1391
Gabo-13,2240.5848,12.5732,50.8168,0.263362,2.3516,5.3533,-9.5082,2226.4914,2240.2914
Gabo-13,2240.7372,12.4313,47.7831,0.174953,2.3545,5.4213,-10.3807,2226.6438,2240.4438
Gabo-13,2240.8896,12.4856,45.7062,0.172715,2.3573,5.381,-11.0399,2226.7962,2240.5962
Gabo-13,2241.042,12.6202,45.1798,0.210806,2.3463,5.2033,-11.4759,2226.9486,2240.7486
Gabo-13,2241.1944,12.7769,48.8645,0.252905,2.3068,4.8581,-11.8039,2227.1009,2240.9009
Gabo-13,2241.3468,12.8742,58.1502,0.281238,2.2462,4.4443,-12.1392,2227.2533,2241.0533
Gabo-13,2241.4992,12.7277,66.9279,0.307157,2.2024,4.2188,-12.4575,2227.4057,2241.2057
Gabo-13,2241.6516,12.5717,68.5948,0.33612,2.1894,4.1973,-12.7226,2227.5581,2241.3581
Gabo-13,2241.804,12.4818,61.829,0.348557,2.1945,4.2564,-12.9922,2227.7105,2241.5105
Gabo-13,2241.9564,12.3599,47.6958,0.324913,2.2004,4.3012,-13.2973,2227.8628,2241.6628
Gabo-13,2242.1088,12.3204,41.5411,0.285921,2.1972,4.2799,-13.5085,2228.0152,2241.8152
Gabo-13,2242.2612,12.32,41.4291,0.260808,2.1878,4.1915,-13.6746,2228.1676,2241.9676
Gabo-13,2242.4136,12.32,41.9385,0.259524,2.1773,4.0647,-13.9088,2228.32,2242.12
Gabo-13,2242.566,12.32,40.192,0.273917,2.1685,3.936,-14.1769,2228.4723,2242.2723
Gabo-13,2242.7184,12.32,38.8684,0.281237,2.1631,3.8381,-14.2912,2228.6247,2242.4247
Gabo-13,2242.8708,12.32,36.9126,0.276926,2.1628,3.7741,-14.2879,2228.7771,2242.5771
Gabo-13,2243.0232,12.3247,35.1257,0.272086,2.1673,3.7262,-14.2757,2228.9295,2242.7295
Gabo-13,2243.1756,12.342,34.8734,0.273206,2.173,3.68,-14.274,2229.0819,2242.8819
Gabo-13,2243.328,12.3976,35.1305,0.276168,2.175,3.6309,-14.2837,2229.2342,2243.0342
Gabo-13,2243.4804,12.4272,35.1472,0.279614,2.1733,3.5776,-14.4044,2229.3866,2243.1866
Gabo-13,2243.6328,12.4307,35.6724,0.287617,2.1726,3.5225,-14.6017,2229.539,2243.339
Gabo-13,2243.7852,12.4383,36.8094,0.298864,2.175,3.4679,-14.7136,2229.6914,2243.4914
Gabo-13,2243.9376,12.4954,36.6895,0.303012,2.1753,3.4128,-14.6534,2229.8437,2243.6437
Gabo-13,2244.09,12.539,35.1052,0.295238,2.1666,3.3548,-14.6336,2229.9961,2243.7961
Gabo-13,2244.2424,12.5675,33.6726,0.282861,2.1559,3.2937,-14.7173,2230.1485,2243.9485
Gabo-13,2244.3948,12.5871,32.9407,0.27369,2.1521,3.2379,-14.8605,2230.3009,2244.1009
Gabo-13,2244.5472,12.5757,32.3517,0.267733,2.1557,3.2012,-15.0236,2230.4532,2244.2532
Gabo-13,2244.6996,12.5859,32.6899,0.257578,2.1583,3.1833,-15.087,2230.6056,2244.4056
Gabo-13,2244.852,12.5986,32.1541,0.249208,2.1589,3.1717,-15.0983,2230.758,2244.558
Gabo-13,2245.0044,12.5892,30.6123,0.249143,2.1611,3.1562,-15.0706,2230.9104,2244.7104
Gabo-13,2245.1568,12.5483,29.4965,0.253179,2.1645,3.1352,-15.0066,2231.0628,2244.8628
Gabo-13,2245.3092,12.5204,29.0819,0.251265,2.1638,3.1185,-15.0829,2231.2151,2245.0151
Gabo-13,2245.4616,12.5437,28.3576,0.246206,2.1616,3.109,-15.1131,2231.3675,2245.1675
Gabo-13,2245.614,12.591,27.9456,0.240362,2.1626,3.1039,-14.9315,2231.5199,2245.3199
Gabo-13,2245.7664,12.6214,29.0136,0.23351,2.1677,3.1024,-14.6319,2231.6723,2245.4723
Gabo-13,2245.9188,12.6624,31.2275,0.229868,2.1728,3.106,-14.4239,2231.8246,2245.6246
Gabo-13,2246.0712,12.7182,33.2746,0.227019,2.1782,3.1038,-14.3197,2231.977,2245.777
Gabo-13,2246.2236,12.7628,33.904,0.224928,2.1874,3.0834,-14.2201,2232.1294,2245.9294
Gabo-13,2246.376,12.7856,32.9805,0.22635,2.1991,3.0393,-14.11,2232.2818,2246.0818
Gabo-13,2246.5284,12.8465,34.6733,0.234194,2.1998,2.9788,-14.0129,2232.4341,2246.2341
Gabo-13,2246.6808,13.1697,34.0062,0.259688,2.1793,2.9278,-13.739,2232.5865,2246.3865
Gabo-13,2246.8332,13.5728,30.324,0.309248,2.148,2.8962,-13.3146,2232.7389,2246.5389
Gabo-13,2246.9856,13.8476,26.1536,0.358857,2.1223,2.8848,-13.0361,2232.8913,2246.6913
Gabo-13,2247.138,13.8557,26.6078,0.360509,2.1163,2.9018,-13.1356,2233.0436,2246.8436
Gabo-13,2247.2904,13.5803,28.6045,0.321858,2.1362,2.9552,-13.3094,2233.196,2246.996
Gabo-13,2247.4428,13.3233,30.5339,0.289082,2.1622,3.0475,-13.4157,2233.3484,2247.1484
Gabo-13,2247.5952,13.2042,35.2802,0.27656,2.1768,3.1842,-13.5409,2233.5008,2247.3008
Gabo-13,2247.7476,13.1319,49.741,0.265791,2.1804,3.3753,-13.7208,2233.6532,2247.4532
Gabo-13,2247.9,12.9926,74.5638,0.252093,2.1824,3.6144,-13.9035,2233.8055,2247.6055
Gabo-13,2248.0524,12.8656,99.2041,0.24938,2.1878,3.8724,-14.1367,2233.9579,2247.7579
Gabo-13,2248.2048,12.8128,116.1643,0.265108,2.2067,4.1309,-14.5231,2234.1103,2247.9103
Gabo-13,2248.3572,12.8553,120.4485,0.293681,2.251,4.382,-14.9597,2234.2627,2248.0627
Gabo-13,2248.5096,12.8749,122.2279,0.321297,2.3115,4.6086,-15.0134,2234.415,2248.215
Gabo-13,2248.662,12.875,125.0461,0.343793,2.3634,4.794,-14.8142,2234.5674,2248.3674
Gabo-13,2248.8144,12.875,126.0814,0.358183,2.3934,4.9233,-14.637,2234.7198,2248.5198
Gabo-13,2248.9668,12.875,122.6128,0.358811,2.4004,4.9955,-14.4967,2234.8722,2248.6722
Gabo-13,2249.1192,12.875,118.274,0.346444,2.3933,5.0493,-14.2777,2235.0245,2248.8245
Gabo-13,2249.2716,12.875,117.3189,0.333935,2.386,5.1298,-14.1181,2235.1769,2248.9769
Gabo-13,2249.424,12.8554,120.5146,0.332008,2.3834,5.238,-14.1324,2235.3293,2249.1293
Gabo-13,2249.5764,12.7895,126.2851,0.345228,2.3832,5.3428,-14.1729,2235.4817,2249.2817
Gabo-13,2249.7288,12.6127,125.4365,0.369655,2.3815,5.3972,-14.0153,2235.634,2249.434
Gabo-13,2249.8812,12.4814,119.7194,0.386972,2.3747,5.3721,-13.9665,2235.7864,2249.5864
Gabo-13,2250.0336,12.4337,110.7174,0.390339,2.3628,5.2746,-14.1566,2235.9388,2249.7388
Gabo-13,2250.186,12.4673,97.5771,0.382348,2.3502,5.1031,-14.4528,2236.0912,2249.8912
Gabo-13,2250.3384,12.6486,77.8607,0.369957,2.3371,4.8452,-14.7504,2236.2435,2250.0435
Gabo-13,2250.4908,13.0869,61.8863,0.365822,2.3071,4.5497,-15.0157,2236.3959,2250.1959
Gabo-13,2250.6432,13.1074,52.0435,0.356961,2.2634,4.2667,-15.2253,2236.5483,2250.3483
Gabo-13,2250.7956,12.6428,46.2746,0.337335,2.2236,4.0275,-15.4001,2236.7007,2250.5007
Gabo-13,2250.948,12.4364,41.9316,0.325908,2.1977,3.8509,-15.6089,2236.853,2250.653
Gabo-13,2251.1004,12.4152,38.6276,0.336487,2.173,3.7124,-15.8393,2237.0054,2250.8054
Gabo-13,2251.2528,12.4198,36.8927,0.356695,2.1458,3.5906,-15.9483,2237.1578,2250.9578
Gabo-13,2251.4052,12.4468,36.1717,0.369775,2.1259,3.4798,-15.9383,2237.3102,2251.1102
Gabo-13,2251.5576,12.5155,35.2692,0.362865,2.1238,3.382,-15.9294,2237.4625,2251.2625
Gabo-13,2251.71,12.5738,32.7565,0.33123,2.1393,3.3113,-15.938,2237.6149,2251.4149
Gabo-13,2251.8624,12.6615,30.9058,0.298621,2.1614,3.2747,-15.9673,2237.7673,2251.5673
Gabo-13,2252.0148,12.7354,31.0124,0.282883,2.1792,3.2752,-15.9695,2237.9197,2251.7197
Gabo-13,2252.1672,12.7237,33.3298,0.280914,2.1864,3.3198,-15.9326,2238.072,2251.872
Gabo-13,2252.3196,12.721,37.4341,0.27674,2.1848,3.4136,-15.9572,2238.2244,2252.0244
Gabo-13,2252.472,12.6787,41.0459,0.267769,2.185,3.5415,-15.9014,2238.3768,2252.1768
Gabo-13,2252.6244,12.6203,42.3643,0.262178,2.1919,3.692,-15.6391,2238.5292,2252.3292
Gabo-13,2252.7768,12.5898,41.0747,0.26287,2.2048,3.8573,-15.3524,2238.6815,2252.4815
Gabo-13,2252.9292,12.5493,40.7402,0.262143,2.2189,4.0247,-15.4137,2238.8339,2252.6339
Gabo-13,2253.0816,12.5358,42.1499,0.255512,2.2258,4.195,-15.6523,2238.9863,2252.7863
Gabo-13,2253.234,12.5833,45.9608,0.248969,2.2243,4.3641,-15.8387,2239.1387,2252.9387
Gabo-13,2253.3864,12.71,51.4823,0.252197,2.2195,4.5291,-15.9606,2239.291,2253.091
Gabo-13,2253.5388,12.9512,53.9883,0.270175,2.2176,4.6949,-16.0513,2239.4434,2253.2434
Gabo-13,2253.6912,13.0162,55.9131,0.292371,2.2208,4.8529,-16.0763,2239.5958,2253.3958
Gabo-13,2253.8436,12.8721,57.4405,0.310771,2.2257,4.9882,-16.0671,2239.7482,2253.5482
Gabo-13,2253.996,12.6475,59.3024,0.322618,2.2247,5.1023,-16.0953,2239.9005,2253.7005
Gabo-13,2254.1484,12.5487,64.9653,0.32849,2.2108,5.2015,-16.1418,2240.0529,2253.8529
Gabo-13,2254.3008,12.5948,64.9976,0.338083,2.1879,5.2689,-16.0576,2240.2053,2254.0053
Gabo-13,2254.4532,12.6248,58.9911,0.353337,2.1676,5.3067,-15.9397,2240.3576,2254.1576
Gabo-13,2254.6056,12.5986,50.934,0.3658,2.1599,5.3221,-15.8911,2240.51,2254.31
Gabo-13,2254.758,12.5538,44.7576,0.363581,2.1654,5.3189,-15.8861,2240.6624,2254.4624
Gabo-13,2254.9104,12.4709,41.1424,0.341223,2.1675,5.3068,-15.9164,2240.8148,2254.6148
Gabo-13,2255.0628,12.4223,40.4385,0.313605,2.1601,5.2597,-16.0195,2240.9671,2254.7671
Gabo-13,2255.2152,12.414,41.8659,0.297988,2.1473,5.1365,-16.1631,2241.1195,2254.9195
Gabo-13,2255.3676,12.414,44.1555,0.297832,2.1361,4.9215,-16.2114,2241.2719,2255.0719
Gabo-13,2255.52,12.414,45.9768,0.299159,2.1363,4.6461,-16.103,2241.4243,2255.2243
Gabo-13,2255.6724,12.414,44.9481,0.295944,2.1465,4.3522,-16.1872,2241.5766,2255.3766
Gabo-13,2255.8248,12.414,42.0978,0.289413,2.1555,4.0631,-16.4647,2241.729,2255.529
Gabo-13,2255.9772,12.414,39.3321,0.282946,2.1558,3.797,-16.6991,2241.8814,2255.6814
Gabo-13,2256.1296,12.414,39.0981,0.282029,2.1505,3.5853,-16.8425,2242.0338,2255.8338
Gabo-13,2256.282,12.414,38.9914,0.283091,2.1467,3.4508,-16.9034,2242.1861,2255.9861
Gabo-13,2256.4344,12.4245,38.3839,0.278331,2.1465,3.3727,-16.8234,2242.3385,2256.1385
Gabo-13,2256.5868,12.4659,37.7502,0.268693,2.1522,3.3136,-16.6462,2242.4909,2256.2909
Gabo-13,2256.7392,12.5884,37.474,0.262794,2.1664,3.2474,-16.5882,2242.6432,2256.4432
Gabo-13,2256.8916,12.5524,39.3206,0.261255,2.1804,3.1804,-16.7151,2242.7956,2256.5956
Gabo-13,2257.044,12.4635,42.7187,0.266126,2.1833,3.1277,-16.7918,2242.948,2256.748
Gabo-13,2257.1964,12.4214,47.9377,0.278024,2.1716,3.0959,-16.7928,2243.1004,2256.9004
Gabo-13,2257.3488,12.414,57.0758,0.293047,2.1498,3.0772,-16.8933,2243.2527,2257.0527
Gabo-13,2257.5012,12.4145,67.4114,0.309645,2.1308,3.0462,-16.9687,2243.4051,2257.2051
Gabo-13,2257.6536,12.4482,74.4236,0.326372,2.1209,3.0058,-17.0045,2243.5575,2257.3575
Gabo-13,2257.806,12.5276,77.1925,0.339514,2.117,2.9733,-17.0207,2243.7099,2257.5099
Gabo-13,2257.9584,12.6494,76.5783,0.345539,2.1136,2.9583,-16.9985,2243.8622,2257.6622
Gabo-13,2258.1108,12.6135,75.0555,0.34603,2.1106,2.9593,-16.9597,2244.0146,2257.8146
Gabo-13,2258.2632,12.5441,73.4338,0.346835,2.1151,2.9747,-16.7028,2244.167,2257.967
Gabo-13,2258.4156,12.4819,71.7715,0.351869,2.128,3.0087,-16.3425,2244.3193,2258.1193
Gabo-13,2258.568,12.3881,70.7358,0.360968,2.1383,3.0678,-16.1961,2244.4717,2258.2717
Gabo-13,2258.7204,12.2823,78.3709,0.368644,2.1329,3.1551,-16.2465,2244.6241,2258.4241
Gabo-13,2258.8728,12.2342,96.8121,0.369872,2.129,3.2694,-16.2257,2244.7765,2258.5765
Gabo-13,2259.0252,12.227,119.1432,0.368961,2.1415,3.4029,-16.1381,2244.9288,2258.7288
Gabo-13,2259.1776,12.227,139.0791,0.372174,2.1641,3.5492,-16.0612,2245.0812,2258.8812
Gabo-13,2259.33,12.227,151.9829,0.376573,2.1787,3.7036,-15.8676,2245.2336,2259.0336
Gabo-13,2259.4824,12.2274,155.1879,0.369718,2.1828,3.8503,-15.5268,2245.386,2259.186
Gabo-13,2259.6348,12.2515,154.4771,0.352185,2.1804,3.987,-15.1974,2245.5383,2259.3383
Gabo-13,2259.7872,12.2961,153.777,0.336994,2.1769,4.1169,-14.9386,2245.6907,2259.4907
Gabo-13,2259.9396,12.2969,152.6129,0.343334,2.1826,4.2379,-14.6381,2245.8431,2259.6431
Gabo-13,2260.092,12.3051,150.7556,0.38035,2.2018,4.3526,-14.2727,2245.9954,2259.7954
Gabo-13,2260.2444,12.3173,145.3274,0.42577,2.2296,4.4647,-13.9042,2246.1478,2259.9478
Gabo-13,2260.3968,12.3151,137.4869,0.448306,2.2621,4.5738,-13.5984,2246.3002,2260.1002
Gabo-13,2260.5492,12.2939,133.4158,0.430405,2.292,4.6773,-13.3737,2246.4526,2260.2526
Gabo-13,2260.7016,12.2891,130.8546,0.393547,2.3006,4.7723,-13.1351,2246.6049,2260.4049
Gabo-13,2260.854,12.3394,128.0681,0.372304,2.2869,4.855,-12.8646,2246.7573,2260.5573
Gabo-13,2261.0064,12.4206,124.4941,0.373901,2.2689,4.9218,-12.5513,2246.9097,2260.7097
Gabo-13,2261.1588,12.4765,119.3722,0.387149,2.2655,4.9691,-12.1485,2247.062,2260.862
Gabo-13,2261.3112,12.4473,118.426,0.402435,2.2785,4.9949,-11.7107,2247.2144,2261.0144
Gabo-13,2261.4636,12.4188,122.0302,0.409398,2.2934,5.0059,-11.4112,2247.3668,2261.1668
Gabo-13,2261.616,12.4241,124.3166,0.414763,2.302,5.0095,-11.2227,2247.5192,2261.3192
Gabo-13,2261.7684,12.4583,120.2748,0.430515,2.3044,5.0075,-11.0115,2247.6715,2261.4715
Gabo-13,2261.9208,12.5544,120.4072,0.448048,2.3042,4.9867,-10.7618,2247.8239,2261.6239
Gabo-13,2262.0732,12.603,126.7402,0.448252,2.3049,4.9123,-10.4245,2247.9763,2261.7763
Gabo-13,2262.2256,12.6118,132.8056,0.425899,2.3063,4.7632,-9.8097,2248.1286,2261.9286
Gabo-13,2262.378,12.6635,133.2272,0.401728,2.3071,4.5414,-8.8441,2248.281,2262.081
Gabo-13,2262.5304,12.9859,123.3385,0.428774,2.3054,4.2693,-7.6807,2248.4334,2262.2334
Gabo-13,2262.6828,13.543,111.9639,0.531037,2.2904,3.9754,-6.344,2248.5857,2262.3857
Gabo-13,2262.8352,14.1975,103.5962,0.644301,2.2445,3.6726,-4.9154,2248.7381,2262.5381
Gabo-13,2262.9876,14.7725,98.286,0.684737,2.1581,3.3751,-3.5732,2248.8905,2262.6905
Gabo-13,2263.14,14.8522,94.7695,0.620481,2.0583,3.1205,-2.4933,2249.0429,2262.8429
Gabo-13,2263.2924,14.9456,94.9011,0.541521,2.0233,2.9472,-1.692,2249.1952,2262.9952
Gabo-13,2263.4448,14.7701,96.0066,0.547269,2.0577,2.8464,-1.0123,2249.3476,2263.1476
Gabo-13,2263.5972,14.3315,95.8856,0.637004,2.0963,2.7892,-0.4532,2249.5,2263.3
Gabo-13,2263.7496,14.2553,93.6492,0.73947,2.0779,2.7521,-0.1402,2249.6523,2263.4523
Gabo-13,2263.902,14.3699,92.2043,0.818613,2.0319,2.7238,0.0823,2249.8047,2263.6047
Gabo-13,2264.0544,14.356,94.2897,0.890191,2.0187,2.695,0.4203,2249.9571,2263.7571
Gabo-13,2264.2068,14.2451,98.9989,0.917313,2.0391,2.6638,0.7018,2250.1095,2263.9095
Gabo-13,2264.3592,14.2036,103.8591,0.852577,2.0539,2.6391,0.6344,2250.2618,2264.0618
Gabo-13,2264.5116,14.211,109.5923,0.770885,2.0431,2.6348,0.3494,2250.4142,2264.2142
Gabo-13,2264.664,14.2846,112.1885,0.748715,2.0253,2.6497,0.106,2250.5666,2264.3666
Gabo-13,2264.8164,14.3692,111.2479,0.777321,2.0261,2.6764,-0.0878,2250.7189,2264.5189
Gabo-13,2264.9688,14.3749,108.2946,0.82025,2.062,2.7089,-0.2653,2250.8713,2264.6713
Gabo-13,2265.1212,14.1804,103.1451,0.855744,2.1278,2.7396,-0.3076,2251.0237,2264.8237
Gabo-13,2265.2736,14.0252,99.7243,0.850339,2.1779,2.768,-0.3043,2251.176,2264.976
Gabo-13,2265.426,13.941,98.6673,0.775009,2.1824,2.7929,-0.4063,2251.3284,2265.1284
Gabo-13,2265.5784,13.8695,98.7059,0.651105,2.1551,2.8047,-0.5775,2251.4808,2265.2808
Gabo-13,2265.7308,13.8223,96.9033,0.56875,2.1429,2.7901,-0.6196,2251.6331,2265.4331
Gabo-13,2265.8832,13.8481,97.008,0.5842,2.1613,2.7562,-0.5437,2251.7855,2265.5855
Gabo-13,2266.0356,14.1783,100.507,0.671293,2.196,2.7185,-0.4532,2251.9379,2265.7379
Gabo-13,2266.188,14.6407,105.6225,0.739454,2.227,2.6888,-0.3931,2252.0903,2265.8903
Gabo-13,2266.3404,14.1689,106.8703,0.693185,2.2395,2.679,-0.4119,2252.2426,2266.0426
Gabo-13,2266.4928,13.8158,106.3487,0.603649,2.2445,2.6993,-0.6026,2252.395,2266.195
Gabo-13,2266.6452,13.6098,109.6368,0.573441,2.2497,2.7522,-0.9208,2252.5474,2266.3474
Gabo-13,2266.7976,13.3347,115.4095,0.587377,2.2523,2.8463,-1.3638,2252.6997,2266.4997
Gabo-13,2266.95,13.0858,116.0877,0.568262,2.2589,2.9956,-2.0361,2252.8521,2266.6521
Gabo-13,2267.1024,13.2006,110.402,0.524819,2.2924,3.1953,-3.0317,2253.0045,2266.8045
Gabo-13,2267.2548,13.4233,102.1959,0.500476,2.3345,3.4163,-4.5196,2253.1568,2266.9568
Gabo-13,2267.4072,13.4077,92.6489,0.48631,2.3598,3.6204,-6.4509,2253.3092,2267.1092
Gabo-13,2267.5596,12.8787,81.3667,0.448172,2.3612,3.7703,-8.6044,2253.4616,2267.2616
Gabo-13,2267.712,12.5735,65.5471,0.386597,2.3441,3.8422,-10.8447,2253.6139,2267.4139
Gabo-13,2267.8644,12.5368,51.686,0.325244,2.3151,3.8337,-12.9641,2253.7663,2267.5663
Gabo-13,2268.0168,12.5099,43.1998,0.284565,2.2775,3.7553,-14.7593,2253.9187,2267.7187
Gabo-13,2268.1692,12.3415,40.5056,0.267929,2.2358,3.6226,-16.1662,2254.0711,2267.8711
Gabo-13,2268.3216,12.31,42.0199,0.256429,2.201,3.4639,-17.2582,2254.2234,2268.0234
Gabo-13,2268.474,12.3585,43.3216,0.246343,2.1819,3.3206,-18.0158,2254.3758,2268.1758
Gabo-13,2268.6264,12.3935,43.3899,0.242259,2.1753,3.2177,-18.4592,2254.5282,2268.3282
Gabo-13,2268.7788,12.3917,43.006,0.248028,2.1736,3.1584,-18.7164,2254.6805,2268.4805
Gabo-13,2268.9312,12.3462,44.7038,0.264232,2.17,3.1261,-18.9536,2254.8329,2268.6329
Gabo-13,2269.0836,12.3224,45.7175,0.274599,2.1626,3.0913,-19.1867,2254.9853,2268.7853
Gabo-13,2269.236,12.2931,44.5368,0.27293,2.1555,3.0466,-19.3596,2255.1376,2268.9376
Gabo-13,2269.3884,12.2425,41.6876,0.268554,2.151,3.0061,-19.479,2255.29,2269.09
Gabo-13,2269.5408,12.227,39.2243,0.2705,2.147,2.9875,-19.5944,2255.4424,2269.2424
Gabo-13,2269.6932,12.227,38.1239,0.269232,2.1421,2.9856,-19.6523,2255.5947,2269.3947
Gabo-13,2269.8456,12.2248,39.9105,0.262884,2.1383,2.9894,-19.5892,2255.7471,2269.5471
Gabo-13,2269.998,12.2094,43.7735,0.263033,2.1362,2.9978,-19.5576,2255.8995,2269.6995
Gabo-13,2270.1504,12.1591,46.3628,0.280581,2.1352,3.0164,-19.7557,2256.0518,2269.8518
Gabo-13,2270.3028,12.1729,45.5517,0.304279,2.1388,3.0492,-20.0146,2256.2042,2270.0042
Gabo-13,2270.4552,12.206,43.4538,0.31163,2.1472,3.1012,-20.2918,2256.3566,2270.1566
Gabo-13,2270.6076,12.2235,41.5145,0.306795,2.1566,3.1673,-20.5316,2256.5089,2270.3089
Gabo-13,2270.76,12.227,40.3173,0.308899,2.1635,3.2301,-20.5855,2256.6613,2270.4613
Gabo-13,2270.9124,12.227,40.5877,0.321232,2.1674,3.2678,-20.4886,2256.8137,2270.6137
Gabo-13,2271.0648,12.2262,44.1745,0.345609,2.1717,3.2799,-20.4001,2256.966,2270.766
Gabo-13,2271.2172,12.2081,49.5035,0.378642,2.1771,3.2819,-20.3735,2257.1184,2270.9184
Gabo-13,2271.3696,12.16,53.8537,0.407247,2.1802,3.2845,-20.3464,2257.2708,2271.0708
Gabo-13,2271.522,12.1377,53.546,0.413725,2.1752,3.2808,-20.2319,2257.4231,2271.2231
Gabo-13,2271.6744,12.134,50.1988,0.394348,2.1615,3.2615,-20.1056,2257.5755,2271.3755
Gabo-13,2271.8268,12.157,45.2372,0.353894,2.147,3.2332,-20.0571,2257.7279,2271.5279
Gabo-13,2271.9792,12.2111,39.9348,0.308798,2.1421,3.2098,-20.0879,2257.8802,2271.6802
Gabo-13,2272.1316,12.2349,39.7098,0.289899,2.154,3.1964,-20.1524,2258.0326,2271.8326
Gabo-13,2272.284,12.2687,42.8408,0.300377,2.1723,3.1737,-20.2528,2258.185,2271.985
Gabo-13,2272.4364,12.2727,46.4306,0.323118,2.1837,3.1361,-20.3581,2258.3373,2272.1373
Gabo-13,2272.5888,12.2209,48.8622,0.346344,2.1848,3.0921,-20.3208,2258.4897,2272.2897
Gabo-13,2272.7412,12.1571,47.8664,0.360921,2.1795,3.0528,-20.0575,2258.6421,2272.4421
Gabo-13,2272.8936,12.1349,45.9658,0.352246,2.1698,3.0296,-19.925,2258.7944,2272.5944
Gabo-13,2273.046,12.133,45.3834,0.324343,2.1569,3.0244,-20.0224,2258.9468,2272.7468
Gabo-13,2273.1984,12.1318,46.4813,0.292908,2.1508,3.033,-20.1693,2259.0992,2272.8992
Gabo-13,2273.3508,12.127,48.968,0.274577,2.1638,3.0488,-20.2361,2259.2515,2273.0515
Gabo-13,2273.5032,12.1424,49.3272,0.278653,2.1863,3.0594,-20.2742,2259.4039,2273.2039
Gabo-13,2273.6556,12.1795,48.0007,0.293959,2.197,3.0577,-20.2545,2259.5563,2273.3563
Gabo-13,2273.808,12.2269,47.4397,0.306488,2.1899,3.0485,-20.1666,2259.7086,2273.5086
Gabo-13,2273.9604,12.2731,50.0828,0.310008,2.1754,3.0444,-20.0949,2259.861,2273.661
Gabo-13,2274.1128,12.3573,50.0879,0.305735,2.1682,3.0576,-20.0919,2260.0134,2273.8134
Gabo-13,2274.2652,12.4047,48.6144,0.295262,2.1681,3.0839,-20.0297,2260.1657,2273.9657
Gabo-13,2274.4176,12.3715,47.2661,0.281571,2.1722,3.1148,-19.8382,2260.3181,2274.1181
Gabo-13,2274.57,12.2596,46.5836,0.271595,2.179,3.1452,-19.5648,2260.4705,2274.2705
Gabo-13,2274.7224,12.1948,49.9466,0.274747,2.182,3.1753,-19.2744,2260.6228,2274.4228
Gabo-13,2274.8748,12.1948,60.9467,0.290636,2.1788,3.2163,-18.9476,2260.7752,2274.5752
Gabo-13,2275.0272,12.2612,74.0885,0.313877,2.1744,3.2843,-18.5731,2260.9276,2274.7276
Gabo-13,2275.1796,12.3905,84.0667,0.333651,2.1723,3.3952,-18.1836,2261.0799,2274.8799
Gabo-13,2275.332,12.5113,89.4944,0.335435,2.1726,3.5526,-17.7387,2261.2323,2275.0323
Gabo-13,2275.4844,12.662,92.5492,0.32907,2.183,3.722,-17.0323,2261.3847,2275.1847
Gabo-13,2275.6368,12.7989,95.6704,0.32981,2.2104,3.8667,-16.1716,2261.537,2275.337
Gabo-13,2275.7892,12.8755,100.1921,0.337787,2.2552,3.9842,-15.457,2261.6894,2275.4894
Gabo-13,2275.9416,12.8755,107.3508,0.341886,2.3092,4.0861,-15.0769,2261.8418,2275.6418
Gabo-13,2276.094,12.8962,120.3927,0.338276,2.3532,4.1443,-14.9102,2261.9941,2275.7941
Gabo-13,2276.2464,12.902,137.4047,0.332588,2.3698,4.1462,-14.8936,2262.1465,2275.9465
Gabo-13,2276.3988,12.8646,153.507,0.329373,2.3543,4.1084,-15.0471,2262.2989,2276.0989
Gabo-13,2276.5512,12.8025,161.4879,0.327581,2.32,4.0683,-15.2894,2262.4512,2276.2512
Gabo-13,2276.7036,12.7824,154.4883,0.323724,2.3011,4.0716,-15.3752,2262.6036,2276.4036
Gabo-13,2276.856,12.8142,143.3224,0.324737,2.3048,4.103,-15.2097,2262.756,2276.556
Gabo-13,2277.0084,12.8496,134.5167,0.330192,2.3113,4.1392,-14.809,2262.9083,2276.7083
Gabo-13,2277.1608,12.8278,129.7862,0.333077,2.3031,4.1724,-14.1484,2263.0607,2276.8607
Gabo-13,2277.3132,12.8637,123.5868,0.335658,2.2872,4.1903,-13.2381,2263.213,2277.013
Gabo-13,2277.4656,13.101,117.059,0.338798,2.2788,4.202,-12.3952,2263.3654,2277.1654
Gabo-13,2277.618,13.2497,113.341,0.339139,2.2872,4.2127,-11.7768,2263.5178,2277.3178
Gabo-13,2277.7704,13.0221,113.8665,0.338349,2.3107,4.2114,-11.3647,2263.6701,2277.4701
Gabo-13,2277.9228,13.0167,113.3807,0.34663,2.3293,4.187,-11.1573,2263.8225,2277.6225
Gabo-13,2278.0752,13.0716,115.7973,0.364097,2.3232,4.1558,-11.0063,2263.9749,2277.7749
Gabo-13,2278.2276,13.0965,119.9895,0.385758,2.3012,4.1419,-10.8308,2264.1272,2277.9272
Gabo-13,2278.38,13.1286,122.6649,0.404144,2.2799,4.1658,-10.6279,2264.2796,2278.0796
Gabo-13,2278.5324,13.0898,120.4723,0.406426,2.2625,4.2418,-10.4718,2264.432,2278.232
Gabo-13,2278.6848,12.9869,117.046,0.391355,2.2448,4.3536,-10.624,2264.5843,2278.3843
Gabo-13,2278.8372,12.9007,115.8745,0.372177,2.2363,4.4705,-10.9544,2264.7367,2278.5367
Gabo-13,2278.9896,12.8836,117.2214,0.351013,2.2509,4.5624,-11.1559,2264.8891,2278.6891
Gabo-13,2279.142,12.9754,118.5803,0.322931,2.2911,4.5976,-11.0713,2265.0414,2278.8414
Gabo-13,2279.2944,13.1088,120.1804,0.307994,2.3368,4.5648,-10.7547,2265.1938,2278.9938
Gabo-13,2279.4468,13.2222,119.8699,0.307917,2.3712,4.4717,-10.2987,2265.3461,2279.1461
Gabo-13,2279.5992,13.3009,118.5167,0.317795,2.3894,4.3346,-9.7337,2265.4985,2279.2985
Gabo-13,2279.7516,13.3464,120.5776,0.342587,2.3916,4.1811,-9.1681,2265.6509,2279.4509
Gabo-13,2279.904,13.3338,121.4948,0.376055,2.3861,4.0487,-8.8745,2265.8032,2279.6032
Gabo-13,2280.0564,13.259,120.2463,0.390602,2.3855,3.9519,-8.7295,2265.9556,2279.7556
Gabo-13,2280.2088,13.174,119.311,0.373577,2.3962,3.8858,-8.5266,2266.108,2279.908
Gabo-13,2280.3612,13.1503,121.3268,0.345634,2.4113,3.8409,-8.2102,2266.2603,2280.0603
Gabo-13,2280.5136,13.1842,118.0823,0.359024,2.4106,3.8067,-7.7563,2266.4127,2280.2127
Gabo-13,2280.666,13.4078,113.8194,0.419864,2.3988,3.7805,-7.1667,2266.5651,2280.3651
Gabo-13,2280.8184,13.577,113.5177,0.470125,2.3858,3.7618,-6.7311,2266.7174,2280.5174
Gabo-13,2280.9708,13.4144,118.5292,0.462062,2.3744,3.7456,-6.7356,2266.8698,2280.6698
Gabo-13,2281.1232,13.2591,120.7911,0.422152,2.3646,3.7313,-7.0111,2267.0221,2280.8221
Gabo-13,2281.2756,13.1572,119.3152,0.400883,2.354,3.7418,-7.1637,2267.1745,2280.9745
Gabo-13,2281.428,13.1346,116.0778,0.404134,2.3471,3.7897,-7.1008,2267.3269,2281.1269
Gabo-13,2281.5804,13.2356,112.0737,0.412604,2.3434,3.887,-7.0362,2267.4792,2281.2792
Gabo-13,2281.7328,13.4229,107.8446,0.406128,2.3345,4.0532,-7.2217,2267.6316,2281.4316
Gabo-13,2281.8852,13.5064,104.2053,0.374471,2.3344,4.2604,-7.4843,2267.784,2281.584
Gabo-13,2282.0376,13.4444,101.6057,0.33087,2.3492,4.4666,-7.716,2267.9363,2281.7363
Gabo-13,2282.19,13.33,101.5165,0.298564,2.3719,4.6442,-7.8147,2268.0887,2281.8887
Gabo-13,2282.3424,13.4106,108.2203,0.299755,2.3951,4.776,-7.5632,2268.241,2282.041
Gabo-13,2282.4948,13.5007,113.0735,0.334154,2.4156,4.8581,-7.0873,2268.3934,2282.1934
Gabo-13,2282.6472,13.5577,114.2216,0.37046,2.4247,4.8675,-6.6378,2268.5458,2282.3458
Gabo-13,2282.7996,13.5918,113.4274,0.393634,2.4198,4.7601,-6.2971,2268.6981,2282.4981
Gabo-13,2282.952,13.5649,112.3556,0.416859,2.4072,4.5118,-5.9174,2268.8505,2282.6505
Gabo-13,2283.1044,13.6306,111.3239,0.453877,2.3917,4.1896,-5.1781,2269.0029,2282.8029
Gabo-13,2283.2568,13.7936,108.7808,0.497257,2.3745,3.873,-4.1895,2269.1552,2282.9552
Gabo-13,2283.4092,14.0291,106.6309,0.554761,2.3552,3.6021,-3.1826,2269.3076,2283.1076
Gabo-13,2283.5616,14.3282,108.3531,0.642582,2.3336,3.3932,-2.3023,2269.4599,2283.2599
Gabo-13,2283.714,14.4213,110.4144,0.738476,2.3107,3.2473,-1.7116,2269.6123,2283.4123
Gabo-13,2283.8664,14.4822,111.0566,0.79642,2.2858,3.164,-1.4201,2269.7647,2283.5647
Gabo-13,2284.0188,14.5056,111.1106,0.805242,2.2561,3.14,-1.3159,2269.917,2283.717
Gabo-13,2284.1712,14.3907,111.5118,0.761926,2.2238,3.1706,-1.2556,2270.0694,2283.8694
Gabo-13,2284.3236,14.2618,112.8286,0.653035,2.2027,3.2513,-1.1733,2270.2218,2284.0218
Gabo-13,2284.476,14.2056,112.8759,0.538709,2.201,3.3645,-1.2783,2270.3741,2284.1741
Gabo-13,2284.6284,14.2162,110.6316,0.481603,2.2166,3.4953,-1.5977,2270.5265,2284.3265
Gabo-13,2284.7808,14.2722,106.396,0.480581,2.2418,3.64,-2.0252,2270.6788,2284.4788
Gabo-13,2284.9332,14.3326,102.2617,0.484064,2.2664,3.799,-2.5384,2270.8312,2284.6312
Gabo-13,2285.0856,14.3092,101.5234,0.478805,2.2885,3.9607,-3.0939,2270.9836,2284.7836
Gabo-13,2285.238,14.2072,102.5699,0.479053,2.3069,4.1013,-3.5704,2271.1359,2284.9359
Gabo-13,2285.3904,14.1017,103.3449,0.473632,2.3239,4.1969,-3.9388,2271.2883,2285.0883
Gabo-13,2285.5428,14.1636,102.2153,0.450026,2.3424,4.2362,-4.285,2271.4406,2285.2406
Gabo-13,2285.6952,14.1668,101.5375,0.468526,2.3509,4.2528,-4.6072,2271.593,2285.393
Gabo-13,2285.8476,14.1515,103.3171,0.536165,2.3499,4.3022,-4.8487,2271.7454,2285.5454
Gabo-13,2286,14.1639,107.3412,0.569041,2.3436,4.4282,-5.0898,2271.8977,2285.6977
Gabo-13,2286.1524,14.1537,112.2558,0.492986,2.3317,4.6692,-5.4878,2272.0501,2285.8501
Gabo-13,2286.3048,14.0648,112.8119,0.381225,2.3216,5.0332,-5.9682,2272.2024,2286.0024
Gabo-13,2286.4572,14.003,108.6085,0.297446,2.3302,5.4212,-6.2635,2272.3548,2286.1548
Gabo-13,2286.6096,13.974,104.7761,0.245912,2.3636,5.72,-6.2832,2272.5072,2286.3072
Gabo-13,2286.762,13.9194,107.4965,0.223692,2.414,5.8525,-6.1014,2272.6595,2286.4595
Gabo-13,2286.9144,13.9625,110.3414,0.235051,2.4622,5.7846,-5.7385,2272.8119,2286.6119
Gabo-13,2287.0668,14.1219,111.6189,0.265097,2.485,5.5431,-5.1331,2272.9642,2286.7642
Gabo-13,2287.2192,14.3496,110.8978,0.29623,2.4704,5.1551,-4.4613,2273.1166,2286.9166
Gabo-13,2287.3716,14.5893,107.3955,0.325874,2.4242,4.6639,-3.9682,2273.269,2287.069
Gabo-13,2287.524,14.6467,102.8238,0.363427,2.3737,4.1881,-3.6388,2273.4213,2287.2213
Gabo-13,2287.6764,14.5379,102.4935,0.402158,2.3431,3.8358,-3.2986,2273.5737,2287.3737
Gabo-13,2287.8288,14.3939,105.7189,0.432534,2.3363,3.6252,-2.9877,2273.726,2287.526
Gabo-13,2287.9812,14.2892,109.6775,0.447546,2.3429,3.5205,-2.8089,2273.8784,2287.6784
Gabo-13,2288.1336,14.2236,109.4495,0.442536,2.3489,3.4646,-2.7208,2274.0307,2287.8307
Gabo-13,2288.286,14.1245,105.7563,0.43208,2.356,3.4199,-2.6422,2274.1831,2287.9831
Gabo-13,2288.4384,14.1246,101.6924,0.427339,2.3589,3.3842,-2.5899,2274.3355,2288.1355
Gabo-13,2288.5908,14.2534,99.1591,0.434816,2.3499,3.3664,-2.5799,2274.4878,2288.2878
Gabo-13,2288.7432,14.3203,99.9879,0.461211,2.3326,3.3876,-2.5666,2274.6402,2288.4402
Gabo-13,2288.8956,14.3541,103.9642,0.491899,2.3198,3.5085,-2.6169,2274.7925,2288.5925
Gabo-13,2289.048,14.2219,109.8479,0.497025,2.3077,3.7942,-3.0689,2274.9449,2288.7449
Gabo-13,2289.2004,13.9856,114.5752,0.476009,2.2884,4.3067,-4.1194,2275.0972,2288.8972
Gabo-13,2289.3528,13.9301,112.9717,0.457936,2.2647,5.0912,-5.6795,2275.2496,2289.0496
Gabo-13,2289.5052,13.7183,103.3691,0.459649,2.2532,6.0858,-7.3994,2275.402,2289.202
Gabo-13,2289.6576,13.2295,92.9809,0.460599,2.2618,7.1299,-8.8059,2275.5543,2289.3543
Gabo-13,2289.81,12.7232,86.0767,0.443361,2.2769,8.0873,-9.8363,2275.7067,2289.5067
Gabo-13,2289.9624,12.5315,84.4528,0.407025,2.2701,8.8532,-10.6325,2275.859,2289.659
Gabo-13,2290.1148,12.5464,89.5817,0.36503,2.2209,9.3317,-11.1831,2276.0114,2289.8114
Gabo-13,2290.2672,12.637,100.4005,0.343538,2.1644,9.518,-11.7195,2276.1637,2289.9637
Gabo-13,2290.4196,12.8027,112.693,0.343439,2.137,9.4593,-12.1304,2276.3161,2290.1161
Gabo-13,2290.572,13.0555,122.1873,0.352272,2.1475,9.2432,-12.1841,2276.4684,2290.2684
Gabo-13,2290.7244,13.3207,123.3875,0.368567,2.1857,9.0178,-12.0242,2276.6208,2290.4208
Gabo-13,2290.8768,13.5348,121.2914,0.384495,2.2422,8.8337,-11.6284,2276.7731,2290.5731
Gabo-13,2291.0292,13.6975,119.3319,0.378209,2.3137,8.663,-10.8545,2276.9255,2290.7255
Gabo-13,2291.1816,13.8388,117.9261,0.345889,2.397,8.4627,-9.747,2277.0778,2290.8778
Gabo-13,2291.334,14.0591,115.8483,0.318304,2.4801,8.1741,-8.5028,2277.2302,2291.0302
Gabo-13,2291.4864,14.2654,115.9557,0.317427,2.5343,7.7514,-7.1315,2277.3825,2291.1825
Gabo-13,2291.6388,14.4704,117.3176,0.338553,2.5387,7.1795,-5.7677,2277.5349,2291.3349
Gabo-13,2291.7912,14.6311,118.1881,0.392345,2.4976,6.4773,-4.6053,2277.6873,2291.4873
Gabo-13,2291.9436,14.5138,117.1728,0.50727,2.4291,5.716,-3.6884,2277.8396,2291.6396
Gabo-13,2292.096,14.793,111.1624,0.636232,2.3386,5.0115,-2.8689,2277.992,2291.792
Gabo-13,2292.2484,15.2721,105.6821,0.657,2.243,4.4249,-2.1058,2278.1443,2291.9443
Gabo-13,2292.4008,15.6467,104.0594,0.582948,2.1756,3.9733,-1.4645,2278.2967,2292.0967
Gabo-13,2292.5532,15.7704,106.6839,0.547283,2.1611,3.6609,-0.9836,2278.449,2292.249
Gabo-13,2292.7056,15.4987,109.4982,0.578065,2.1745,3.4565,-0.5667,2278.6014,2292.4014
Gabo-13,2292.858,15.1588,110.2779,0.594719,2.1793,3.312,-0.0947,2278.7537,2292.5537
Gabo-13,2293.0104,14.8815,110.4896,0.5695,2.1769,3.1995,0.2873,2278.9061,2292.7061
Gabo-13,2293.1628,14.647,112.3291,0.548303,2.186,3.1076,0.3925,2279.0584,2292.8584
Gabo-13,2293.3152,14.6366,110.1505,0.596223,2.2054,3.0325,0.3887,2279.2107,2293.0107
Gabo-13,2293.4676,14.7078,106.8824,0.701147,2.2206,2.9778,0.4321,2279.3631,2293.1631
Gabo-13,2293.62,14.8097,104.9235,0.806087,2.2289,2.9545,0.5025,2279.5154,2293.3154
Gabo-13,2293.7724,14.9513,104.3417,0.84558,2.2356,2.9718,0.5621,2279.6678,2293.4678
Gabo-13,2293.9248,14.9485,102.3793,0.770506,2.2421,3.0213,0.6295,2279.8201,2293.6201
Gabo-13,2294.0772,14.9821,101.015,0.648034,2.2424,3.0676,0.6631,2279.9725,2293.7725
Gabo-13,2294.2296,14.9859,103.1211,0.559401,2.2318,3.0857,0.5803,2280.1248,2293.9248
Gabo-13,2294.382,14.8862,108.2277,0.547489,2.2136,3.0693,0.4853,2280.2772,2294.0772
Gabo-13,2294.5344,14.8991,108.054,0.610564,2.2001,3.0195,0.6488,2280.4295,2294.2295
Gabo-13,2294.6868,14.9895,105.2618,0.649953,2.2022,2.9408,0.946,2280.5819,2294.3819
Gabo-13,2294.8392,15.1545,102.9797,0.60858,2.2202,2.8438,1.1909,2280.7342,2294.5342
Gabo-13,2294.9916,15.2841,101.2541,0.539552,2.2402,2.7494,1.3493,2280.8866,2294.6866
Gabo-13,2295.144,14.9861,98.5682,0.531135,2.2444,2.6895,1.4181,2281.0389,2294.8389
Gabo-13,2295.2964,14.8089,101.7099,0.551005,2.2413,2.6837,1.3392,2281.1913,2294.9913
Gabo-13,2295.4488,14.7637,105.9943,0.555981,2.2428,2.715,1.1012,2281.3436,2295.1436
Gabo-13,2295.6012,14.7486,108.0006,0.541289,2.2492,2.7583,0.8642,2281.4959,2295.2959
Gabo-13,2295.7536,14.7912,107.9351,0.508554,2.2527,2.7916,0.7931,2281.6483,2295.4483
Gabo-13,2295.906,14.6969,108.284,0.471572,2.2475,2.7961,0.7093,2281.8006,2295.6006
Gabo-13,2296.0584,14.5791,107.2952,0.473554,2.2475,2.7778,0.4891,2281.953,2295.753
Gabo-13,2296.2108,14.5603,105.3227,0.520989,2.2607,2.7483,0.2992,2282.1053,2295.9053
Gabo-13,2296.3632,14.6976,104.3104,0.572005,2.2771,2.7151,0.259,2282.2577,2296.0577
Gabo-13,2296.5156,14.9278,104.9109,0.578852,2.2808,2.6856,0.1465,2282.41,2296.21
Gabo-13,2296.668,14.8911,104.3785,0.561476,2.2776,2.663,-0.0202,2282.5623,2296.3623
Gabo-13,2296.8204,14.6784,102.5748,0.540002,2.279,2.6481,-0.1476,2282.7147,2296.5147
Gabo-13,2296.9728,14.513,100.7042,0.518261,2.2868,2.6413,-0.2629,2282.867,2296.667
Gabo-13,2297.1252,14.4905,101.3826,0.510989,2.2902,2.6408,-0.4655,2283.0194,2296.8194
Gabo-13,2297.2776,14.4807,103.4227,0.520055,2.2813,2.6399,-0.7725,2283.1717,2296.9717
Gabo-13,2297.43,14.4822,105.7023,0.538967,2.2721,2.6343,-0.9509,2283.3241,2297.1241
Gabo-13,2297.5824,14.5205,108.3493,0.565665,2.2711,2.6245,-0.8773,2283.4764,2297.2764
Gabo-13,2297.7348,14.5296,113.1084,0.596849,2.2716,2.6148,-0.7952,2283.6287,2297.4287
Gabo-13,2297.8872,14.568,112.2138,0.619011,2.2765,2.6088,-0.8949,2283.7811,2297.5811
Gabo-13,2298.0396,14.638,107.4973,0.631838,2.2859,2.6056,-0.9085,2283.9334,2297.7334
Gabo-13,2298.192,14.7094,102.8351,0.63235,2.2934,2.6094,-0.7056,2284.0857,2297.8857
Gabo-13,2298.3444,14.7435,101.1272,0.615734,2.2964,2.6485,-0.5206,2284.2381,2298.0381
Gabo-13,2298.4968,14.7847,100.418,0.609537,2.3012,2.8088,-0.4311,2284.3904,2298.1904
Gabo-13,2298.6492,14.7753,99.3972,0.617756,2.2936,3.2386,-0.3369,2284.5428,2298.3428
Gabo-13,2298.8016,14.6943,97.8544,0.609465,2.27,4.132,-0.5695,2284.6951,2298.4951
Gabo-13,2298.954,14.5724,95.6231,0.550416,2.2561,5.5603,-1.5681,2284.8474,2298.6474
Gabo-13,2299.1064,13.8756,94.2346,0.449159,2.2847,7.1542,-2.9516,2284.9998,2298.7998
Gabo-13,2299.2588,13.2371,93.9644,0.356261,2.3453,8.5648,-4.4921,2285.1521,2298.9521
Gabo-13,2299.4112,12.9521,93.7196,0.305837,2.4086,9.7179,-6.1299,2285.3045,2299.1045
Gabo-13,2299.5636,12.9511,92.261,0.301402,2.4434,10.6208,-7.6761,2285.4568,2299.2568
Gabo-13,2299.716,13.0231,90.5881,0.31859,2.4202,11.1874,-8.9442,2285.6091,2299.4091
Gabo-13,2299.8684,13.0575,89.9809,0.328108,2.3571,11.3178,-9.9878,2285.7615,2299.5615
Gabo-13,2300.0208,13.0605,91.1537,0.324657,2.2855,10.9885,-10.8853,2285.9138,2299.7138
Gabo-13,2300.1732,13.0507,93.9637,0.319567,2.2273,10.38,-11.5533,2286.0661,2299.8661
Gabo-13,2300.3256,13.0137,93.8536,0.321593,2.1994,9.9241,-11.8328,2286.2185,2300.0185
Gabo-13,2300.478,12.9842,91.9394,0.317088,2.1987,9.7246,-11.9154,2286.3708,2300.1708
Gabo-13,2300.6304,12.9714,94.1491,0.298615,2.2135,9.6423,-11.9554,2286.5231,2300.3231
Gabo-13,2300.7828,12.9668,102.8404,0.277169,2.242,9.5542,-11.9389,2286.6755,2300.4755
Gabo-13,2300.9352,12.9528,112.7934,0.270613,2.2897,9.3714,-11.8334,2286.8278,2300.6278
Gabo-13,2301.0876,12.8566,117.403,0.275955,2.3469,9.0574,-11.6383,2286.9801,2300.7801
Gabo-13,2301.24,12.7001,118.8053,0.287077,2.4002,8.6076,-11.275,2287.1325,2300.9325
Gabo-13,2301.3924,12.5531,118.6394,0.313402,2.4422,8.0333,-10.53,2287.2848,2301.0848
Gabo-13,2301.5448,12.537,115.3662,0.373295,2.4638,7.3676,-9.2272,2287.4371,2301.2371
Gabo-13,2301.6972,12.6919,109.9567,0.464018,2.4433,6.6619,-7.678,2287.5895,2301.3895
Gabo-13,2301.8496,12.935,106.4135,0.560061,2.3725,5.9656,-6.25,2287.7418,2301.5418
Gabo-13,2302.002,13.1745,106.0387,0.640271,2.2797,5.3359,-5.0669,2287.8941,2301.6941
Gabo-13,2302.1544,13.3124,108.2798,0.688771,2.2136,4.851,-4.1916,2288.0465,2301.8465
Gabo-13,2302.3068,13.5223,107.2313,0.687633,2.1957,4.569,-3.7143,2288.1988,2301.9988
Gabo-13,2302.4592,13.6058,104.5247,0.639486,2.2102,4.4392,-3.406,2288.3511,2302.1511
Gabo-13,2302.6116,13.5835,101.9929,0.569392,2.2382,4.3884,-3.1033,2288.5035,2302.3035
Gabo-13,2302.764,13.6209,100.183,0.514153,2.2636,4.3659,-2.8575,2288.6558,2302.4558
Gabo-13,2302.9164,13.5486,102.2019,0.505675,2.2659,4.3321,-2.7236,2288.8081,2302.6081
Gabo-13,2303.0688,13.6118,104.3699,0.532021,2.247,4.2761,-2.5523,2288.9604,2302.7604
Gabo-13,2303.2212,13.7377,103.1088,0.582683,2.227,4.201,-2.2891,2289.1128,2302.9128
Gabo-13,2303.3736,13.7563,97.5323,0.671977,2.223,4.1108,-2.025,2289.2651,2303.0651
Gabo-13,2303.526,13.8113,93.9286,0.779275,2.2345,4.013,-1.8564,2289.4174,2303.2174
Gabo-13,2303.6784,13.7395,94.5859,0.783427,2.2411,3.9153,-1.7593,2289.5698,2303.3698
Gabo-13,2303.8308,13.7349,97.2608,0.717686,2.2359,3.8241,-1.7031,2289.7221,2303.5221
Gabo-13,2303.9832,13.9191,100.0853,0.710147,2.231,3.7442,-1.728,2289.8744,2303.6744
Gabo-13,2304.1356,13.9387,101.6949,0.800599,2.2381,3.6851,-1.8808,2290.0267,2303.8267
Gabo-13,2304.288,13.641,103.1023,0.870761,2.2386,3.6704,-2.0791,2290.1791,2303.9791
Gabo-13,2304.4404,13.3369,105.2242,0.908228,2.2128,3.7417,-2.3612,2290.3314,2304.1314
Gabo-13,2304.5928,13.2106,108.5096,0.936127,2.1718,3.9752,-2.958,2290.4837,2304.2837
Gabo-13,2304.7452,13.2806,113.5966,0.896801,2.1555,4.5159,-4.0779,2290.636,2304.436
Gabo-13,2304.8976,13.2412,117.7225,0.747401,2.1947,5.5298,-5.4961,2290.7884,2304.5884
Gabo-13,2305.05,12.9871,118.681,0.57236,2.2707,7.0316,-6.947,2290.9407,2304.7407
Gabo-13,2305.2024,12.6277,114.6905,0.437917,2.3511,8.9561,-8.2517,2291.093,2304.893
Gabo-13,2305.3548,12.3565,103.4655,0.347193,2.4168,11.2625,-9.2451,2291.2453,2305.0453
Gabo-13,2305.5072,12.2899,90.5389,0.302457,2.4676,13.9694,-9.9025,2291.3977,2305.1977
Gabo-13,2305.6596,12.3342,81.1501,0.296488,2.5021,17.1862,-10.3598,2291.55,2305.35
Gabo-13,2305.812,12.4141,74.3822,0.307719,2.516,21.3777,-10.7765,2291.7023,2305.5023
Gabo-13,2305.9644,12.4889,67.5211,0.317735,2.5064,26.702,-11.1771,2291.8546,2305.6546
Gabo-13,2306.1168,12.5144,60.4361,0.3251,2.4733,32.5241,-11.3866,2292.0069,2305.8069
Gabo-13,2306.2692,12.4193,50.7996,0.3295,2.4215,39.5953,-11.4693,2292.1593,2305.9593
Gabo-13,2306.4216,12.3144,41.905,0.323767,2.3544,48.9831,-11.553,2292.3116,2306.1116
Gabo-13,2306.574,12.32,37.9465,0.303935,2.2772,61.1356,-11.6547,2292.4639,2306.2639
Gabo-13,2306.7264,12.4003,40.4494,0.280613,2.2048,75.7756,-11.7551,2292.6162,2306.4162
Gabo-13,2306.8788,12.452,40.8852,0.270605,2.1544,91.6342,-11.9165,2292.7686,2306.5686
Gabo-13,2307.0312,12.4662,38.8903,0.270096,2.1299,107.7674,-12.1325,2292.9209,2306.7209
Gabo-13,2307.1836,12.4759,37.2217,0.265539,2.1282,123.4682,-12.3023,2293.0732,2306.8732
Gabo-13,2307.336,12.5562,38.8102,0.253126,2.1424,137.2142,-12.3681,2293.2255,2307.0255
Gabo-13,2307.4884,12.5028,37.4663,0.247854,2.1591,146.7837,-12.5154,2293.3778,2307.1778
Gabo-13,2307.6408,12.3686,34.7127,0.256771,2.17,150.8027,-12.8197,2293.5302,2307.3302
Gabo-13,2307.7932,12.2553,32.7903,0.275847,2.1753,148.6611,-13.1546,2293.6825,2307.4825
Gabo-13,2307.9456,12.227,31.4419,0.301752,2.1774,140.0776,-13.3814,2293.8348,2307.6348
Gabo-13,2308.098,12.227,31.6222,0.334082,2.1768,125.9506,-13.567,2293.9871,2307.7871
Gabo-13,2308.2504,12.227,33.6913,0.355654,2.1755,108.3522,-13.7142,2294.1394,2307.9394
Gabo-13,2308.4028,12.227,37.2416,0.349365,2.1763,89.0212,-13.814,2294.2917,2308.0917
Gabo-13,2308.5552,12.227,41.5806,0.32039,2.1793,69.5704,-13.9721,2294.4441,2308.2441
Gabo-13,2308.7076,12.227,46.8309,0.304222,2.1792,52.1676,-14.3146,2294.5964,2308.3964
Gabo-13,2308.86,12.2281,52.3118,0.307463,2.1758,37.9125,-14.6924,2294.7487,2308.5487
Gabo-13,2309.0124,12.2609,56.7685,0.315443,2.178,27.4585,-14.9954,2294.901,2308.701
Gabo-13,2309.1648,12.3578,59.1419,0.32122,2.1982,21.3373,-15.2755,2295.0533,2308.8533
Gabo-13,2309.3172,12.4066,61.8685,0.331064,2.2375,18.8992,-15.5917,2295.2056,2309.0056
Gabo-13,2309.4696,12.3563,68.3018,0.341174,2.2669,18.2902,-15.8516,2295.358,2309.158
Gabo-13,2309.622,12.2767,76.9496,0.346853,2.2663,18.304,-16.0428,2295.5103,2309.3103
Gabo-13,2309.7744,12.231,85.0415,0.346333,2.2376,18.521,-16.1821,2295.6626,2309.4626
Gabo-13,2309.9268,12.1949,88.2419,0.337085,2.2008,18.6911,-16.1665,2295.8149,2309.6149
Gabo-13,2310.0792,12.1589,84.9413,0.32422,2.1795,18.6805,-15.97,2295.9672,2309.7672
Gabo-13,2310.2316,12.1115,77.4275,0.314368,2.175,18.4294,-15.7112,2296.1195,2309.9195
Gabo-13,2310.384,12.0557,68.6363,0.318129,2.1741,17.8863,-15.568,2296.2718,2310.0718
Gabo-13,2310.5364,12.0438,64.0231,0.346684,2.1645,17.0105,-15.6299,2296.4241,2310.2241
Gabo-13,2310.6888,12.0448,66.8999,0.38258,2.1512,15.856,-15.6488,2296.5765,2310.3765
Gabo-13,2310.8412,12.071,75.2676,0.405442,2.1434,14.566,-15.528,2296.7288,2310.5288
Gabo-13,2310.9936,12.1233,87.6524,0.406428,2.143,13.2879,-15.302,2296.8811,2310.6811
Gabo-13,2311.146,12.1593,103.9211,0.391284,2.1488,12.1538,-14.9436,2297.0334,2310.8334
Gabo-13,2311.2984,12.1389,118.4003,0.388553,2.1668,11.2081,-14.4463,2297.1857,2310.9857
Gabo-13,2311.4508,12.1154,123.6356,0.400787,2.2014,10.3692,-13.9375,2297.338,2311.138
Gabo-13,2311.6032,12.1191,121.7964,0.405274,2.2431,9.577,-13.5619,2297.4903,2311.2903
Gabo-13,2311.7556,12.1528,121.0915,0.397785,2.2706,8.8529,-13.2562,2297.6426,2311.4426
Gabo-13,2311.908,12.205,115.9794,0.423271,2.2663,8.2681,-12.6853,2297.7949,2311.5949
Gabo-13,2312.0604,12.6488,109.4461,0.471006,2.2329,7.8181,-12.0978,2297.9472,2311.7472
Gabo-13,2312.2128,13.0153,105.8827,0.485059,2.1816,7.4304,-11.8194,2298.0995,2311.8995
Gabo-13,2312.3652,12.5847,107.7664,0.441699,2.134,7.0669,-11.8606,2298.2519,2312.0519
Gabo-13,2312.5176,12.4319,114.8839,0.400735,2.1265,6.8188,-12.0177,2298.4042,2312.2042
Gabo-13,2312.67,12.8286,123.652,0.410598,2.1602,6.7815,-12.1857,2298.5565,2312.3565
Gabo-13,2312.8224,13.2262,130.3871,0.452294,2.2087,6.9276,-12.3569,2298.7088,2312.5088
Gabo-13,2312.9748,13.1832,132.8636,0.475192,2.2481,7.1301,-12.507,2298.8611,2312.6611
Gabo-13,2313.1272,12.6119,131.1351,0.445994,2.2655,7.2078,-12.6593,2299.0134,2312.8134
Gabo-13,2313.2796,12.3689,123.776,0.416748,2.2668,7.1211,-12.9923,2299.1657,2312.9657
Gabo-13,2313.432,12.5414,115.85,0.432626,2.2686,6.9659,-13.3536,2299.318,2313.118
Gabo-13,2313.5844,12.9523,111.4907,0.500453,2.2706,6.8388,-13.5603,2299.4703,2313.2703
Gabo-13,2313.7368,13.542,111.5844,0.584859,2.2564,6.8014,-13.712,2299.6226,2313.4226
Gabo-13,2313.8892,13.4566,111.8644,0.594965,2.2414,6.8811,-13.9194,2299.7749,2313.5749
Gabo-13,2314.0416,12.9698,114.4423,0.531975,2.2528,7.071,-14.2074,2299.9272,2313.7272
Gabo-13,2314.194,12.5089,119.2804,0.446558,2.2936,7.3207,-14.4628,2300.0795,2313.8795
Gabo-13,2314.3464,12.3428,120.923,0.379216,2.3405,7.5569,-14.4339,2300.2318,2314.0318
Gabo-13,2314.4988,12.3214,117.7536,0.365421,2.3644,7.7617,-13.9789,2300.3841,2314.1841
Gabo-13,2314.6512,12.321,115.0583,0.400941,2.3608,7.9208,-13.2265,2300.5364,2314.3364
Gabo-13,2314.8036,12.3427,115.1673,0.438617,2.3439,7.9512,-12.3254,2300.6887,2314.4887
Gabo-13,2314.956,12.4181,118.0131,0.436503,2.3288,7.7551,-11.4021,2300.841,2314.641
Gabo-13,2315.1084,12.4457,117.7493,0.420835,2.3198,7.3756,-10.6243,2300.9933,2314.7933
Gabo-13,2315.2608,12.4353,114.1241,0.415535,2.3161,6.9774,-9.9104,2301.1456,2314.9456
Gabo-13,2315.4132,12.4685,108.4075,0.417421,2.3137,6.6662,-9.101,2301.2979,2315.0979
Gabo-13,2315.5656,12.6135,101.698,0.417812,2.3092,6.4462,-8.1888,2301.4502,2315.2502
Gabo-13,2315.718,12.7388,101.8332,0.414253,2.306,6.2299,-7.3453,2301.6025,2315.4025
Gabo-13,2315.8704,12.7402,105.9861,0.415728,2.3082,5.9536,-6.5417,2301.7548,2315.5548
Gabo-13,2316.0228,12.7404,108.8,0.428618,2.315,5.6436,-5.6569,2301.9071,2315.7071
Gabo-13,2316.1752,12.8767,107.9474,0.455741,2.3246,5.3504,-4.7248,2302.0594,2315.8594
Gabo-13,2316.3276,13.2229,107.5091,0.500917,2.3274,5.0894,-3.9011,2302.2117,2316.0117
Gabo-13,2316.48,13.6344,106.0516,0.557112,2.2998,4.8324,-3.0784,2302.364,2316.164
Gabo-13,2316.6324,14.0974,104.2721,0.604318,2.2555,4.5453,-2.2576,2302.5163,2316.3163
Gabo-13,2316.7848,14.6116,102.9865,0.642842,2.2321,4.2361,-1.5094,2302.6686,2316.4686
Gabo-13,2316.9372,15.0436,100.2554,0.711269,2.2498,3.9552,-0.8088,2302.8209,2316.6209
Gabo-13,2317.0896,15.3417,97.8434,0.826952,2.2733,3.7151,-0.2045,2302.9732,2316.7732
Gabo-13,2317.242,15.5924,97.0897,0.919193,2.2811,3.497,0.2462,2303.1255,2316.9255
Gabo-13,2317.3944,15.7685,97.7466,0.921676,2.2711,3.2921,0.6423,2303.2778,2317.0778
Gabo-13,2317.5468,15.6776,98.6465,0.853975,2.2454,3.1163,1.1196,2303.4301,2317.2301
Gabo-13,2317.6992,15.5027,97.8766,0.824108,2.223,3.012,1.5094,2303.5824,2317.3824
Gabo-13,2317.8516,15.3977,99.6684,0.82969,2.2144,2.9967,1.6785,2303.7347,2317.5347
Gabo-13,2318.004,15.2779,103.3626,0.822231,2.2131,3.0692,1.6389,2303.887,2317.687
Gabo-13,2318.1564,14.9513,104.098,0.787874,2.2238,3.2183,1.4766,2304.0393,2317.8393
Gabo-13,2318.3088,14.8852,103.9709,0.747951,2.2769,3.4027,1.3477,2304.1916,2317.9916
Gabo-13,2318.4612,14.869,104.5721,0.745864,2.3411,3.5786,1.3086,2304.3439,2318.1439
Gabo-13,2318.6136,14.8971,104.7093,0.790122,2.3738,3.7192,1.3752,2304.4961,2318.2961
Gabo-13,2318.766,15.1332,102.876,0.842786,2.3648,3.8046,1.5538,2304.6484,2318.4484
Gabo-13,2318.9184,15.1624,100.04,0.840452,2.3329,3.8176,1.7348,2304.8007,2318.6007
Gabo-13,2319.0708,15.3055,96.4215,0.775645,2.2918,3.7639,1.7332,2304.953,2318.753
Gabo-13,2319.2232,15.6059,93.2483,0.676453,2.2506,3.6633,1.5464,2305.1053,2318.9053
Gabo-13,2319.3756,15.9371,91.4736,0.593755,2.222,3.5381,1.2612,2305.2576,2319.0576
Gabo-13,2319.528,16.3157,89.3899,0.590869,2.2136,3.4146,0.9317,2305.4099,2319.2099
Gabo-13,2319.6804,16.466,86.8718,0.620888,2.2081,3.3099,0.7077,2305.5622,2319.3622
Gabo-13,2319.8328,16.4457,85.3286,0.615926,2.1975,3.2326,0.7934,2305.7145,2319.5145
Gabo-13,2319.9852,16.4172,85.6891,0.60367,2.1961,3.1859,1.1355,2305.8668,2319.6668
Gabo-13,2320.1376,16.5722,88.4639,0.67561,2.2167,3.1694,1.3699,2306.0191,2319.8191
Gabo-13,2320.29,16.466,92.3226,0.780173,2.2295,3.1854,1.4077,2306.1714,2319.9714
Gabo-13,2320.4424,16.3374,93.2,0.793118,2.2161,3.2297,1.4899,2306.3237,2320.1237
Gabo-13,2320.5948,16.4198,91.1657,0.711925,2.1737,3.3008,1.596,2306.476,2320.276
Gabo-13,2320.7472,16.7206,91.1502,0.655683,2.0916,3.3977,1.4507,2306.6282,2320.4282
Gabo-13,2320.8996,16.5616,96.2853,0.699844,1.9729,3.5022,1.1556,2306.7805,2320.5805
Gabo-13,2321.052,16.6074,101.5466,0.799277,1.8874,3.6019,0.9517,2306.9328,2320.7328
Gabo-13,2321.2044,16.756,103.9554,0.866982,1.8839,3.6929,0.8664,2307.0851,2320.8851
Gabo-13,2321.3568,16.143,102.7279,0.832868,1.9492,3.7713,0.8391,2307.2374,2321.0374
Gabo-13,2321.5092,15.7596,100.3826,0.70802,2.0292,3.8332,0.9465,2307.3897,2321.1897
Gabo-13,2321.6616,15.5053,97.6018,0.601318,2.1036,3.8738,1.195,2307.542,2321.342
Gabo-13,2321.814,15.4054,95.821,0.596982,2.1664,3.8895,1.3681,2307.6943,2321.4943
Gabo-13,2321.9664,15.7178,96.8691,0.685912,2.2053,3.8824,1.2524,2307.8466,2321.6466
Gabo-13,2322.1188,15.7852,99.9362,0.768372,2.2135,3.8614,0.9663,2307.9989,2321.7989
Gabo-13,2322.2712,15.8381,102.8519,0.831942,2.1951,3.8234,0.8128,2308.1511,2321.9511
Gabo-13,2322.4236,15.8247,102.8445,0.895994,2.164,3.7675,0.7734,2308.3034,2322.1034
Gabo-13,2322.576,15.5863,99.1547,0.928434,2.1356,3.6995,0.7243,2308.4557,2322.2557
Gabo-13,2322.7284,15.5055,99.4604,0.87077,2.1242,3.6264,0.7345,2308.608,2322.408
Gabo-13,2322.8808,15.7332,100.7852,0.75944,2.1311,3.5518,0.8246,2308.7603,2322.5603
Gabo-13,2323.0332,15.8622,99.0021,0.635848,2.1417,3.4786,0.8926,2308.9126,2322.7126
Gabo-13,2323.1856,15.7829,93.8727,0.542616,2.143,3.4087,0.9272,2309.0649,2322.8649
Gabo-13,2323.338,16.1252,89.4097,0.556238,2.1369,3.3434,1.0375,2309.2172,2323.0172
Gabo-13,2323.4904,16.2596,90.8959,0.668118,2.1409,3.2842,1.1604,2309.3695,2323.1695
Gabo-13,2323.6428,16.1832,94.1787,0.772698,2.1574,3.2276,1.1486,2309.5217,2323.3217
Gabo-13,2323.7952,16.1282,96.7558,0.812107,2.1775,3.1709,1.081,2309.674,2323.474
Gabo-13,2323.9476,16.242,99.8109,0.815588,2.1957,3.1147,1.1699,2309.8263,2323.6263
Gabo-13,2324.1,16.1877,98.8166,0.835195,2.2145,3.0619,1.3249,2309.9786,2323.7786
Gabo-13,2324.2524,16.1646,99.8666,0.859428,2.2296,3.0227,1.4195,2310.1309,2323.9309
Gabo-13,2324.4048,16.2045,103.7051,0.864759,2.2332,2.9988,1.4947,2310.2832,2324.0832
Gabo-13,2324.5572,16.1076,105.6363,0.871374,2.2216,2.9823,1.6167,2310.4355,2324.2355
Gabo-13,2324.7096,16.0142,100.8378,0.927948,2.2048,2.9696,1.676,2310.5877,2324.3877
Gabo-13,2324.862,16.0336,94.7588,0.977063,2.2006,2.9584,1.5373,2310.74,2324.54
Gabo-13,2325.0144,16.0716,91.0121,0.965527,2.2078,2.9462,1.2607,2310.8923,2324.6923
Gabo-13,2325.1668,16.0119,90.5239,0.922277,2.2117,2.9311,1.0021,2311.0446,2324.8446
Gabo-13,2325.3192,16.035,89.1813,0.909151,2.2038,2.9099,0.8293,2311.1969,2324.9969
Gabo-13,2325.4716,16.1308,88.3174,0.863329,2.1938,2.88,0.6854,2311.3492,2325.1492
Gabo-13,2325.624,16.1878,87.8938,0.764463,2.1823,2.8484,0.5715,2311.5015,2325.3015
Gabo-13,2325.7764,16.1876,87.4079,0.666883,2.1672,2.8209,0.4745,2311.6537,2325.4537
Gabo-13,2325.9288,16.458,90.3012,0.626552,2.1611,2.7947,0.318,2311.806,2325.606
Gabo-13,2326.0812,16.3576,92.2909,0.654853,2.1687,2.7726,0.2195,2311.9583,2325.7583
Gabo-13,2326.2336,16.0758,94.1177,0.723042,2.1745,2.7519,0.2218,2312.1106,2325.9106
Gabo-13,2326.386,15.9131,96.956,0.814971,2.1705,2.7244,0.3064,2312.2629,2326.0629
Gabo-13,2326.5384,15.8045,98.037,0.911735,2.1661,2.6862,0.4799,2312.4152,2326.2152
Gabo-13,2326.6908,15.8182,97.9155,0.929762,2.164,2.6466,0.6397,2312.5674,2326.3674
Gabo-13,2326.8432,15.839,97.376,0.869017,2.1539,2.6176,0.7307,2312.7197,2326.5197
Gabo-13,2326.9956,15.7968,96.9729,0.808342,2.1317,2.6035,0.7314,2312.872,2326.672
Gabo-13,2327.148,15.7216,97.8404,0.791358,2.109,2.6031,0.6203,2313.0243,2326.8243
Gabo-13,2327.3004,15.7955,99.5661,0.745594,2.109,2.6121,0.4843,2313.1766,2326.9766
Gabo-13,2327.4528,15.784,100.2951,0.708943,2.1305,2.6282,0.3829,2313.3289,2327.1289
Gabo-13,2327.6052,15.6945,98.6798,0.740633,2.1592,2.6495,0.1765,2313.4811,2327.2811
Gabo-13,2327.7576,15.7555,93.6751,0.811702,2.1829,2.6725,-0.2064,2313.6334,2327.4334
Gabo-13,2327.91,15.7251,90.2433,0.838779,2.1946,2.6894,-0.4198,2313.7857,2327.5857
Gabo-13,2328.0624,15.7986,90.6978,0.84537,2.196,2.6899,-0.4572,2313.938,2327.738
Gabo-13,2328.2148,15.9671,92.888,0.875016,2.1939,2.6796,-0.4926,2314.0903,2327.8903
Gabo-13,2328.3672,16.0771,94.1899,0.916402,2.1909,2.6718,-0.5622,2314.2426,2328.0426
Gabo-13,2328.5196,16.1231,96.0907,0.911125,2.1838,2.6779,-0.6033,2314.3948,2328.1948
Gabo-13,2328.672,16.0313,99.3096,0.846714,2.1849,2.7301,-0.7134,2314.5471,2328.3471
Gabo-13,2328.8244,15.816,102.8293,0.792083,2.198,2.879,-1.0596,2314.6994,2328.4994
Gabo-13,2328.9768,15.4847,105.4088,0.786671,2.2082,3.1777,-1.5851,2314.8517,2328.6517
Gabo-13,2329.1292,14.8206,104.4481,0.764208,2.1861,3.6476,-1.9717,2315.004,2328.804
Gabo-13,2329.2816,14.2337,101.6603,0.671477,2.1232,4.1868,-2.2679,2315.1562,2328.9562
Gabo-13,2329.434,13.8926,99.4977,0.55028,2.0705,4.6586,-2.7164,2315.3085,2329.1085
Gabo-13,2329.5864,13.7919,97.6923,0.468046,2.072,4.9892,-3.28,2315.4608,2329.2608
Gabo-13,2329.7388,13.9559,91.615,0.468268,2.1028,5.1588,-3.6604,2315.6131,2329.4131
Gabo-13,2329.8912,14.3032,82.4756,0.536819,2.0855,5.1666,-3.8547,2315.7654,2329.5654
Gabo-13,2330.0436,15.0704,76.944,0.628383,2.0349,5.0291,-3.9905,2315.9176,2329.7176
Gabo-13,2330.196,16.0899,76.9029,0.734406,2.0072,4.7682,-3.9409,2316.0699,2329.8699
Gabo-13,2330.3484,16.6205,79.8685,0.836218,2.0147,4.4429,-3.5849,2316.2222,2330.0222
Gabo-13,2330.5008,16.5044,78.6919,0.81561,2.0021,4.1874,-3.3519,2316.3745,2330.1745
Gabo-13,2330.6532,15.4224,76.3732,0.681925,1.9703,4.0492,-3.279,2316.5267,2330.3267
Gabo-13,2330.8056,14.2411,76.6547,0.554586,1.9769,3.9847,-3.1541,2316.679,2330.479
Gabo-13,2330.958,14.6044,81.7323,0.527926,2.0461,3.9251,-2.9283,2316.8313,2330.6313
Gabo-13,2331.1104,14.7167,88.9191,0.569264,2.1,3.8057,-2.706,2316.9836,2330.7836
Gabo-13,2331.2628,14.283,92.9785,0.608175,2.1116,3.6104,-2.4471,2317.1359,2330.9359
Gabo-13,2331.4152,14.2616,94.0422,0.6622,2.0974,3.3646,-2.0415,2317.2881,2331.0881
Gabo-13,2331.5676,15.3959,94.1003,0.762546,2.064,3.105,-1.5454,2317.4404,2331.2404
Gabo-13,2331.72,16.0671,93.3306,0.84252,2.0269,2.8632,-1.2103,2317.5927,2331.3927
Gabo-13,2331.8724,16.3687,93.5293,0.846879,2.0387,2.6541,-0.9439,2317.745,2331.545
Gabo-13,2332.0248,16.6024,95.0237,0.830274,2.0964,2.4892,-0.661,2317.8972,2331.6972
Gabo-13,2332.1772,16.7452,97.0942,0.851878,2.1609,2.3827,-0.4157,2318.0495,2331.8495
Gabo-13,2332.3296,16.6152,97.3561,0.877371,2.2078,2.3391,-0.2411,2318.2018,2332.0018
Gabo-13,2332.482,16.4269,93.5858,0.849905,2.2293,2.3291,-0.1123,2318.3541,2332.1541
Gabo-13,2332.6344,16.2623,88.3101,0.824386,2.2256,2.3172,0.0273,2318.5063,2332.3063
Gabo-13,2332.7868,16.1245,83.9765,0.863951,2.2103,2.294,0.1596,2318.6586,2332.4586
Gabo-13,2332.9392,16.0851,82.3057,0.93312,2.204,2.2699,0.2228,2318.8109,2332.6109
Gabo-13,2333.0916,16.284,83.2636,0.92148,2.1984,2.2425,0.3209,2318.9632,2332.7632
Gabo-13,2333.244,16.4108,85.0206,0.813757,2.1881,2.2104,0.4643,2319.1154,2332.9154
Gabo-13,2333.3964,16.3438,87.1223,0.699299,2.1827,2.1785,0.4977,2319.2677,2333.0677
Gabo-13,2333.5488,16.2277,90.4978,0.685531,2.1878,2.1533,0.2966,2319.42,2333.22
Gabo-13,2333.7012,16.0805,93.7857,0.747717,2.1894,2.138,0.0514,2319.5723,2333.3723
Gabo-13,2333.8536,15.7722,96.766,0.761371,2.1945,2.1294,-0.0646,2319.7245,2333.5245
Gabo-13,2334.006,15.5289,97.1306,0.725963,2.2121,2.1231,-0.1209,2319.8768,2333.6768
Gabo-13,2334.1584,15.7865,91.0114,0.741351,2.2387,2.1177,-0.2222,2320.0291,2333.8291
Gabo-13,2334.3108,16.0317,90.3935,0.82638,2.2647,2.1147,-0.2596,2320.1813,2333.9813
Gabo-13,2334.4632,15.9397,94.211,0.898758,2.279,2.1134,-0.2195,2320.3336,2334.1336
Gabo-13,2334.6156,15.7006,96.7123,0.941059,2.2777,2.1133,-0.2219,2320.4859,2334.2859
Gabo-13,2334.768,15.5897,94.5208,0.973669,2.2681,2.1197,-0.2633,2320.6382,2334.4382
Gabo-13,2334.9204,15.8682,95.4577,0.96965,2.2662,2.142,-0.1616,2320.7904,2334.5904
Gabo-13,2335.0728,16.1405,99.0292,0.935102,2.2726,2.1735,-0.0918,2320.9427,2334.7427
Gabo-13,2335.2252,16.254,99.9264,0.887654,2.2781,2.2086,-0.1584,2321.095,2334.895
Gabo-13,2335.3776,16.1719,96.0758,0.808774,2.2719,2.2503,-0.316,2321.2473,2335.0473
Gabo-13,2335.53,15.5401,94.7739,0.681161,2.2547,2.3018,-0.5516,2321.3995,2335.1995
Gabo-13,2335.6824,15.1433,92.4571,0.60575,2.2588,2.3507,-0.777,2321.5518,2335.3518
Gabo-13,2335.8348,15.1277,90.9674,0.645132,2.282,2.3812,-0.927,2321.7041,2335.5041
Gabo-13,2335.9872,15.2863,92.9588,0.734935,2.301,2.3885,-0.9897,2321.8563,2335.6563
Gabo-13,2336.1396,15.3372,98.1059,0.758992,2.3072,2.3765,-1.0017,2322.0086,2335.8086
Gabo-13,2336.292,15.3851,100.7699,0.735543,2.3076,2.3485,-1.096,2322.1609,2335.9609
Gabo-13,2336.4444,15.7071,100.3804,0.696316,2.2995,2.3107,-1.3386,2322.3131,2336.1131
Gabo-13,2336.5968,16.145,99.0565,0.655939,2.2801,2.2872,-1.7335,2322.4654,2336.2654
Gabo-13,2336.7492,16.0898,99.9575,0.649781,2.2572,2.3224,-2.3229,2322.6177,2336.4177
Gabo-13,2336.9016,15.0296,99.4813,0.681426,2.2388,2.4595,-3.1929,2322.77,2336.57
Gabo-13,2337.054,13.9847,96.6229,0.67657,2.2175,2.716,-4.3198,2322.9222,2336.7222
Gabo-13,2337.2064,13.3583,95.2188,0.613032,2.1942,3.0797,-5.7614,2323.0745,2336.8745
Gabo-13,2337.3588,13.0039,100.7163,0.530056,2.1908,3.4965,-7.6046,2323.2268,2337.0268
Gabo-13,2337.5112,12.7828,107.8036,0.457917,2.2341,3.8564,-9.5588,2323.379,2337.179
Gabo-13,2337.6636,12.6925,110.5243,0.43203,2.302,4.1052,-11.049,2323.5313,2337.3313
Gabo-13,2337.816,12.7859,109.4056,0.461869,2.3552,4.2354,-11.8547,2323.6836,2337.4836
Gabo-13,2337.9684,13.1079,106.7168,0.540049,2.3565,4.2432,-12.0072,2323.8358,2337.6358
Gabo-13,2338.1208,13.6708,104.7164,0.668451,2.2748,4.1352,-11.6072,2323.9881,2337.7881
Gabo-13,2338.2732,13.8968,100.956,0.820115,2.1386,3.9585,-11.1796,2324.1404,2337.9404
Gabo-13,2338.4256,13.9031,93.2643,0.93386,2.0012,3.7811,-11.2787,2324.2926,2338.0926
Gabo-13,2338.578,13.9328,81.2049,0.969718,1.8974,3.6476,-12.2085,2324.4449,2338.2449
Gabo-13,2338.7304,13.7694,67.159,0.93847,1.8358,3.5629,-14.0351,2324.5972,2338.3972
Gabo-13,2338.8828,13.273,54.8339,0.857465,1.8112,3.507,-16.5189,2324.7494,2338.5494
Gabo-13,2339.0352,12.8503,44.1046,0.721525,1.8372,3.4308,-19.2684,2324.9017,2338.7017
Gabo-13,2339.1876,12.7316,35.0898,0.562962,1.9298,3.2955,-21.9635,2325.054,2338.854
Gabo-13,2339.34,12.7836,30.8752,0.461572,2.0662,3.0979,-24.3039,2325.2062,2339.0062
Gabo-13,2339.4924,12.7627,32.1419,0.424172,2.1656,2.8778,-26.0511,2325.3585,2339.1585
Gabo-13,2339.6448,12.739,34.735,0.412134,2.2001,2.6961,-27.3644,2325.5108,2339.3108
Gabo-13,2339.7972,12.7356,36.9966,0.403757,2.1988,2.5814,-28.4293,2325.663,2339.463
Gabo-13,2339.9496,12.6431,39.7923,0.39896,2.1988,2.5268,-29.2166,2325.8153,2339.6153
Gabo-13,2340.102,12.5696,41.2234,0.405714,2.2088,2.5109,-29.6819,2325.9676,2339.7676
Gabo-13,2340.2544,12.5318,43.299,0.404772,2.2183,2.5066,-30.0569,2326.1198,2339.9198
Gabo-13,2340.4068,12.5121,47.4798,0.384565,2.2204,2.4949,-30.3596,2326.2721,2340.0721
Gabo-13,2340.5592,12.508,54.0555,0.356176,2.2147,2.4673,-30.4542,2326.4243,2340.2243
Gabo-13,2340.7116,12.5074,59.1912,0.338692,2.2072,2.4281,-30.4877,2326.5766,2340.3766
Gabo-13,2340.864,12.4875,58.3215,0.340952,2.207,2.3879,-30.4994,2326.7289,2340.5289
Gabo-13,2341.0164,12.4537,51.4524,0.363484,2.2142,2.3464,-30.5028,2326.8811,2340.6811
Gabo-13,2341.1688,12.4222,40.6941,0.396734,2.2195,2.301,-30.5395,2327.0334,2340.8334
Gabo-13,2341.3212,12.4134,34.9367,0.41378,2.2109,2.2593,-30.5755,2327.1857,2340.9857
Gabo-13,2341.4736,12.3796,34.1417,0.402994,2.193,2.2234,-30.6396,2327.3379,2341.1379
Gabo-13,2341.626,12.3561,34.872,0.383516,2.1781,2.194,-30.7408,2327.4902,2341.2902
Gabo-13,2341.7784,12.3773,35.4014,0.374042,2.1748,2.1724,-30.789,2327.6424,2341.4424
Gabo-13,2341.9308,12.3753,36.3083,0.372821,2.1834,2.1581,-30.7308,2327.7947,2341.5947
Gabo-13,2342.0832,12.396,39.6195,0.373382,2.1909,2.1491,-30.8234,2327.947,2341.747
Gabo-13,2342.2356,12.4406,42.8694,0.378134,2.1884,2.1341,-31.0937,2328.0992,2341.8992
Gabo-13,2342.388,12.4712,44.7571,0.378701,2.1803,2.1091,-31.3556,2328.2515,2342.0515
Gabo-13,2342.5404,12.4143,47.5317,0.357223,2.1779,2.0853,-31.497,2328.4037,2342.2037
Gabo-13,2342.6928,12.3891,48.2841,0.334226,2.181,2.0731,-31.5921,2328.556,2342.356
Gabo-13,2342.8452,12.3713,47.7635,0.341239,2.1858,2.0784,-31.6079,2328.7083,2342.5083
Gabo-13,2342.9976,12.3478,47.0697,0.375802,2.1909,2.1025,-31.5418,2328.8605,2342.6605
Gabo-13,2343.15,12.379,46.1925,0.409536,2.1965,2.1411,-31.5382,2329.0128,2342.8128
Gabo-13,2343.3024,12.4585,43.4112,0.4252,2.2032,2.1844,-31.6863,2329.165,2342.965
Gabo-13,2343.4548,12.5375,40.3877,0.421854,2.2121,2.2245,-31.8552,2329.3173,2343.1173
Gabo-13,2343.6072,12.5792,38.2213,0.405301,2.2215,2.267,-32.0281,2329.4696,2343.2696
Gabo-13,2343.7596,12.5531,37.0923,0.381729,2.2271,2.3207,-32.2679,2329.6218,2343.4218
Gabo-13,2343.912,12.4065,38.2857,0.357803,2.2252,2.3737,-32.4856,2329.7741,2343.5741
Gabo-13,2344.0644,12.3866,40.2,0.348177,2.2216,2.3968,-32.743,2329.9263,2343.7263
Gabo-13,2344.2168,12.4313,40.8601,0.35112,2.2225,2.3755,-33.0316,2330.0786,2343.8786
Gabo-13,2344.3692,12.3806,39.2779,0.352447,2.228,2.3176,-33.2541,2330.2309,2344.0309
Gabo-13,2344.5216,12.4714,39.1001,0.343481,2.2314,2.2489,-33.3572,2330.3831,2344.1831
Gabo-13,2344.674,12.5673,42.0583,0.327469,2.2291,2.1864,-33.2553,2330.5354,2344.3354
Gabo-13,2344.8264,12.6453,46.9636,0.314401,2.222,2.1365,-33.0806,2330.6876,2344.4876
Gabo-13,2344.9788,12.7555,52.4319,0.313793,2.2124,2.1125,-33.077,2330.8399,2344.6399
Gabo-13,2345.1312,12.8691,56.5101,0.327578,2.2044,2.1432,-33.3285,2330.9921,2344.7921
Gabo-13,2345.2836,12.8245,60.8167,0.343268,2.2056,2.2407,-33.608,2331.1444,2344.9444
Gabo-13,2345.436,12.7123,66.3252,0.35712,2.2145,2.3879,-33.8222,2331.2967,2345.0967
Gabo-13,2345.5884,12.6665,71.5775,0.365403,2.2244,2.5501,-34.0029,2331.4489,2345.2489
Gabo-13,2345.7408,12.8329,71.3449,0.359009,2.2312,2.6775,-34.0953,2331.6012,2345.4012
Gabo-13,2345.8932,12.8848,66.436,0.346912,2.2407,2.7356,-34.0197,2331.7534,2345.5534
Gabo-13,2346.0456,12.7825,62.3084,0.337789,2.2605,2.7313,-33.955,2331.9057,2345.7057
Gabo-13,2346.198,12.6315,60.8039,0.340971,2.2838,2.6823,-33.939,2332.0579,2345.8579
Gabo-13,2346.3504,12.5529,61.0282,0.365617,2.2902,2.5968,-33.826,2332.2102,2346.0102
Gabo-13,2346.5028,12.4433,63.3069,0.395828,2.27,2.4826,-33.6965,2332.3624,2346.1624
Gabo-13,2346.6552,12.4217,65.1668,0.409457,2.2388,2.377,-33.5681,2332.5147,2346.3147
Gabo-13,2346.8076,12.449,65.4609,0.402669,2.2109,2.31,-33.4326,2332.667,2346.467
Gabo-13,2346.96,12.3589,64.2477,0.388409,2.191,2.2872,-33.3786,2332.8192,2346.6192
Gabo-13,2347.1124,12.3519,62.6731,0.390898,2.1802,2.294,-33.5133,2332.9715,2346.7715
Gabo-13,2347.2648,12.3207,61.6036,0.417005,2.1755,2.3094,-33.7423,2333.1237,2346.9237
Gabo-13,2347.4172,12.271,61.9083,0.437857,2.1729,2.3223,-33.892,2333.276,2347.076
Gabo-13,2347.5696,12.2834,64.1556,0.42449,2.1702,2.3297,-33.875,2333.4282,2347.2282
Gabo-13,2347.722,12.2549,66.3142,0.389151,2.1683,2.3295,-33.8026,2333.5805,2347.3805
Gabo-13,2347.8744,12.2984,69.6838,0.361969,2.166,2.3216,-33.8802,2333.7327,2347.5327
Gabo-13,2348.0268,12.3373,77.7245,0.345127,2.1623,2.316,-34.0403,2333.885,2347.685
Gabo-13,2348.1792,12.2916,92.087,0.332416,2.1592,2.3197,-34.1352,2334.0372,2347.8372
Gabo-13,2348.3316,12.3281,110.1066,0.331716,2.1626,2.3323,-34.1297,2334.1895,2347.9895
Gabo-13,2348.484,12.399,127.0467,0.343072,2.1753,2.3618,-33.9441,2334.3417,2348.1417
Gabo-13,2348.6364,12.4008,136.516,0.349696,2.1898,2.4023,-33.5542,2334.494,2348.294
Gabo-13,2348.7888,12.3228,135.8103,0.335958,2.1966,2.4393,-33.0355,2334.6462,2348.4462
Gabo-13,2348.9412,12.2508,126.1879,0.3069,2.196,2.4626,-32.4646,2334.7984,2348.5984
Gabo-13,2349.0936,12.2294,117.6663,0.300217,2.2034,2.4769,-31.7667,2334.9507,2348.7507
Gabo-13,2349.246,12.2601,114.8995,0.324812,2.2196,2.5086,-30.9051,2335.1029,2348.9029
Gabo-13,2349.3984,12.3444,117.4118,0.355606,2.2309,2.5733,-29.9225,2335.2552,2349.0552
Gabo-13,2349.5508,12.4888,123.0035,0.367229,2.2361,2.6708,-28.8863,2335.4074,2349.2074
Gabo-13,2349.7032,12.6488,124.5667,0.374811,2.2673,2.8026,-27.8842,2335.5597,2349.3597
Gabo-13,2349.8556,12.7148,118.2914,0.40528,2.3207,2.9621,-26.9955,2335.7119,2349.5119
Gabo-13,2350.008,12.7813,108.3787,0.441589,2.36,3.1244,-26.2226,2335.8641,2349.6641
Gabo-13,2350.1604,13.0381,102.0142,0.449524,2.3634,3.248,-25.5444,2336.0164,2349.8164
Gabo-13,2350.3128,13.0456,101.6765,0.44181,2.3586,3.2971,-24.925,2336.1686,2349.9686
Gabo-13,2350.4652,13.0601,102.4791,0.453721,2.3659,3.2964,-24.1643,2336.3209,2350.1209
Gabo-13,2350.6176,13.1665,104.4858,0.490117,2.3775,3.2647,-23.3305,2336.4731,2350.2731
Gabo-13,2350.77,13.3001,109.2645,0.551987,2.3768,3.1957,-22.7383,2336.6253,2350.4253
Gabo-13,2350.9224,13.7543,110.7519,0.632735,2.3496,3.0902,-22.6361,2336.7776,2350.5776
Gabo-13,2351.0748,13.7947,107.9798,0.6331,2.3008,2.9724,-22.9582,2336.9298,2350.7298
Gabo-13,2351.2272,13.4037,102.0614,0.537568,2.2529,2.8738,-23.6399,2337.082,2350.882
Gabo-13,2351.3796,12.9109,94.5116,0.429881,2.2227,2.8091,-24.5394,2337.2343,2351.0343
Gabo-13,2351.532,12.7974,91.1933,0.394509,2.2085,2.7647,-25.3514,2337.3865,2351.1865
Gabo-13,2351.6844,12.745,89.5542,0.398178,2.1975,2.7144,-26.2105,2337.5387,2351.3387
Gabo-13,2351.8368,12.7183,87.6319,0.39341,2.1911,2.6515,-27.3793,2337.6909,2351.4909
Gabo-13,2351.9892,12.7683,84.1658,0.374591,2.1949,2.5867,-28.74,2337.8432,2351.6432
Gabo-13,2352.1416,12.7761,75.4592,0.354469,2.2052,2.5268,-29.8815,2337.9954,2351.7954
Gabo-13,2352.294,12.9182,64.0609,0.340485,2.2116,2.4529,-30.7648,2338.1476,2351.9476
Gabo-13,2352.4464,12.8973,51.8487,0.321271,2.2133,2.3566,-31.5941,2338.2999,2352.0999
Gabo-13,2352.5988,12.6502,41.1341,0.285767,2.214,2.2487,-32.3071,2338.4521,2352.2521
Gabo-13,2352.7512,12.4437,36.3627,0.243688,2.2135,2.1456,-32.6629,2338.6043,2352.4043
Gabo-13,2352.9036,12.3226,35.2542,0.232568,2.2088,2.0592,-32.7215,2338.7565,2352.5565
Gabo-13,2353.056,12.323,34.2196,0.260366,2.2017,2.0001,-32.653,2338.9088,2352.7088
Gabo-13,2353.2084,12.4133,33.1012,0.309842,2.1941,1.9717,-32.4572,2339.061,2352.861
Gabo-13,2353.3608,12.5119,32.9876,0.356058,2.1872,1.9754,-32.1061,2339.2132,2353.0132
Gabo-13,2353.5132,12.5743,32.7937,0.37084,2.1848,2.0127,-31.8086,2339.3654,2353.1654
Gabo-13,2353.6656,12.6632,33.6445,0.35886,2.1899,2.057,-31.7996,2339.5176,2353.3176
Gabo-13,2353.818,12.7702,34.867,0.342885,2.1987,2.0881,-32.053,2339.6699,2353.4699
Gabo-13,2353.9704,12.8543,35.0736,0.342778,2.2078,2.0998,-32.3935,2339.8221,2353.6221
Gabo-13,2354.1228,12.8738,34.2017,0.361276,2.2195,2.0906,-32.6616,2339.9743,2353.7743
Gabo-13,2354.2752,12.7751,33.1008,0.369765,2.2297,2.0766,-32.8129,2340.1265,2353.9265
Gabo-13,2354.4276,12.689,31.733,0.363037,2.2332,2.07,-32.8263,2340.2787,2354.0787
Gabo-13,2354.58,12.7125,30.2073,0.353382,2.2289,2.0693,-32.7366,2340.4309,2354.2309
Gabo-13,2354.7324,12.7511,30.4405,0.340098,2.2202,2.0681,-32.6794,2340.5832,2354.3832
Gabo-13,2354.8848,12.702,30.8395,0.314772,2.2134,2.0692,-32.6776,2340.7354,2354.5354
Gabo-13,2355.0372,12.6222,31.6348,0.293249,2.2096,2.0719,-32.6298,2340.8876,2354.6876
Gabo-13,2355.1896,12.5715,32.605,0.289731,2.2087,2.0669,-32.514,2341.0398,2354.8398
Gabo-13,2355.342,12.5871,30.9058,0.29559,2.2124,2.039,-32.4306,2341.192,2354.992
Gabo-13,2355.4944,12.593,28.417,0.295047,2.218,1.9818,-32.4327,2341.3442,2355.1442
Gabo-13,2355.6468,12.6525,26.6539,0.292084,2.2186,1.9079,-32.4401,2341.4964,2355.2964
Gabo-13,2355.7992,12.7799,25.6249,0.300603,2.211,1.8349,-32.2253,2341.6486,2355.4486
Gabo-13,2355.9516,12.9067,24.9092,0.328548,2.1987,1.7792,-31.6807,2341.8008,2355.6008
Gabo-13,2356.104,13.1038,26.2333,0.361896,2.1905,1.7485,-31.2251,2341.9531,2355.7531
Gabo-13,2356.2564,13.3084,29.1273,0.376848,2.1887,1.7319,-30.9878,2342.1053,2355.9053
Gabo-13,2356.4088,13.5425,32.5657,0.370528,2.1895,1.7266,-30.9782,2342.2575,2356.0575
Gabo-13,2356.5612,13.8913,35.7226,0.356932,2.1879,1.7402,-31.2062,2342.4097,2356.2097
Gabo-13,2356.7136,14.1685,36.6271,0.349364,2.1808,1.7724,-31.4074,2342.5619,2356.3619
Gabo-13,2356.866,14.3589,36.7894,0.352006,2.1691,1.8135,-31.5051,2342.7141,2356.5141
Gabo-13,2357.0184,14.5883,37.9138,0.3656,2.1544,1.8511,-31.6093,2342.8663,2356.6663
Gabo-13,2357.1708,14.9556,40.4878,0.379886,2.1401,1.883,-31.7114,2343.0185,2356.8185
Gabo-13,2357.3232,15.3974,40.1576,0.37306,2.1355,1.9251,-31.6237,2343.1707,2356.9707
Gabo-13,2357.4756,15.7495,41.0462,0.361538,2.1439,1.9846,-31.4602,2343.3229,2357.1229
Gabo-13,2357.628,16.056,43.271,0.367148,2.1588,2.0612,-31.4922,2343.4751,2357.2751
Gabo-13,2357.7804,16.3801,44.7577,0.38363,2.1744,2.1517,-31.6657,2343.6273,2357.4273
Gabo-13,2357.9328,16.672,43.0876,0.387488,2.1875,2.2428,-31.6051,2343.7795,2357.5795
Gabo-13,2358.0852,16.9334,41.3763,0.38945,2.1914,2.3138,-31.4362,2343.9317,2357.7317
Gabo-13,2358.2376,17.1785,40.942,0.407291,2.186,2.3667,-31.4104,2344.0839,2357.8839
Gabo-13,2358.39,17.4014,41.3086,0.431593,2.1796,2.4113,-31.5603,2344.236,2358.036
Gabo-13,2358.5424,17.5746,41.2511,0.430296,2.1828,2.4487,-31.8078,2344.3882,2358.1882
Gabo-13,2358.6948,17.6573,42.1671,0.393571,2.1958,2.4727,-32.0656,2344.5404,2358.3404
Gabo-13,2358.8472,17.7471,46.7832,0.355152,2.2067,2.476,-32.1846,2344.6926,2358.4926
Gabo-13,2358.9996,17.8583,54.4625,0.349784,2.2084,2.4604,-32.1891,2344.8452,2358.6452
Gabo-13,2359.152,17.9101,61.8393,0.395074,2.2031,2.4395,-32.2909,2344.997,2358.797
Gabo-13,2359.3044,17.7591,68.2732,0.474453,2.1962,2.4307,-32.6099,2345.1492,2358.9492
Gabo-13,2359.4568,17.4342,72.8319,0.530294,2.1868,2.4337,-33.0957,2345.3014,2359.1014
Gabo-13,2359.6092,17.111,76.0752,0.545573,2.1759,2.4423,-33.6357,2345.4536,2359.2536
Gabo-13,2359.7616,16.9947,79.4204,0.538282,2.1689,2.4573,-34.1228,2345.6057,2359.4057
Gabo-13,2359.914,17.0323,80.9604,0.510292,2.1691,2.487,-34.4777,2345.7579,2359.5579
Gabo-13,2360.0664,16.9965,79.6195,0.469276,2.1726,2.5364,-34.6499,2345.9101,2359.7101
Gabo-13,2360.2188,16.886,75.8799,0.436516,2.1728,2.6023,-34.69,2346.0623,2359.8623
Gabo-13,2360.3712,16.7877,70.4722,0.423467,2.1654,2.6733,-34.7151,2346.2145,2360.0145
Gabo-13,2360.5236,16.8506,64.7623,0.411085,2.1523,2.7319,-34.7771,2346.3667,2360.1667
Gabo-13,2360.676,16.921,60.2584,0.379789,2.1442,2.771,-34.721,2346.5188,2360.3188
Gabo-13,2360.8284,16.9372,57.8785,0.356808,2.1505,2.7842,-34.5205,2346.671,2360.471
Gabo-13,2360.9808,16.9374,58.1378,0.37591,2.172,2.7655,-34.2846,2346.8232,2360.6232
Gabo-13,2361.1332,17.0598,61.652,0.424024,2.1972,2.7191,-34.1183,2346.9754,2360.7754
Gabo-13,2361.2856,17.1555,64.2919,0.441274,2.2095,2.6588,-34.0563,2347.1275,2360.9275
Gabo-13,2361.438,17.2153,63.8924,0.423537,2.2051,2.6034,-34.0629,2347.2797,2361.0797
Gabo-13,2361.5904,17.292,61.1944,0.40352,2.1897,2.5675,-34.091,2347.4319,2361.2319
Gabo-13,2361.7428,17.4283,59.4439,0.400137,2.1712,2.5629,-34.0734,2347.5841,2361.3841
Gabo-13,2361.8952,17.588,60.0577,0.399919,2.1579,2.5958,-33.9312,2347.7362,2361.5362
Gabo-13,2362.0476,17.7653,61.4586,0.395683,2.1593,2.653,-33.7693,2347.8884,2361.6884
Gabo-13,2362.2,17.9186,61.9452,0.389465,2.1789,2.7101,-33.8125,2348.0406,2361.8406
Gabo-13,2362.3524,17.9516,59.7394,0.379321,2.2077,2.7387,-34.1005,2348.1928,2361.9928
Gabo-13,2362.5048,18.1048,55.1238,0.361349,2.2249,2.7206,-34.2071,2348.3449,2362.1449
Gabo-13,2362.6572,18.2891,51.7686,0.344887,2.2281,2.6722,-34.0997,2348.4971,2362.2971
Gabo-13,2362.8096,18.3971,51.903,0.340679,2.2243,2.6149,-34.0176,2348.6493,2362.4493
Gabo-13,2362.962,18.3885,56.5501,0.353835,2.2137,2.5563,-34.0275,2348.8014,2362.6014
Gabo-13,2363.1144,18.1949,62.0193,0.379525,2.192,2.4939,-33.9688,2348.9536,2362.7536
Gabo-13,2363.2668,18.1297,67.4051,0.396674,2.1706,2.4389,-33.9625,2349.1057,2362.9057
Gabo-13,2363.4192,18.2504,72.7509,0.39458,2.1575,2.4059,-34.0608,2349.2579,2363.0579
Gabo-13,2363.5716,18.4313,77.7799,0.379711,2.151,2.4019,-34.0424,2349.4101,2363.2101
Gabo-13,2363.724,18.1638,81.5986,0.36872,2.1471,2.4212,-33.6552,2349.5622,2363.3622
Gabo-13,2363.8764,17.8601,85.4908,0.369982,2.1448,2.4484,-33.1707,2349.7144,2363.5144
Gabo-13,2364.0288,17.6252,92.3253,0.381422,2.1461,2.4855,-32.8068,2349.8666,2363.6666
Gabo-13,2364.1812,17.2516,102.6947,0.391553,2.1503,2.5433,-32.4966,2350.0187,2363.8187
Gabo-13,2364.3336,16.1573,111.0468,0.384178,2.1538,2.619,-32.1146,2350.1709,2363.9709
Gabo-13,2364.486,14.9162,113.6068,0.365323,2.1625,2.6873,-31.7555,2350.323,2364.123
Gabo-13,2364.6384,14.6148,110.7105,0.343744,2.1854,2.732,-31.5301,2350.4752,2364.2752
Gabo-13,2364.7908,15.5181,104.8457,0.322278,2.2181,2.7516,-31.4269,2350.6274,2364.4274
Gabo-13,2364.9432,17.0216,101.8025,0.305524,2.2396,2.7495,-31.4305,2350.7795,2364.5795
Gabo-13,2365.0956,17.5375,102.0908,0.297098,2.2342,2.73,-31.6068,2350.9317,2364.7317
Gabo-13,2365.248,17.7187,105.3079,0.289135,2.2165,2.701,-31.7054,2351.0838,2364.8838
Gabo-13,2365.4004,18.0008,112.2519,0.281432,2.2065,2.6778,-31.4624,2351.236,2365.036
Gabo-13,2365.5528,18.135,124.3626,0.282241,2.2173,2.6791,-30.9186,2351.3881,2365.1881
Gabo-13,2365.7052,18.1564,133.1015,0.288204,2.2533,2.7107,-30.3935,2351.5403,2365.3403
Gabo-13,2365.8576,18.2231,135.8528,0.294661,2.2942,2.7685,-29.8536,2351.6924,2365.4924
Gabo-13,2366.01,18.3247,135.7906,0.301193,2.3194,2.8424,-29.3015,2351.8446,2365.6446
Gabo-13,2366.1624,18.39,136.7504,0.307746,2.3267,2.9172,-28.8757,2351.9967,2365.7967
Gabo-13,2366.3148,18.6014,133.4057,0.313512,2.3332,2.9791,-28.4938,2352.1489,2365.9489
Gabo-13,2366.4672,18.8873,128.2061,0.317585,2.3418,3.0309,-28.0114,2352.301,2366.101
Gabo-13,2366.6196,19.0716,126.3651,0.31328,2.3476,3.0815,-27.4713,2352.4532,2366.2532
Gabo-13,2366.772,19.0646,130.4003,0.298391,2.3495,3.134,-26.992,2352.6053,2366.4053
Gabo-13,2366.9244,19.1407,132.5627,0.288425,2.3464,3.1831,-26.6308,2352.7575,2366.5575
Gabo-13,2367.0768,19.0418,132.6466,0.294769,2.3391,3.2199,-26.397,2352.9096,2366.7096
Gabo-13,2367.2292,18.9488,133.1754,0.305319,2.3362,3.2403,-26.3061,2353.0617,2366.8617
Gabo-13,2367.3816,19.059,133.9426,0.308726,2.346,3.232,-26.3913,2353.2139,2367.0139
Gabo-13,2367.534,19.1677,128.8217,0.309041,2.3629,3.1728,-26.6489,2353.366,2367.166
Gabo-13,2367.6864,19.331,121.8076,0.309845,2.3648,3.0717,-27.0026,2353.5182,2367.3182
Gabo-13,2367.8388,19.5801,114.0363,0.314569,2.3443,2.9467,-27.5631,2353.6703,2367.4703
Gabo-13,2367.9912,19.8269,105.3425,0.321783,2.3105,2.8104,-28.3345,2353.8224,2367.6224
Gabo-13,2368.1436,19.8504,97.3539,0.326043,2.2721,2.68,-29.1357,2353.9746,2367.7746
Gabo-13,2368.296,19.773,96.4862,0.335847,2.2251,2.5745,-29.9558,2354.1267,2367.9267
Gabo-13,2368.4484,19.4715,97.741,0.366493,2.1773,2.4993,-30.6067,2354.2789,2368.0789
Gabo-13,2368.6008,18.0607,96.8267,0.424969,2.1417,2.457,-30.9982,2354.431,2368.231
Gabo-13,2368.7532,14.0028,92.0701,0.496691,2.1248,2.4505,-31.2455,2354.5831,2368.3831
Gabo-13,2368.9056,12.4941,91.5536,0.539389,2.1244,2.4692,-31.3652,2354.7353,2368.5353
Gabo-13,2369.058,12.4531,92.593,0.547677,2.1382,2.4979,-31.301,2354.8874,2368.6874
Gabo-13,2369.2104,12.4879,91.668,0.528128,2.1598,2.5205,-30.9583,2355.0395,2368.8395
Gabo-13,2369.3628,12.484,87.384,0.484577,2.1791,2.5242,-30.3265,2355.1916,2368.9916
Gabo-13,2369.5152,12.442,82.8687,0.439071,2.1912,2.512,-29.6316,2355.3438,2369.1438
Gabo-13,2369.6676,12.4179,81.1886,0.407427,2.1988,2.4959,-28.9546,2355.4959,2369.2959
Gabo-13,2369.82,12.4189,82.1666,0.38739,2.2027,2.4867,-28.2415,2355.648,2369.448
Gabo-13,2369.9724,12.4381,84.9007,0.374825,2.2022,2.4904,-27.4909,2355.8002,2369.6002
Gabo-13,2370.1248,12.5121,88.892,0.374766,2.2017,2.5064,-26.7653,2355.9523,2369.7523
Gabo-13,2370.2772,12.5714,90.1302,0.390254,2.2093,2.5309,-25.993,2356.1044,2369.9044
Gabo-13,2370.4296,12.5971,88.839,0.414537,2.2244,2.5613,-25.0812,2356.2565,2370.0565
Gabo-13,2370.582,12.602,86.4314,0.438074,2.2441,2.5941,-24.129,2356.4087,2370.2087
Gabo-13,2370.7344,12.602,83.6512,0.458553,2.2667,2.6187,-23.2981,2356.5608,2370.3608
Gabo-13,2370.8868,12.6029,85.3506,0.488544,2.2825,2.6222,-22.2264,2356.7129,2370.5129
Gabo-13,2371.0392,12.6594,94.3198,0.529617,2.2833,2.6059,-20.5663,2356.865,2370.665
Gabo-13,2371.1916,12.8162,107.7343,0.584996,2.2674,2.5817,-18.2303,2357.0171,2370.8171
Gabo-13,2371.344,13.114,115.6459,0.653391,2.237,2.572,-15.4033,2357.1693,2370.9693
Gabo-13,2371.4964,13.5371,115.8141,0.692649,2.1958,2.605,-12.7623,2357.3214,2371.1214
Gabo-13,2371.6488,13.6613,111.2379,0.697097,2.1541,2.6778,-10.8506,2357.4735,2371.2735
Gabo-13,2371.8012,13.491,104.9771,0.69475,2.1209,2.7666,-9.8487,2357.6256,2371.4256
Gabo-13,2371.9536,13.412,100.586,0.705281,2.0939,2.8484,-9.7204,2357.7777,2371.5777
Gabo-13,2372.106,13.0824,97.1134,0.708006,2.0509,2.918,-10.254,2357.9298,2371.7298
Gabo-13,2372.2584,12.8464,89.1396,0.669005,1.9832,2.9803,-11.4216,2358.082,2371.882
Gabo-13,2372.4108,12.86,76.6282,0.588869,1.9183,3.0237,-13.4196,2358.2341,2372.0341
Gabo-13,2372.5632,13.0228,62.2971,0.497792,1.9083,3.0033,-16.2806,2358.3862,2372.1862
Gabo-13,2372.7156,12.6784,50.5151,0.43189,1.9906,2.8616,-19.4092,2358.5383,2372.3383
Gabo-13,2372.868,12.3947,44.7372,0.397719,2.106,2.6504,-22.1427,2358.6904,2372.4904
Gabo-13,2373.0204,12.3317,41.6298,0.385303,2.1924,2.4258,-24.3194,2358.8425,2372.6425
Gabo-13,2373.1728,12.3401,37.4718,0.384434,2.2322,2.207,-25.8959,2358.9946,2372.7946
Gabo-13,2373.3252,12.3683,35.0758,0.385599,2.2378,2.0095,-26.767,2359.1467,2372.9467
Gabo-13,2373.4776,12.3228,33.2548,0.384823,2.2296,1.8349,-27.3843,2359.2988,2373.0988
Gabo-13,2373.63,12.257,32.0456,0.379791,2.2166,1.696,-27.9251,2359.4509,2373.2509
Gabo-13,2373.7824,12.2305,32.4337,0.37186,2.2016,1.6043,-28.288,2359.603,2373.403
Gabo-13,2373.9348,12.227,35.5663,0.373537,2.1901,1.5468,-28.5106,2359.7551,2373.5551
Gabo-13,2374.0872,12.227,37.9447,0.393461,2.1865,1.4983,-28.6827,2359.9072,2373.7072
Gabo-13,2374.2396,12.2276,38.0199,0.400637,2.1859,1.4557,-28.8275,2360.0593,2373.8593
Gabo-13,2374.392,12.2421,36.2786,0.376317,2.1803,1.4285,-28.8759,2360.2115,2374.0115
Gabo-13,2374.5444,12.3077,34.2551,0.342122,2.1659,1.4241,-28.7851,2360.3635,2374.1635
Gabo-13,2374.6968,12.3716,33.122,0.325372,2.1517,1.4353,-28.7224,2360.5156,2374.3156
Gabo-13,2374.8492,12.4063,33.5601,0.326361,2.1469,1.4394,-28.6558,2360.6677,2374.4677
Gabo-13,2375.0016,12.4388,35.5089,0.329237,2.1533,1.4429,-28.5759,2360.8198,2374.6198
Gabo-13,2375.154,12.5229,38.4589,0.320526,2.1675,1.4723,-28.6096,2360.9719,2374.7719
Gabo-13,2375.3064,12.4796,37.7097,0.30709,2.1815,1.524,-28.7378,2361.124,2374.924
Gabo-13,2375.4588,12.3913,34.5201,0.303109,2.1874,1.5801,-28.8412,2361.2761,2375.0761
Gabo-13,2375.6112,12.3333,32.2507,0.306223,2.1861,1.6212,-28.9371,2361.4282,2375.2282
Gabo-13,2375.7636,12.32,33.6292,0.306387,2.1836,1.6378,-29.0728,2361.5803,2375.3803
Gabo-13,2375.916,12.3194,35.3143,0.302027,2.1836,1.6498,-29.1267,2361.7324,2375.5324
Gabo-13,2376.0684,12.2859,35.7307,0.293187,2.1858,1.6702,-29.0741,2361.8845,2375.6845
Gabo-13,2376.2208,12.2574,35.3619,0.28585,2.1877,1.6897,-29.1186,2362.0366,2375.8366
Gabo-13,2376.3732,12.2909,34.7575,0.287139,2.1878,1.7039,-29.39,2362.1887,2375.9887
Gabo-13,2376.5256,12.4589,34.4924,0.293776,2.1875,1.728,-29.7342,2362.3408,2376.1408
Gabo-13,2376.678,12.6695,34.0199,0.294366,2.1894,1.7657,-30.0548,2362.4928,2376.2928
Gabo-13,2376.8304,12.8775,33.1971,0.288467,2.1928,1.8194,-30.359,2362.6449,2376.4449
Gabo-13,2376.9828,13.0743,32.5705,0.278082,2.1955,1.8926,-30.5808,2362.797,2376.597
Gabo-13,2377.1352,13.2273,34.2057,0.259051,2.1961,1.979,-30.637,2362.9491,2376.7491
Gabo-13,2377.2876,13.3024,36.692,0.236565,2.1933,2.0601,-30.7159,2363.1012,2376.9012
Gabo-13,2377.44,13.2735,38.0622,0.226044,2.1922,2.1224,-30.84,2363.2533,2377.0533
Gabo-13,2377.5924,13.1782,37.8471,0.232581,2.1965,2.1646,-30.87,2363.4053,2377.2053
Gabo-13,2377.7448,13.1487,36.5691,0.244494,2.2016,2.1933,-30.7374,2363.5574,2377.3574
Gabo-13,2377.8972,13.1999,34.0557,0.246774,2.2019,2.2095,-30.5673,2363.7095,2377.5095
Gabo-13,2378.0496,13.2654,32.1393,0.24077,2.207,2.2068,-30.471,2363.8616,2377.6616
Gabo-13,2378.202,13.2471,31.7951,0.235855,2.2198,2.1969,-30.4517,2364.0136,2377.8136
Gabo-13,2378.3544,13.011,33.113,0.238582,2.2285,2.2052,-30.4793,2364.1657,2377.9657
Gabo-13,2378.5068,12.8472,37.3685,0.246622,2.2256,2.2348,-30.5814,2364.3178,2378.1178
Gabo-13,2378.6592,12.8254,43.0517,0.25381,2.2211,2.2704,-30.7824,2364.4699,2378.2699
Gabo-13,2378.8116,12.8954,47.3657,0.255949,2.219,2.2906,-30.9618,2364.6219,2378.4219
Gabo-13,2378.964,13.0183,47.7389,0.250674,2.2155,2.282,-31.1138,2364.774,2378.574
Gabo-13,2379.1164,13.1729,44.7893,0.240013,2.2124,2.2524,-31.4983,2364.9261,2378.7261
Gabo-13,2379.2688,13.3814,42.1853,0.233642,2.2143,2.1991,-31.7826,2365.0781,2378.8781
Gabo-13,2379.4212,13.5666,42.3719,0.233235,2.2204,2.1194,-31.7927,2365.2302,2379.0302
Gabo-13,2379.5736,13.6472,46.3197,0.236943,2.2267,2.0221,-31.7052,2365.3823,2379.1823
Gabo-13,2379.726,13.6325,52.4121,0.248898,2.2277,1.9265,-31.6349,2365.5343,2379.3343
Gabo-13,2379.8784,13.7509,56.6668,0.267567,2.2215,1.8513,-31.51,2365.6864,2379.4864
Gabo-13,2380.0308,13.9481,60.8776,0.284306,2.2104,1.8072,-31.372,2365.8385,2379.6385
Gabo-13,2380.1832,14.0913,67.0094,0.294764,2.1986,1.797,-31.345,2365.9905,2379.7905
Gabo-13,2380.3356,14.0243,74.1406,0.304069,2.1888,1.8169,-31.4354,2366.1426,2379.9426
Gabo-13,2380.488,13.8638,77.5881,0.317971,2.1781,1.8605,-31.4286,2366.2947,2380.0947
Gabo-13,2380.6404,13.876,76.6412,0.330145,2.1686,1.9244,-31.2345,2366.4467,2380.2467
Gabo-13,2380.7928,14.0754,72.4499,0.331257,2.164,2.0029,-30.7824,2366.5988,2380.3988
Gabo-13,2380.9452,14.1863,66.8054,0.315288,2.163,2.087,-29.968,2366.7508,2380.5508
Gabo-13,2381.0976,14.1348,66.3982,0.284419,2.1608,2.1759,-28.8604,2366.9029,2380.7029
Gabo-13,2381.25,13.9093,74.3249,0.256091,2.1563,2.2736,-27.2307,2367.0549,2380.8549
Gabo-13,2381.4024,13.5829,87.4177,0.248303,2.1516,2.3862,-24.6899,2367.207,2381.007
Gabo-13,2381.5548,13.3077,99.1615,0.280056,2.1539,2.515,-21.088,2367.359,2381.159
Gabo-13,2381.7072,13.5872,105.5413,0.377849,2.1712,2.645,-16.966,2367.5111,2381.3111
Gabo-13,2381.8596,13.6963,107.5227,0.530866,2.1822,2.7712,-13.1297,2367.6631,2381.4631
Gabo-13,2382.012,13.6496,107.8752,0.661632,2.172,2.8924,-9.971,2367.8152,2381.6152
Gabo-13,2382.1644,13.9155,109.329,0.686246,2.1562,3.0037,-7.5546,2367.9672,2381.7672
Gabo-13,2382.3168,14.1971,112.1296,0.617395,2.1693,3.1018,-5.8237,2368.1193,2381.9193
Gabo-13,2382.4692,14.5767,112.2259,0.555396,2.1974,3.1878,-4.595,2368.2713,2382.0713
Gabo-13,2382.6216,14.8263,110.0461,0.53383,2.2049,3.2564,-3.6144,2368.4234,2382.2234
Gabo-13,2382.774,14.671,107.1228,0.535759,2.1867,3.2904,-2.6951,2368.5754,2382.3754
Gabo-13,2382.9264,14.3171,101.4231,0.563686,2.1822,3.2682,-1.8413,2368.7275,2382.5275
Gabo-13,2383.0788,13.9768,97.6001,0.627716,2.2133,3.2017,-1.1914,2368.8795,2382.6795
Gabo-13,2383.2312,13.9352,97.7699,0.721604,2.255,3.1197,-0.6705,2369.0316,2382.8316
Gabo-13,2383.3836,14.2248,101.2672,0.784844,2.2752,3.0462,-0.2216,2369.1836,2382.9836
Gabo-13,2383.536,14.2413,105.1556,0.731306,2.257,3.0103,0.022,2369.3356,2383.1356
Gabo-13,2383.6884,14.107,112.4574,0.624911,2.2021,3.0454,0.0591,2369.4877,2383.2877
Gabo-13,2383.8408,13.849,117.934,0.538885,2.1304,3.1477,-0.104,2369.6397,2383.4397
Gabo-13,2383.9932,13.503,117.7654,0.482204,2.0802,3.2797,-0.5212,2369.7917,2383.5917
Gabo-13,2384.1456,13.322,111.7814,0.445015,2.0991,3.3855,-1.1004,2369.9438,2383.7438
Gabo-13,2384.298,13.2242,105.7963,0.433264,2.1844,3.4231,-1.3706,2370.0958,2383.8958
Gabo-13,2384.4504,13.3669,100.6421,0.461613,2.2722,3.3981,-1.1035,2370.2478,2384.0478
Gabo-13,2384.6028,13.7753,98.5569,0.514795,2.322,3.339,-0.5494,2370.3999,2384.1999
Gabo-13,2384.7552,14.3093,104.6288,0.548696,2.3314,3.2989,-0.1403,2370.5519,2384.3519
Gabo-13,2384.9076,14.3693,109.1953,0.533729,2.3138,3.3749,-0.073,2370.7039,2384.5039
Gabo-13,2385.06,14.3982,108.0529,0.493289,2.3029,3.6047,-0.2582,2370.856,2384.656
Gabo-13,2385.2124,14.1982,105.4026,0.451808,2.3222,3.9489,-0.6018,2371.008,2384.808
Gabo-13,2385.3648,13.2557,106.3709,0.421515,2.371,4.3323,-1.016,2371.16,2384.96
Gabo-13,2385.5172,12.8791,106.0449,0.42952,2.4248,4.6613,-1.2974,2371.312,2385.112
Gabo-13,2385.6696,13.0518,104.9485,0.496409,2.4584,4.8765,-1.3488,2371.4641,2385.2641
Gabo-13,2385.822,13.5983,104.3491,0.577241,2.4512,4.9467,-1.2877,2371.6161,2385.4161
Gabo-13,2385.9744,14.406,103.9837,0.612745,2.4039,4.8382,-1.1479,2371.7681,2385.5681
Gabo-13,2386.1268,14.337,100.6547,0.604041,2.3555,4.5385,-0.7558,2371.9201,2385.7201
Gabo-13,2386.2792,14.5002,98.8078,0.605495,2.3338,4.151,-0.231,2372.0722,2385.8722
Gabo-13,2386.4316,14.7363,100.6773,0.609871,2.3302,3.788,0.2718,2372.2242,2386.0242
Gabo-13,2386.584,14.6034,104.8515,0.577271,2.3311,3.511,0.7033,2372.3762,2386.1762
Gabo-13,2386.7364,14.4116,105.0099,0.510052,2.3356,3.3418,0.9993,2372.5282,2386.3282
Gabo-13,2386.8888,14.7066,101.4323,0.481995,2.3463,3.2384,1.0922,2372.6802,2386.4802
Gabo-13,2387.0412,14.9502,97.5965,0.53177,2.3527,3.1635,1.0139,2372.8322,2386.6322
Gabo-13,2387.1936,14.8874,95.7181,0.623599,2.3411,3.1158,0.8825,2372.9842,2386.7842
Gabo-13,2387.346,14.8538,97.9848,0.679771,2.3057,3.1202,0.6825,2373.1363,2386.9363
Gabo-13,2387.4984,14.2894,103.2968,0.660495,2.2615,3.2212,0.0034,2373.2883,2387.0883
Gabo-13,2387.6508,13.5448,104.5894,0.599088,2.2353,3.4514,-1.2558,2373.4403,2387.2403
Gabo-13,2387.8032,13.0233,99.011,0.530739,2.2489,3.8488,-3.0657,2373.5923,2387.3923
Gabo-13,2387.9556,12.9447,86.7655,0.469258,2.3096,4.4674,-5.4907,2373.7443,2387.5443
Gabo-13,2388.108,12.7331,73.4622,0.421435,2.3888,5.3665,-8.367,2373.8963,2387.6963
Gabo-13,2388.2604,12.5567,61.9595,0.382439,2.44,6.6145,-11.1417,2374.0483,2387.8483
Gabo-13,2388.4128,12.4702,54.1169,0.345219,2.4485,8.2893,-13.484,2374.2003,2388.0003
Gabo-13,2388.5652,12.3402,51.6175,0.308669,2.42,10.4379,-15.3778,2374.3523,2388.1523
Gabo-13,2388.7176,12.1945,50.4178,0.278248,2.3612,12.9421,-16.9126,2374.5043,2388.3043
Gabo-13,2388.87,12.0958,48.4586,0.256578,2.3003,15.4355,-18.1234,2374.6563,2388.4563
Gabo-13,2389.0224,12.0527,47.219,0.245952,2.2673,17.6037,-19.0124,2374.8083,2388.6083
Gabo-13,2389.1748,12.0525,47.8977,0.246077,2.2677,19.2609,-19.6062,2374.9603,2388.7603
Gabo-13,2389.3272,12.0456,48.3916,0.24781,2.2751,20.2489,-20.004,2375.1123,2388.9123
Gabo-13,2389.4796,12.0402,46.2876,0.241736,2.2674,20.4819,-20.3428,2375.2643,2389.0643
Gabo-13,2389.632,12.0648,42.8579,0.227959,2.2516,20.0334,-20.6331,2375.4163,2389.2163
Gabo-13,2389.7844,12.121,40.4263,0.21157,2.2412,19.0545,-20.833,2375.5683,2389.3683
Gabo-13,2389.9368,12.1624,43.3527,0.198089,2.2405,17.7848,-20.9136,2375.7203,2389.5203
Gabo-13,2390.0892,12.199,47.3849,0.189374,2.2453,16.5517,-20.8743,2375.8723,2389.6723
Gabo-13,2390.2416,12.2222,49.1484,0.183642,2.2516,15.4971,-20.9239,2376.0243,2389.8243
Gabo-13,2390.394,12.227,48.7364,0.182923,2.2565,14.6308,-21.159,2376.1762,2389.9762
Gabo-13,2390.5464,12.227,48.1294,0.191862,2.2586,13.9462,-21.458,2376.3282,2390.1282
Gabo-13,2390.6988,12.2275,47.2633,0.205321,2.2602,13.3983,-21.7589,2376.4802,2390.2802
Gabo-13,2390.8512,12.259,45.5376,0.214638,2.2599,12.9519,-22.0353,2376.6322,2390.4322
Gabo-13,2391.0036,12.3065,43.3845,0.216582,2.2552,12.601,-22.2498,2376.7842,2390.5842
Gabo-13,2391.156,12.32,41.8171,0.216428,2.2475,12.3463,-22.4135,2376.9362,2390.7362
Gabo-13,2391.3084,12.32,39.2614,0.228498,2.2433,12.1717,-22.6391,2377.0882,2390.8882
Gabo-13,2391.4608,12.32,38.3837,0.251334,2.2436,12.033,-22.9255,2377.2401,2391.0401
Gabo-13,2391.6132,12.3252,39.3871,0.266602,2.2484,11.8981,-23.1041,2377.3921,2391.1921
Gabo-13,2391.7656,12.3427,40.7888,0.263199,2.2569,11.7632,-23.0689,2377.5441,2391.3441
Gabo-13,2391.918,12.3861,41.4259,0.255967,2.2618,11.646,-22.949,2377.6961,2391.4961
Gabo-13,2392.0704,12.4107,40.5782,0.25491,2.2594,11.5481,-22.761,2377.8481,2391.6481
Gabo-13,2392.2228,12.4411,39.8062,0.260983,2.256,11.4748,-22.5086,2378,2391.8
Gabo-13,2392.3752,12.5077,40.5023,0.272259,2.2573,11.443,-22.2463,2378.152,2391.952
Gabo-13,2392.5276,12.5429,41.4494,0.284526,2.2592,11.4705,-21.9934,2378.304,2392.104
Gabo-13,2392.68,12.4962,41.8681,0.301459,2.2542,11.5539,-21.6935,2378.456,2392.256
Gabo-13,2392.8324,12.3872,42.5422,0.329116,2.2441,11.6661,-21.25,2378.608,2392.408
Gabo-13,2392.9848,12.2701,44.1106,0.356872,2.2359,11.7699,-20.7227,2378.7599,2392.5599
Gabo-13,2393.1372,12.286,46.7732,0.357236,2.2362,11.8154,-20.3137,2378.9119,2392.7119
Gabo-13,2393.2896,12.373,47.0553,0.329865,2.2449,11.7621,-19.9371,2379.0639,2392.8639
Gabo-13,2393.442,12.4399,44.7732,0.297423,2.2507,11.6076,-19.4719,2379.2158,2393.0158
Gabo-13,2393.5944,12.4592,42.5171,0.269294,2.2471,11.3634,-18.9372,2379.3678,2393.1678
Gabo-13,2393.7468,12.4292,45.355,0.241578,2.2394,11.045,-18.3295,2379.5198,2393.3198
Gabo-13,2393.8992,12.4149,50.0334,0.221277,2.2374,10.6593,-17.4378,2379.6718,2393.4718
Gabo-13,2394.0516,12.414,55.0826,0.217632,2.2385,10.1403,-16.1984,2379.8237,2393.6237
Gabo-13,2394.204,12.4147,62.9607,0.235699,2.2381,9.446,-14.7341,2379.9757,2393.7757
Gabo-13,2394.3564,12.4171,77.544,0.274385,2.236,8.6076,-12.9527,2380.1277,2393.9277
Gabo-13,2394.5088,12.6725,98.1411,0.324026,2.2297,7.7164,-10.3335,2380.2796,2394.0796
Gabo-13,2394.6612,13.4416,116.1358,0.385576,2.2068,6.8499,-7.22,2380.4316,2394.2316
Gabo-13,2394.8136,14.1551,128.7461,0.451207,2.1671,6.019,-4.2989,2380.5836,2394.3836
Gabo-13,2394.966,14.0731,136.4069,0.497506,2.1288,5.2509,-2.0734,2380.7355,2394.5355
Gabo-13,2395.1184,13.8333,138.741,0.508228,2.1162,4.676,-0.8282,2380.8875,2394.6875
Gabo-13,2395.2708,14.1113,138.0776,0.512593,2.1228,4.3534,-0.3453,2381.0394,2394.8394
Gabo-13,2395.4232,14.2749,134.5807,0.525915,2.1374,4.2457,-0.4546,2381.1914,2394.9914
Gabo-13,2395.5756,13.7678,127.3296,0.527029,2.1583,4.2992,-1.1386,2381.3434,2395.1434
Gabo-13,2395.728,13.5105,114.8037,0.478921,2.1804,4.4544,-2.4675,2381.4953,2395.2953
Gabo-13,2395.8804,13.207,98.2235,0.39003,2.1918,4.6341,-4.7842,2381.6473,2395.4473
Gabo-13,2396.0328,12.7441,82.9595,0.307947,2.2031,4.786,-7.9837,2381.7992,2395.5992
Gabo-13,2396.1852,12.3404,73.0374,0.264874,2.2336,4.8871,-11.5389,2381.9512,2395.7512
Gabo-13,2396.3376,12.4719,71.8019,0.259108,2.2903,4.9088,-14.8142,2382.1032,2395.9032
Gabo-13,2396.49,12.7627,72.7076,0.266915,2.3568,4.8009,-17.4821,2382.2551,2396.0551
Gabo-13,2396.6424,12.9663,69.8593,0.268959,2.4089,4.5719,-19.4383,2382.4071,2396.2071
Gabo-13,2396.7948,13.0179,63.2899,0.271238,2.4311,4.282,-20.6609,2382.559,2396.359
Gabo-13,2396.9472,12.8121,57.2094,0.297137,2.4174,4.0126,-21.3231,2382.711,2396.511
Gabo-13,2397.0996,12.7837,55.8131,0.344629,2.3762,3.8207,-21.9072,2382.8629,2396.6629
Gabo-13,2397.252,12.9111,56.7568,0.375982,2.3292,3.6958,-22.6208,2383.0149,2396.8149
Gabo-13,2397.4044,12.9788,58.0383,0.374011,2.2888,3.6089,-23.518,2383.1668,2396.9668
Gabo-13,2397.5568,12.7741,58.8215,0.35247,2.254,3.5387,-24.5595,2383.3188,2397.1188
Gabo-13,2397.7092,12.6819,56.7516,0.334601,2.2212,3.4595,-25.3975,2383.4707,2397.2707
Gabo-13,2397.8616,12.5854,53.1834,0.331533,2.1922,3.3467,-26.0186,2383.6227,2397.4227
Gabo-13,2398.014,12.4742,50.4598,0.341093,2.1706,3.194,-26.6046,2383.7746,2397.5746
Gabo-13,2398.1664,12.472,50.2643,0.359247,2.1564,3.0087,-27.2505,2383.9266,2397.7266
Gabo-13,2398.3188,12.6169,50.5279,0.382276,2.1451,2.8085,-27.8981,2384.0785,2397.8785
Gabo-13,2398.4712,12.7647,50.1337,0.393455,2.1348,2.6216,-28.4167,2384.2304,2398.0304
Gabo-13,2398.6236,12.8955,49.8366,0.382318,2.1281,2.4637,-28.9452,2384.3824,2398.1824
Gabo-13,2398.776,13.0267,50.2581,0.353253,2.1261,2.3374,-29.6457,2384.5343,2398.3343
Gabo-13,2398.9284,13.063,50.7005,0.323275,2.1251,2.2373,-30.3664,2384.6863,2398.4863
Gabo-13,2399.0808,13.063,49.2402,0.310032,2.1203,2.1477,-30.8773,2384.8382,2398.6382
Gabo-13,2399.2332,13.0627,47.4432,0.322014,2.1105,2.0485,-31.193,2384.9902,2398.7902
Gabo-13,2399.3856,13.0505,46.1065,0.348824,2.0999,1.933,-31.3716,2385.1421,2398.9421
Gabo-13,2399.538,12.9813,42.6489,0.362267,2.0957,1.8135,-31.3876,2385.294,2399.094
Gabo-13,2399.6904,12.8725,40.2972,0.354341,2.0961,1.71,-31.3096,2385.446,2399.246
Gabo-13,2399.8428,12.798,41.4794,0.344884,2.0965,1.6395,-31.1979,2385.5979,2399.3979
Gabo-13,2399.9952,12.7637,46.4356,0.352955,2.0985,1.6031,-30.9559,2385.7498,2399.5498
Gabo-13,2400.1476,12.7027,54.6689,0.37452,2.1066,1.5962,-30.4471,2385.9018,2399.7018
Gabo-13,2400.3,12.644,61.5087,0.373006,2.1194,1.6312,-29.7833,2386.0537,2399.8537
Gabo-13,2400.4524,12.6427,63.3156,0.34688,2.1366,1.7036,-29.0671,2386.2056,2400.0056
Gabo-13,2400.6048,12.699,60.0047,0.322644,2.1582,1.8044,-28.3943,2386.3576,2400.1576
Gabo-13,2400.7572,12.7859,52.958,0.31864,2.18,1.9333,-27.9196,2386.5095,2400.3095
Gabo-13,2400.9096,12.8135,46.1535,0.326299,2.1891,2.0848,-27.7772,2386.6614,2400.4614
Gabo-13,2401.062,12.8035,42.6442,0.337731,2.177,2.2267,-27.9672,2386.8134,2400.6134
Gabo-13,2401.2144,12.8186,41.9934,0.345986,2.1544,2.3269,-28.2025,2386.9653,2400.7653
Gabo-13,2401.3668,12.8833,42.5544,0.344815,2.1404,2.3656,-28.2854,2387.1172,2400.9172
Gabo-13,2401.5192,12.5898,39.7427,0.338228,2.144,2.3391,-28.4959,2387.2691,2401.0691
Gabo-13,2401.6716,12.2999,36.2358,0.329514,2.153,2.2681,-28.8756,2387.4211,2401.2211
Gabo-13,2401.824,12.1744,35.3878,0.3143,2.16,2.1593,-29.2897,2387.573,2401.373
Gabo-13,2401.9764,12.1886,38.0332,0.294517,2.1623,2.0104,-29.6869,2387.7249,2401.5249
Gabo-13,2402.1288,12.3889,39.6142,0.286529,2.155,1.8397,-30.0818,2387.8768,2401.6768
Gabo-13,2402.2812,12.6096,39.0513,0.292808,2.1438,1.6848,-30.4505,2388.0287,2401.8287
Gabo-13,2402.4336,12.7606,38.6747,0.297127,2.1373,1.5666,-30.71,2388.1807,2401.9807
Gabo-13,2402.586,12.8405,39.7846,0.290614,2.139,1.4837,-30.8801,2388.3326,2402.1326
Gabo-13,2402.7384,12.8937,42.1111,0.2789,2.1483,1.426,-31.0416,2388.4845,2402.2845
Gabo-13,2402.8908,12.7713,43.0794,0.265282,2.1609,1.3886,-31.0381,2388.6364,2402.4364
Gabo-13,2403.0432,12.6546,41.7057,0.25278,2.1736,1.3649,-30.8997,2388.7883,2402.5883
Gabo-13,2403.1956,12.682,39.8113,0.246071,2.1817,1.3485,-30.8149,2388.9403,2402.7403
Gabo-13,2403.348,12.878,41.9355,0.247449,2.1786,1.3344,-30.8985,2389.0922,2402.8922
Gabo-13,2403.5004,13.0288,44.7145,0.251721,2.1667,1.3145,-31.0513,2389.2437,2403.0437
Gabo-13,2403.6528,13.2567,43.7415,0.25338,2.1565,1.2892,-31.1564,2389.396,2403.196
Gabo-13,2403.8052,13.6798,40.1788,0.24564,2.1513,1.2532,-31.2318,2389.5479,2403.3479
Gabo-13,2403.9576,14.3418,37.829,0.226685,2.1485,1.2025,-31.2993,2389.6998,2403.4998
Gabo-13,2404.11,14.7109,36.9477,0.214047,2.1493,1.1568,-31.2462,2389.8517,2403.6517
Gabo-13,2404.2624,14.9525,37.5987,0.217914,2.15,1.1267,-31.1654,2390.0036,2403.8036
Gabo-13,2404.4148,15.0757,39.1234,0.231091,2.1454,1.1124,-31.2458,2390.1555,2403.9555
Gabo-13,2404.5672,14.9295,40.3062,0.243246,2.1363,1.1128,-31.5501,2390.3075,2404.1075
Gabo-13,2404.7196,14.5495,37.5275,0.251943,2.1318,1.1233,-31.9521,2390.4594,2404.2594
Gabo-13,2404.872,14.3659,34.0652,0.257927,2.1356,1.1392,-32.3464,2390.6113,2404.4113
Gabo-13,2405.0244,14.3588,33.564,0.257617,2.1432,1.1569,-32.5924,2390.7632,2404.5632
Gabo-13,2405.1768,14.3796,36.7282,0.254621,2.1495,1.1702,-32.6215,2390.9151,2404.7151
Gabo-13,2405.3292,14.4264,37.3567,0.262323,2.1531,1.1751,-32.5859,2391.067,2404.867
Gabo-13,2405.4816,14.45,37.0739,0.269563,2.1568,1.1901,-32.6082,2391.2189,2405.0189
Gabo-13,2405.634,14.453,38.3388,0.261071,2.1596,1.244,-32.5969,2391.3708,2405.1708
Gabo-13,2405.7864,14.4529,40.8691,0.238492,2.1616,1.3537,-32.467,2391.5227,2405.3227
Gabo-13,2405.9388,14.4523,41.2707,0.218098,2.1667,1.5114,-32.2855,2391.6746,2405.4746
Gabo-13,2406.0912,14.4183,40.8099,0.212512,2.173,1.6745,-32.1552,2391.8265,2405.6265
Gabo-13,2406.2436,14.3695,42.1179,0.219668,2.1731,1.8115,-32.0361,2391.9784,2405.7784
Gabo-13,2406.396,14.3154,44.6903,0.232693,2.1734,1.9241,-31.9027,2392.1303,2405.9303
Gabo-13,2406.5484,14.2387,45.192,0.245452,2.1874,2.0186,-31.8004,2392.2822,2406.0822
Gabo-13,2406.7008,14.1913,43.2446,0.254473,2.2008,2.0661,-31.6899,2392.4341,2406.2341
Gabo-13,2406.8532,14.1331,41.482,0.261837,2.1954,2.0614,-31.4996,2392.586,2406.386
Gabo-13,2407.0056,14.0427,41.01,0.265222,2.1743,2.0267,-31.2974,2392.7378,2406.5378
Gabo-13,2407.158,13.9303,41.9231,0.257091,2.1529,1.9931,-31.2945,2392.8897,2406.6897
Gabo-13,2407.3104,13.8307,40.1371,0.237577,2.1439,1.9898,-31.6405,2393.0416,2406.8416
Gabo-13,2407.4628,13.5924,38.2023,0.22278,2.1494,2.004,-32.0578,2393.1935,2406.9935
Gabo-13,2407.6152,13.3312,38.346,0.220451,2.1573,2.0175,-32.338,2393.3454,2407.1454
Gabo-13,2407.7676,13.2492,41.623,0.226314,2.1561,2.0221,-32.4884,2393.4973,2407.2973
Gabo-13,2407.92,13.2672,52.599,0.235027,2.1554,2.0127,-32.548,2393.6492,2407.4492
Gabo-13,2408.0724,13.3725,66.2627,0.247989,2.1693,2.0084,-32.5137,2393.8011,2407.6011
Gabo-13,2408.2248,13.635,78.7937,0.26199,2.1909,2.0302,-32.4216,2393.953,2407.753
Gabo-13,2408.3772,14.0915,88.4558,0.278685,2.2034,2.0893,-32.2607,2394.1048,2407.9048
Gabo-13,2408.5296,14.6729,91.2343,0.307621,2.1949,2.1876,-31.9539,2394.2567,2408.0567
Gabo-13,2408.682,14.6601,90.2355,0.33343,2.1707,2.3097,-31.6274,2394.4086,2408.2086
Gabo-13,2408.8344,14.3653,88.8696,0.346597,2.1445,2.4471,-31.3381,2394.5605,2408.3605
Gabo-13,2408.9868,14.1495,88.2309,0.355065,2.1261,2.5991,-31.0546,2394.7124,2408.5124
Gabo-13,2409.1392,13.9698,88.2532,0.366136,2.1192,2.7535,-30.7387,2394.8642,2408.6642
Gabo-13,2409.2916,13.8679,88.6125,0.366229,2.1257,2.8767,-30.2896,2395.0161,2408.8161
Gabo-13,2409.444,13.6976,92.9601,0.352094,2.1457,2.9464,-29.7209,2395.168,2408.968
Gabo-13,2409.5964,13.4171,103.2628,0.335858,2.1773,2.9664,-29.0916,2395.3199,2409.1199
Gabo-13,2409.7488,13.1429,119.585,0.329534,2.207,2.9579,-28.4432,2395.4717,2409.2717
Gabo-13,2409.9012,13.4291,137.7905,0.329837,2.2094,2.9452,-27.8862,2395.6236,2409.4236
Gabo-13,2410.0536,13.627,148.3802,0.334081,2.2015,2.9386,-27.5623,2395.7755,2409.5755
Gabo-13,2410.206,13.5103,149.5736,0.352518,2.2102,2.937,-27.5269,2395.9274,2409.7274
Gabo-13,2410.3584,13.3077,144.2456,0.38759,2.2371,2.9381,-27.6289,2396.0792,2409.8792
Gabo-13,2410.5108,12.9456,143.6334,0.409042,2.2588,2.9488,-27.4806,2396.2311,2410.0311
Gabo-13,2410.6632,12.5616,145.4807,0.411855,2.2787,2.9839,-27.0913,2396.383,2410.183
Gabo-13,2410.8156,12.2999,146.2632,0.413092,2.3073,3.0385,-26.5867,2396.5349,2410.3349
Gabo-13,2410.968,12.2303,144.7127,0.415896,2.3393,3.0913,-26.0467,2396.6867,2410.4867
Gabo-13,2411.1204,12.227,141.7373,0.403093,2.3558,3.1208,-25.5597,2396.8386,2410.6386
Gabo-13,2411.2728,12.2262,139.0962,0.390117,2.359,3.1234,-24.9847,2396.9905,2410.7905
Gabo-13,2411.4252,12.2072,137.7888,0.395186,2.3603,3.1152,-24.4453,2397.1423,2410.9423
Gabo-13,2411.5776,12.1706,137.4418,0.414115,2.3642,3.1105,-24.1248,2397.2942,2411.0942
Gabo-13,2411.73,12.2062,133.1136,0.425871,2.3668,3.1099,-23.8619,2397.446,2411.246
Gabo-13,2411.8824,12.2985,131.5059,0.420655,2.3591,3.112,-23.3973,2397.5979,2411.3979
Gabo-13,2412.0348,12.3793,131.8197,0.407947,2.3419,3.1275,-22.5903,2397.7498,2411.5498
Gabo-13,2412.1872,12.4323,131.4018,0.399234,2.3267,3.1679,-21.3532,2397.9016,2411.7016
Gabo-13,2412.3396,12.5128,129.9963,0.397895,2.3282,3.2368,-19.7585,2398.0535,2411.8535
Gabo-13,2412.492,12.625,130.0164,0.395461,2.3453,3.3268,-18.3794,2398.2053,2412.0053
Gabo-13,2412.6444,12.6601,128.481,0.384788,2.3673,3.422,-17.651,2398.3572,2412.1572
Gabo-13,2412.7968,12.6029,124.1528,0.369401,2.3878,3.516,-17.4315,2398.5091,2412.3091
Gabo-13,2412.9492,12.5406,118.7798,0.36039,2.4036,3.6108,-17.204,2398.6609,2412.4609
Gabo-13,2413.1016,12.5224,118.4977,0.361597,2.4104,3.7004,-16.5861,2398.8128,2412.6128
Gabo-13,2413.254,12.5381,120.375,0.36173,2.4081,3.7766,-15.5178,2398.9646,2412.7646
Gabo-13,2413.4064,12.5786,121.7434,0.364028,2.3998,3.8322,-14.014,2399.1165,2412.9165
Gabo-13,2413.5588,12.6408,121.8363,0.378093,2.3926,3.8622,-12.1114,2399.2683,2413.0683
Gabo-13,2413.7112,12.7496,123.6347,0.387029,2.3992,3.8672,-10.0849,2399.4202,2413.2202
Gabo-13,2413.8636,12.8822,126.0309,0.381075,2.4213,3.8506,-8.3547,2399.572,2413.372
Gabo-13,2414.016,13.0117,128.1401,0.37675,2.4485,3.8211,-6.9473,2399.7239,2413.5239
Gabo-13,2414.1684,13.1159,129.8519,0.386224,2.467,3.7794,-5.6552,2399.8757,2413.6757
Gabo-13,2414.3208,13.1235,129.755,0.390542,2.4659,3.7016,-4.436,2400.0276,2413.8276
Gabo-13,2414.4732,13.0996,130.2153,0.380791,2.4471,3.5747,-3.3935,2400.1794,2413.9794
Gabo-13,2414.6256,13.0978,132.5451,0.375826,2.4276,3.4106,-2.4797,2400.3313,2414.1313
Gabo-13,2414.778,13.1706,136.7121,0.390833,2.4173,3.2241,-1.5942,2400.4831,2414.2831
Gabo-13,2414.9304,13.5394,141.4416,0.412831,2.4073,3.023,-0.6993,2400.6349,2414.4349
Gabo-13,2415.0828,13.853,145.3803,0.417069,2.395,2.8206,0.278,2400.7868,2414.5868
Gabo-13,2415.2352,13.9059,145.2344,0.409395,2.3895,2.6336,1.2929,2400.9386,2414.7386
Gabo-13,2415.3876,13.7636,139.9437,0.40712,2.3934,2.4766,2.1995,2401.0905,2414.8905
Gabo-13,2415.54,13.7528,132.3952,0.422023,2.3957,2.3639,2.7517,2401.2423,2415.0423
Gabo-13,2415.6924,13.7313,125.4593,0.455482,2.3866,2.3018,2.7278,2401.3941,2415.1941
Gabo-13,2415.8448,13.7543,119.4109,0.475729,2.3708,2.2859,2.415,2401.546,2415.346
Gabo-13,2415.9972,13.8942,113.6304,0.465203,2.3636,2.3077,2.0592,2401.6978,2415.4978
Gabo-13,2416.1496,14.1397,107.1743,0.446006,2.3783,2.3535,1.6394,2401.8496,2415.6496
Gabo-13,2416.302,14.2076,109.3038,0.453457,2.4065,2.4032,1.2101,2402.0015,2415.8015
Gabo-13,2416.4544,14.205,113.5821,0.478781,2.4335,2.441,0.8386,2402.1533,2415.9533
Gabo-13,2416.6068,14.2877,115.2388,0.507863,2.4484,2.4615,0.5068,2402.3051,2416.1051
Gabo-13,2416.7592,14.5501,113.6451,0.545264,2.4435,2.467,0.2648,2402.457,2416.257
Gabo-13,2416.9116,14.5302,113.0492,0.582945,2.4184,2.4674,0.317,2402.6088,2416.4088
Gabo-13,2417.064,14.2067,113.671,0.570548,2.3818,2.469,0.5107,2402.7606,2416.5606
Gabo-13,2417.2164,14.0075,112.8035,0.515732,2.3495,2.4725,0.699,2402.9125,2416.7125
Gabo-13,2417.3688,14.2864,108.4706,0.468636,2.3372,2.4773,0.8483,2403.0643,2416.8643
Gabo-13,2417.5212,14.3714,105.9432,0.451976,2.3487,2.4816,0.8862,2403.2161,2417.0161
Gabo-13,2417.6736,14.3581,107.7911,0.459238,2.3657,2.4855,0.898,2403.3679,2417.1679
Gabo-13,2417.826,14.3931,110.4866,0.483486,2.375,2.486,0.9346,2403.5198,2417.3198
Gabo-13,2417.9784,14.466,111.023,0.508836,2.3783,2.4794,1.0082,2403.6716,2417.4716
Gabo-13,2418.1308,14.5085,109.4422,0.506083,2.3854,2.4649,1.1953,2403.8234,2417.6234
Gabo-13,2418.2832,14.5151,110.0376,0.482288,2.3957,2.4458,1.4034,2403.9752,2417.7752
Gabo-13,2418.4356,14.5606,111.193,0.453397,2.3989,2.4283,1.2879,2404.127,2417.927
Gabo-13,2418.588,14.6103,112.0361,0.436526,2.3894,2.4122,0.9122,2404.2789,2418.0789
Gabo-13,2418.7404,14.3956,116.4172,0.459231,2.3747,2.3937,0.7619,2404.4307,2418.2307
Gabo-13,2418.8928,14.2342,118.3707,0.520745,2.3655,2.3802,0.6934,2404.5825,2418.3825
Gabo-13,2419.0452,14.2423,115.5739,0.575014,2.3565,2.3814,0.5653,2404.7343,2418.5343
Gabo-13,2419.1976,14.3462,111.7206,0.580631,2.3506,2.4018,0.4967,2404.8861,2418.6861
Gabo-13,2419.35,14.4262,114.535,0.529038,2.3656,2.4388,0.5281,2405.0379,2418.8379
Gabo-13,2419.5024,14.3865,117.91,0.456241,2.4005,2.4774,0.4346,2405.1897,2418.9897
Gabo-13,2419.6548,14.1893,116.6752,0.395718,2.4308,2.509,0.2698,2405.3416,2419.1416
Gabo-13,2419.8072,13.9148,112.4117,0.372142,2.449,2.5275,0.2774,2405.4934,2419.2934
Gabo-13,2419.9596,13.6983,108.8768,0.40042,2.4603,2.5352,0.506,2405.6452,2419.4452
Gabo-13,2420.112,13.715,110.0442,0.452973,2.4554,2.5571,0.6428,2405.797,2419.597
Gabo-13,2420.2644,13.7012,112.4933,0.477892,2.4252,2.5988,0.6769,2405.9488,2419.7488
Gabo-13,2420.4168,13.6173,113.0135,0.454287,2.3829,2.6509,0.6469,2406.1006,2419.9006
Gabo-13,2420.5692,13.5546,110.169,0.407784,2.3567,2.7011,0.4561,2406.2524,2420.0524
Gabo-13,2420.7216,13.538,106.2006,0.399893,2.3635,2.7365,0.1024,2406.4042,2420.2042
Gabo-13,2420.874,13.8344,103.3286,0.434323,2.3606,2.7607,-0.1358,2406.556,2420.356
Gabo-13,2421.0264,14.2747,99.8227,0.475035,2.302,2.7709,-0.1433,2406.7079,2420.5079
Gabo-13,2421.1788,14.5886,94.7976,0.511511,2.1979,2.7545,-0.1017,2406.8597,2420.6597
Gabo-13,2421.3312,14.4828,93.4042,0.554206,2.1228,2.7055,-0.2324,2407.0115,2420.8115
Gabo-13,2421.4836,14.4985,94.608,0.57073,2.1184,2.6444,-0.334,2407.1633,2420.9633
Gabo-13,2421.636,14.745,98.0846,0.574022,2.1442,2.5945,-0.4337,2407.3151,2421.1151
Gabo-13,2421.7884,15.0203,103.2099,0.584988,2.1681,2.5705,-0.6109,2407.4669,2421.2669
Gabo-13,2421.9408,14.9118,106.1347,0.585036,2.2049,2.5801,-0.6832,2407.6187,2421.4187
Gabo-13,2422.0932,14.9805,106.9211,0.565581,2.2654,2.6106,-0.5739,2407.7705,2421.5705
Gabo-13,2422.2456,14.7612,105.8663,0.538852,2.3261,2.6448,-0.4624,2407.9224,2421.7224
Gabo-13,2422.398,14.2358,104.6161,0.512288,2.3586,2.6709,-0.3886,2408.0742,2421.8742
Gabo-13,2422.5504,14.1703,107.0484,0.492636,2.352,2.6839,-0.2415,2408.226,2422.026
Gabo-13,2422.7028,13.9931,111.4075,0.499264,2.3328,2.6952,-0.1194,2408.3778,2422.1778
Gabo-13,2422.8552,13.8772,113.2889,0.529949,2.3331,2.7138,-0.1482,2408.5296,2422.3296
Gabo-13,2423.0076,13.8972,111.1011,0.586037,2.3544,2.7314,-0.2323,2408.6815,2422.4815
Gabo-13,2423.16,13.8558,104.7445,0.676354,2.3717,2.7328,-0.2126,2408.8333,2422.6333
Gabo-13,2423.3124,13.9667,104.1574,0.764442,2.356,2.7138,-0.1384,2408.9851,2422.7851
Gabo-13,2423.4648,14.1566,105.7487,0.767435,2.3188,2.6833,-0.1098,2409.1369,2422.9369
Gabo-13,2423.6172,14.3557,105.0728,0.698755,2.285,2.6462,-0.1127,2409.2887,2423.0887
Gabo-13,2423.7696,14.5554,100.9772,0.661986,2.2767,2.5999,-0.0685,2409.4406,2423.2406
Gabo-13,2423.922,14.6898,100.5504,0.740278,2.3096,2.5438,0.0409,2409.5924,2423.3924
Gabo-13,2424.0744,14.8695,102.0722,0.830415,2.3542,2.4912,0.0592,2409.7442,2423.5442
Gabo-13,2424.2268,14.8888,102.8092,0.813916,2.3741,2.4509,-0.025,2409.896,2423.696
Gabo-13,2424.3792,14.6511,102.1674,0.69396,2.3565,2.424,-0.0897,2410.0478,2423.8478
Gabo-13,2424.5316,14.7661,101.4207,0.595443,2.3222,2.4097,-0.0969,2410.1997,2423.9997
Gabo-13,2424.684,14.7938,103.5085,0.593092,2.3152,2.4029,-0.1746,2410.3515,2424.1515
Gabo-13,2424.8364,14.5469,104.0438,0.603544,2.3291,2.3969,-0.2151,2410.5033,2424.3033
Gabo-13,2424.9888,14.1792,100.4055,0.56516,2.3303,2.3903,-0.1566,2410.6551,2424.4551
Gabo-13,2425.1412,14.063,94.7545,0.5343,2.3056,2.3886,-0.2096,2410.807,2424.607
Gabo-13,2425.2936,14.2479,94.4376,0.568091,2.2874,2.3971,-0.4506,2410.9588,2424.7588
Gabo-13,2425.446,14.3581,98.6686,0.604971,2.2859,2.4187,-0.6563,2411.1106,2424.9106
Gabo-13,2425.5984,14.2516,104.9589,0.610116,2.285,2.4621,-0.8763,2411.2625,2425.0625
Gabo-13,2425.7508,13.9963,111.3961,0.623031,2.2701,2.5662,-1.428,2411.4143,2425.2143
Gabo-13,2425.9032,13.6949,113.7863,0.644424,2.25,2.819,-2.3088,2411.5661,2425.3661
Gabo-13,2426.0556,13.3199,114.5392,0.608389,2.2467,3.2529,-3.4392,2411.7179,2425.5179
Gabo-13,2426.208,12.9809,114.3545,0.50158,2.2727,3.8168,-4.857,2411.8698,2425.6698
Gabo-13,2426.3604,12.8735,111.946,0.370323,2.3177,4.4079,-6.5031,2412.0216,2425.8216
Gabo-13,2426.5128,12.9497,108.3808,0.264513,2.3528,4.9015,-7.9649,2412.1734,2425.9734
Gabo-13,2426.6652,13.1272,104.6609,0.211711,2.395,5.2562,-8.9733,2412.3253,2426.1253
Gabo-13,2426.8176,13.32,102.4948,0.208037,2.455,5.483,-9.7028,2412.4771,2426.2771
Gabo-13,2426.97,13.4578,103.4412,0.231108,2.5066,5.5854,-10.2661,2412.6289,2426.4289
Gabo-13,2427.1224,13.5946,106.6992,0.253191,2.5144,5.5454,-10.379,2412.7808,2426.5808
Gabo-13,2427.2748,13.6452,110.8965,0.26399,2.5025,5.3619,-10.1498,2412.9326,2426.7326
Gabo-13,2427.4272,13.666,114.3127,0.267938,2.4984,5.0772,-9.7902,2413.0844,2426.8844
Gabo-13,2427.5796,13.7214,115.4343,0.270923,2.5038,4.7621,-9.2524,2413.2363,2427.0363
Gabo-13,2427.732,13.7351,111.9052,0.280084,2.5099,4.4996,-8.3971,2413.3881,2427.1881
Gabo-13,2427.8844,13.9424,113.8382,0.311346,2.509,4.301,-7.4434,2413.5399,2427.3399
Gabo-13,2428.0368,14.2708,120.58,0.380244,2.4928,4.1167,-6.5296,2413.6918,2427.4918
Gabo-13,2428.1892,14.5514,127.0729,0.482276,2.4471,3.9062,-5.5695,2413.8436,2427.6436
Gabo-13,2428.3416,14.5802,126.3066,0.571412,2.3708,3.6687,-4.4859,2413.9954,2427.7954
Gabo-13,2428.494,14.5287,124.2688,0.581547,2.3156,3.45,-3.4761,2414.1473,2427.9473
Gabo-13,2428.6464,14.401,120.6013,0.54067,2.3093,3.2758,-2.7061,2414.2991,2428.0991
Gabo-13,2428.7988,14.2624,116.4077,0.498343,2.3274,3.1507,-2.0707,2414.451,2428.251
Gabo-13,2428.9512,14.3404,117.6797,0.474617,2.332,3.0716,-1.45,2414.6028,2428.4028
Gabo-13,2429.1036,14.4908,119.3004,0.477333,2.3241,3.014,-1.0953,2414.7546,2428.5546
Gabo-13,2429.256,14.5071,117.0658,0.492642,2.3231,2.9644,-0.9757,2414.9065,2428.7065
Gabo-13,2429.4084,14.4273,112.4062,0.51022,2.332,2.9186,-0.8217,2415.0583,2428.8583
Gabo-13,2429.5608,14.3888,108.4604,0.533168,2.3375,2.8731,-0.5462,2415.2102,2429.0102
Gabo-13,2429.7132,14.6439,109.0948,0.55819,2.3276,2.8282,-0.4464,2415.362,2429.162
Gabo-13,2429.8656,14.8622,108.8502,0.556066,2.3237,2.7811,-0.565,2415.5138,2429.3138
Gabo-13,2430.018,14.9889,107.1227,0.52277,2.3349,2.7309,-0.6782,2415.6657,2429.4657
Gabo-13,2430.1704,15.115,105.9874,0.489315,2.3481,2.6825,-0.6711,2415.8175,2429.6175
Gabo-13,2430.3228,15.054,105.9977,0.493781,2.3481,2.6435,-0.6444,2415.9694,2429.7694
Gabo-13,2430.4752,14.9284,104.1611,0.519268,2.3332,2.6161,-0.546,2416.1212,2429.9212
Gabo-13,2430.6276,14.8098,103.7589,0.531226,2.3056,2.6012,-0.3866,2416.2731,2430.0731
Gabo-13,2430.78,14.7098,107.5851,0.522983,2.2781,2.5952,-0.2903,2416.4249,2430.2249
Gabo-13,2430.9324,14.7094,112.0973,0.515241,2.2796,2.5869,-0.3061,2416.5768,2430.3768
Gabo-13,2431.0848,14.7619,108.0475,0.517107,2.3072,2.5766,-0.2798,2416.7286,2430.5286
Gabo-13,2431.2372,14.8212,100.5864,0.532444,2.3306,2.5656,-0.2229,2416.8804,2430.6804
Gabo-13,2431.3896,14.8945,95.7397,0.566215,2.3349,2.5515,-0.2491,2417.0323,2430.8323
Gabo-13,2431.542,15.0393,97.1663,0.614895,2.3317,2.5321,-0.3354,2417.1841,2430.9841
Gabo-13,2431.6944,15.0294,100.2005,0.657978,2.3363,2.5078,-0.2764,2417.336,2431.136
Gabo-13,2431.8468,14.9985,102.264,0.680523,2.3428,2.4811,-0.0953,2417.4878,2431.2878
Gabo-13,2431.9992,15.048,103.6748,0.666279,2.3439,2.4564,0.1342,2417.6397,2431.4397
Gabo-13,2432.1516,15.157,105.5501,0.607594,2.3412,2.4364,0.4137,2417.7915,2431.5915
Gabo-13,2432.304,15.2649,106.9436,0.544754,2.3386,2.4159,0.6246,2417.9434,2431.7434
Gabo-13,2432.4564,15.343,105.3659,0.505385,2.3396,2.3911,0.6043,2418.0952,2431.8952
Gabo-13,2432.6088,15.3914,101.6743,0.482349,2.3481,2.3599,0.424,2418.2471,2432.0471
Gabo-13,2432.7612,15.4157,98.448,0.468221,2.3616,2.3192,0.2761,2418.3989,2432.1989
Gabo-13,2432.9136,15.3749,100.924,0.485642,2.3658,2.269,0.1982,2418.5508,2432.3508
Gabo-13,2433.066,15.416,105.051,0.549427,2.3627,2.2189,0.1438,2418.7026,2432.5026
Gabo-13,2433.2184,15.4852,106.889,0.641239,2.3638,2.1815,0.1437,2418.8545,2432.6545
Gabo-13,2433.3708,15.4475,104.8011,0.711055,2.3688,2.1566,0.2264,2419.0064,2432.8064
Gabo-13,2433.5232,15.1602,100.5527,0.697952,2.3591,2.1303,0.2983,2419.1582,2432.9582
Gabo-13,2433.6756,14.9845,99.4564,0.636276,2.3351,2.1124,0.2998,2419.3101,2433.1101
Gabo-13,2433.828,14.975,103.9168,0.592574,2.3181,2.1161,0.3555,2419.4619,2433.2619
Gabo-13,2433.9804,15.0032,113.194,0.587713,2.3264,2.1451,0.5056,2419.6138,2433.4138
Gabo-13,2434.1328,14.7941,120.619,0.586313,2.3579,2.192,0.5604,2419.7656,2433.5656
Gabo-13,2434.2852,14.514,123.102,0.549284,2.3808,2.2298,0.4908,2419.9175,2433.7175
Gabo-13,2434.4376,14.3589,122.518,0.498569,2.3818,2.2528,0.4348,2420.0694,2433.8694
Gabo-13,2434.59,14.3573,120.9147,0.476811,2.3747,2.2667,0.4215,2420.2212,2434.0212
Gabo-13,2434.7424,14.4141,120.7064,0.497922,2.3788,2.2689,0.3645,2420.3731,2434.1731
Gabo-13,2434.8948,14.4114,125.0263,0.522905,2.3879,2.255,0.3118,2420.5249,2434.3249
Gabo-13,2435.0472,14.3491,130.2089,0.540686,2.3911,2.2254,0.3143,2420.6768,2434.4768
Gabo-13,2435.1996,14.2991,132.4987,0.58088,2.3851,2.1916,0.1781,2420.8286,2434.6286
Gabo-13,2435.352,14.3786,128.7603,0.646485,2.3706,2.181,-0.3587,2420.9805,2434.7805
Gabo-13,2435.5044,14.5783,127.2578,0.652387,2.3553,2.2339,-1.1625,2421.1324,2434.9324
Gabo-13,2435.6568,14.6325,130.1524,0.58828,2.3509,2.3802,-2.1061,2421.2842,2435.0842
Gabo-13,2435.8092,14.5321,133.5766,0.502613,2.3678,2.6422,-3.343,2421.4361,2435.2361
Gabo-13,2435.9616,14.4104,132.8486,0.431088,2.4123,3.0237,-5.0696,2421.588,2435.388
Gabo-13,2436.114,14.1634,129.979,0.379186,2.4772,3.4787,-7.1259,2421.7398,2435.5398
Gabo-13,2436.2664,13.8772,129.7005,0.342061,2.5376,3.9604,-9.0584,2421.8917,2435.6917
Gabo-13,2436.4188,13.6746,128.5705,0.312854,2.5746,4.4558,-10.7788,2422.0435,2435.8435
Gabo-13,2436.5712,13.6145,121.5506,0.283698,2.5801,4.9635,-12.2845,2422.1954,2435.9954
Gabo-13,2436.7236,13.5726,107.2384,0.251239,2.5569,5.4473,-13.3073,2422.3473,2436.1473
Gabo-13,2436.876,13.5399,99.1112,0.223873,2.5261,5.8029,-13.998,2422.4991,2436.2991
Gabo-13,2437.0284,13.5407,98.2707,0.207682,2.5041,5.9715,-14.4177,2422.651,2436.451
Gabo-13,2437.1808,13.5765,101.6126,0.205081,2.4943,5.9576,-14.2546,2422.8029,2436.6029
Gabo-13,2437.3332,13.6226,109.0222,0.21835,2.4928,5.7958,-13.1983,2422.9547,2436.7547
Gabo-13,2437.4856,13.7786,112.5236,0.242407,2.4952,5.5247,-11.74,2423.1066,2436.9066
Gabo-13,2437.638,14.0673,113.5438,0.269626,2.501,5.1617,-10.4559,2423.2585,2437.0585
Gabo-13,2437.7904,14.386,114.5274,0.292955,2.5061,4.7331,-9.4656,2423.4104,2437.2104
Gabo-13,2437.9428,14.45,114.7358,0.305296,2.5001,4.3089,-8.7253,2423.5622,2437.3622
Gabo-13,2438.0952,14.5497,115.6022,0.308506,2.4808,3.9731,-8.3908,2423.7141,2437.5141
Gabo-13,2438.2476,14.605,118.9149,0.315625,2.4595,3.7419,-8.2104,2423.866,2437.666
Gabo-13,2438.4,14.6253,123.6221,0.333652,2.4447,3.5967,-7.9587,2424.0178,2437.8178
Gabo-13,2438.5524,14.8496,126.5174,0.353812,2.4372,3.5224,-7.7057,2424.1697,2437.9697
Gabo-13,2438.7048,14.7474,122.414,0.354106,2.4354,3.5063,-7.5477,2424.3216,2438.1216
Gabo-13,2438.8572,14.4458,117.6278,0.333452,2.4428,3.5356,-7.5341,2424.4734,2438.2734
Gabo-13,2439.0096,14.2211,115.0728,0.30343,2.4605,3.6037,-7.7092,2424.6253,2438.4253
Gabo-13,2439.162,14.2442,114.2235,0.27234,2.4833,3.6996,-8.1291,2424.7772,2438.5772
Gabo-13,2439.3144,14.1822,114.0688,0.245625,2.4989,3.7879,-8.6967,2424.9291,2438.7291
Gabo-13,2439.4668,14.1313,113.8326,0.23731,2.5034,3.8396,-8.9442,2425.0809,2438.8809
Gabo-13,2439.6192,14.146,113.0833,0.258499,2.4959,3.8536,-8.7924,2425.2328,2439.0328
Gabo-13,2439.7716,14.2046,111.8668,0.299967,2.4764,3.8325,-8.4352,2425.3847,2439.1847
Gabo-13,2439.924,14.4596,113.0979,0.330463,2.4577,3.7638,-7.8956,2425.5366,2439.3366
Gabo-13,2440.0764,14.6114,114.2719,0.348642,2.4631,3.6457,-7.2155,2425.6884,2439.4884
Gabo-13,2440.2288,14.6215,114.2856,0.366828,2.4858,3.4957,-6.4952,2425.8403,2439.6403
Gabo-13,2440.3812,14.6403,114.0794,0.386784,2.5081,3.3521,-5.8245,2425.9922,2439.7922
Gabo-13,2440.5336,15.0474,117.3508,0.398065,2.525,3.2748,-5.298,2426.1441,2439.9441
Gabo-13,2440.686,15.0796,119.9939,0.387994,2.5403,3.2859,-5.0414,2426.296,2440.096
Gabo-13,2440.8384,14.9065,119.5374,0.359177,2.5555,3.3548,-5.2301,2426.4478,2440.2478
Gabo-13,2440.9908,14.7556,115.7455,0.331074,2.5673,3.441,-5.8837,2426.5997,2440.3997
Gabo-13,2441.1432,14.4119,108.648,0.332704,2.5715,3.5143,-6.7369,2426.7516,2440.5516
Gabo-13,2441.2956,14.2075,102.0797,0.371215,2.5706,3.5641,-7.4215,2426.9035,2440.7035
Gabo-13,2441.448,14.2442,97.531,0.421046,2.5673,3.5757,-7.873,2427.0554,2440.8554
Gabo-13,2441.6004,14.3624,94.4417,0.465306,2.5607,3.5305,-8.0727,2427.2072,2441.0072
Gabo-13,2441.7528,14.2983,91.647,0.500404,2.5522,3.4192,-7.9678,2427.3591,2441.1591
Gabo-13,2441.9052,14.2813,95.3223,0.50689,2.5497,3.2587,-7.6543,2427.511,2441.311
Gabo-13,2442.0576,14.4531,100.5335,0.46594,2.5592,3.0765,-6.9949,2427.6629,2441.4629
Gabo-13,2442.21,14.6009,104.7732,0.413153,2.5826,2.8856,-5.8973,2427.8148,2441.6148
Gabo-13,2442.3624,14.4352,108.5529,0.410126,2.607,2.6957,-4.5981,2427.9667,2441.7667
Gabo-13,2442.5148,14.5614,104.5362,0.465283,2.5949,2.5299,-3.6011,2428.1185,2441.9185
Gabo-13,2442.6672,14.7775,98.2991,0.53244,2.5421,2.3929,-2.9274,2428.2704,2442.0704
Gabo-13,2442.8196,14.9995,94.5148,0.630917,2.4749,2.2674,-2.3706,2428.4223,2442.2223
Gabo-13,2442.972,15.2888,94.5043,0.751069,2.4178,2.1448,-1.9084,2428.5742,2442.3742
Gabo-13,2443.1244,15.3611,96.9563,0.759805,2.3817,2.0413,-1.6984,2428.7261,2442.5261
Gabo-13,2443.2768,15.1841,96.4148,0.669568,2.3642,1.9651,-1.6217,2428.878,2442.678
Gabo-13,2443.4292,14.9004,93.107,0.574555,2.3515,1.9223,-1.4131,2429.0299,2442.8299
Gabo-13,2443.5816,14.6504,89.5058,0.525248,2.332,1.9096,-1.1182,2429.1817,2442.9817
Gabo-13,2443.734,14.7083,90.1389,0.530684,2.3101,1.9056,-1.0707,2429.3336,2443.1336
Gabo-13,2443.8864,14.8406,93.8688,0.573625,2.3066,1.8994,-1.1406,2429.4855,2443.2855
Gabo-13,2444.0388,14.8213,98.2387,0.617021,2.3158,1.8907,-1.1912,2429.6374,2443.4374
Gabo-13,2444.1912,14.663,101.8531,0.642058,2.3229,1.8843,-1.2555,2429.7893,2443.5893
Gabo-13,2444.3436,14.5817,103.0873,0.660384,2.3252,1.8905,-1.3303,2429.9412,2443.7412
Gabo-13,2444.496,14.5805,102.7028,0.688913,2.329,1.9154,-1.3117,2430.0931,2443.8931
Gabo-13,2444.6484,14.5715,101.5201,0.717622,2.3369,1.957,-1.176,2430.245,2444.045
Gabo-13,2444.8008,14.4963,100.6831,0.704357,2.3487,2.0143,-1.0325,2430.3969,2444.1969
Gabo-13,2444.9532,14.2979,102.1081,0.629109,2.362,2.1034,-1.0017,2430.5488,2444.3488
Gabo-13,2445.1056,14.1571,107.568,0.574803,2.3714,2.2726,-1.0326,2430.7007,2444.5007
Gabo-13,2445.258,14.0684,109.9318,0.570858,2.3757,2.5429,-1.0725,2430.8526,2444.6526
Gabo-13,2445.4104,14.0138,106.3658,0.543392,2.3791,2.8907,-1.2308,2431.0044,2444.8044
Gabo-13,2445.5628,14.0074,97.6435,0.442608,2.3943,3.2518,-1.5877,2431.1563,2444.9563
Gabo-13,2445.7152,13.8832,93.9854,0.359142,2.4433,3.5264,-1.9548,2431.3082,2445.1082
Gabo-13,2445.8676,13.7432,97.617,0.338812,2.5179,3.6948,-2.2147,2431.4601,2445.2601
Gabo-13,2446.02,13.8423,105.7075,0.343631,2.579,3.7769,-2.3218,2431.612,2445.412
Gabo-13,2446.1724,14.3136,115.0897,0.346274,2.5915,3.7685,-2.2145,2431.7639,2445.5639
Gabo-13,2446.3248,14.6617,117.4248,0.367979,2.5479,3.6402,-1.9154,2431.9158,2445.7158
Gabo-13,2446.4772,14.6337,114.1206,0.405447,2.4732,3.4117,-1.6663,2432.0677,2445.8677
Gabo-13,2446.6296,14.4565,107.7589,0.426023,2.4017,3.1648,-1.5951,2432.2196,2446.0196
Gabo-13,2446.782,14.3392,100.5952,0.422374,2.3584,2.971,-1.5727,2432.3715,2446.1715
Gabo-13,2446.9344,14.4058,99.9637,0.436941,2.3527,2.8529,-1.3905,2432.5234,2446.3234
Gabo-13,2447.0868,14.4845,105.2649,0.505412,2.3686,2.782,-1.1841,2432.6753,2446.4753
Gabo-13,2447.2392,14.5351,109.9247,0.588107,2.3849,2.7258,-1.0151,2432.8272,2446.6272
Gabo-13,2447.3916,14.4899,111.3264,0.614365,2.3826,2.6742,-0.8654,2432.9791,2446.7791
Gabo-13,2447.544,14.0885,110.8918,0.551693,2.3526,2.628,-0.7972,2433.131,2446.931
Gabo-13,2447.6964,13.9805,110.1745,0.476859,2.3252,2.582,-0.7935,2433.2829,2447.0829
Gabo-13,2447.8488,14.0453,109.8858,0.44169,2.3272,2.5464,-0.6852,2433.4348,2447.2348
Gabo-13,2448.0012,14.0711,109.608,0.447041,2.3481,2.5347,-0.4673,2433.5867,2447.3867
Gabo-13,2448.1536,14.0133,108.2139,0.474192,2.3623,2.55,-0.3092,2433.7386,2447.5386
Gabo-13,2448.306,14.1505,105.4528,0.485031,2.3737,2.5774,-0.2832,2433.8905,2447.6905
Gabo-13,2448.4584,14.0993,102.3039,0.479103,2.3949,2.598,-0.3308,2434.0424,2447.8424
Gabo-13,2448.6108,13.9165,101.7059,0.484672,2.4179,2.6021,-0.3211,2434.1943,2447.9943
Gabo-13,2448.7632,13.944,106.8,0.520717,2.426,2.5885,-0.2063,2434.3462,2448.1462
Gabo-13,2448.9156,14.0763,110.4649,0.564734,2.4118,2.562,-0.1215,2434.4981,2448.2981
Gabo-13,2449.068,13.9684,111.0383,0.569731,2.3775,2.5252,0.0002,2434.6501,2448.4501
Gabo-13,2449.2204,13.8164,111.6083,0.527441,2.3365,2.4796,0.1188,2434.802,2448.602
Gabo-13,2449.3728,13.8939,114.0623,0.480622,2.3114,2.4314,0.0788,2434.9539,2448.7539
Gabo-13,2449.5252,14.0438,112.9433,0.491099,2.3193,2.3971,-0.1122,2435.1058,2448.9058
Gabo-13,2449.6776,14.2043,110.678,0.527076,2.3345,2.3896,-0.2812,2435.2577,2449.0577
Gabo-13,2449.83,14.3472,109.7426,0.537844,2.3411,2.406,-0.4275,2435.4096,2449.2096
Gabo-13,2449.9824,14.4259,110.3367,0.526739,2.344,2.4357,-0.5657,2435.5615,2449.3615
Gabo-13,2450.1348,14.3451,110.9554,0.52453,2.3493,2.4681,-0.5749,2435.7134,2449.5134
Gabo-13,2450.2872,14.4499,111.4511,0.509996,2.3596,2.4965,-0.5104,2435.8653,2449.6653
Gabo-13,2450.4396,14.3818,112.5381,0.492769,2.3675,2.5171,-0.541,2436.0172,2449.8172
Gabo-13,2450.592,14.0962,113.8501,0.507756,2.3619,2.5239,-0.5925,2436.1691,2449.9691
Gabo-13,2450.7444,14.2864,113.4234,0.558467,2.3412,2.5243,-0.462,2436.321,2450.121
Gabo-13,2450.8968,14.3948,113.7766,0.593711,2.3264,2.5806,-0.3574,2436.473,2450.273
Gabo-13,2451.0492,14.2027,111.147,0.593528,2.3227,2.7914,-0.4026,2436.6249,2450.4249
Gabo-13,2451.2016,13.8241,104.8656,0.536792,2.3331,3.2852,-0.5629,2436.7768,2450.5768
Gabo-13,2451.354,13.401,98.108,0.408229,2.3782,4.1627,-0.8933,2436.9287,2450.7287
Gabo-13,2451.5064,13.2595,98.4617,0.284166,2.4745,5.2814,-1.5601,2437.0806,2450.8806
Gabo-13,2451.6588,13.3103,103.4996,0.217382,2.5779,6.3022,-2.3917,2437.2325,2451.0325
Gabo-13,2451.8112,13.4046,108.8645,0.196189,2.6412,7.0543,-3.0112,2437.3844,2451.1844
Gabo-13,2451.9636,13.4566,111.4843,0.202237,2.6491,7.5181,-3.2347,2437.5364,2451.3364
Gabo-13,2452.116,13.6682,114.0637,0.240208,2.6172,7.653,-3.3323,2437.6883,2451.4883
Gabo-13,2452.2684,14.0926,116.9841,0.286716,2.5706,7.4133,-3.4768,2437.8402,2451.6402
Gabo-13,2452.4208,14.3932,118.1694,0.318962,2.5257,6.7952,-3.6196,2437.9921,2451.7921
Gabo-13,2452.5732,14.3263,116.51,0.345431,2.4882,5.9366,-3.7138,2438.144,2451.944
Gabo-13,2452.7256,14.4703,116.533,0.386227,2.456,5.19,-3.7662,2438.2959,2452.0959
Gabo-13,2452.878,14.6009,115.5346,0.403842,2.4316,4.723,-3.6928,2438.4479,2452.2479
Gabo-13,2453.0304,14.5311,113.3548,0.381091,2.4164,4.4584,-3.443,2438.5998,2452.3998
Gabo-13,2453.1828,14.3276,111.6404,0.350186,2.4063,4.3015,-3.1246,2438.7517,2452.5517
Gabo-13,2453.3352,14.3325,112.8122,0.354881,2.397,4.2093,-2.9031,2438.9036,2452.7036
Gabo-13,2453.4876,14.4141,116.8243,0.381408,2.396,4.1438,-2.6532,2439.0555,2452.8555
Gabo-13,2453.64,14.5861,120.6716,0.408869,2.4027,4.0876,-2.3242,2439.2075,2453.0075
Gabo-13,2453.7924,14.7174,121.3894,0.433692,2.4097,4.0281,-2.0185,2439.3594,2453.1594
Gabo-13,2453.9448,14.2646,114.9114,0.458431,2.413,3.9505,-1.8196,2439.5113,2453.3113
Gabo-13,2454.0972,14.482,112.5781,0.481801,2.4165,3.8674,-1.6673,2439.6632,2453.4632
Gabo-13,2454.2496,14.5553,113.9243,0.479233,2.4245,3.7856,-1.5112,2439.8151,2453.6151
Gabo-13,2454.402,14.1947,115.1866,0.453512,2.4316,3.7048,-1.3632,2439.9671,2453.7671
Gabo-13,2454.5544,14.0414,113.9028,0.444795,2.4238,3.6262,-1.2097,2440.119,2453.919
Gabo-13,2454.7068,13.978,115.6932,0.473275,2.3917,3.5476,-1.0032,2440.2709,2454.0709
Gabo-13,2454.8592,14.0805,116.1913,0.49422,2.3445,3.4707,-0.8994,2440.4228,2454.2228
Gabo-13,2455.0116,14.1208,114.8431,0.488841,2.2966,3.4014,-0.9519,2440.5748,2454.3748
Gabo-13,2455.164,13.7276,114.3913,0.486151,2.2575,3.3471,-1.0296,2440.7267,2454.5267
Gabo-13,2455.3164,13.6541,112.5405,0.512686,2.2356,3.3126,-1.0202,2440.8786,2454.6786
Gabo-13,2455.4688,13.8271,110.7284,0.535,2.244,3.2845,-1.0118,2441.0305,2454.8305
Gabo-13,2455.6212,13.9639,110.4293,0.545214,2.2735,3.2515,-1.0058,2441.1825,2454.9825
Gabo-13,2455.7736,13.944,112.3415,0.565792,2.2992,3.216,-0.9339,2441.3344,2455.1344
Gabo-13,2455.926,13.8081,118.4285,0.593526,2.3034,3.1887,-0.861,2441.4863,2455.2863
Gabo-13,2456.0784,13.8418,118.3428,0.592075,2.2979,3.1684,-0.9085,2441.6382,2455.4382
Gabo-13,2456.2308,14.0159,112.733,0.574128,2.2888,3.1536,-0.9755,2441.7902,2455.5902
Gabo-13,2456.3832,14.2045,106.3864,0.572018,2.2738,3.1441,-0.975,2441.9421,2455.7421
Gabo-13,2456.5356,14.2519,105.269,0.584295,2.2617,3.1357,-0.9796,2442.094,2455.894
Gabo-13,2456.688,14.0549,109.3348,0.586489,2.2691,3.1277,-0.942,2442.246,2456.046
Gabo-13,2456.8404,13.9547,112.4167,0.598945,2.2864,3.1227,-0.8305,2442.3979,2456.1979
Gabo-13,2456.9928,14.0467,112.7487,0.63343,2.2968,3.1171,-0.7231,2442.5498,2456.3498
Gabo-13,2457.1452,14.0323,113.8915,0.649411,2.2972,3.1052,-0.7011,2442.7018,2456.5018
Gabo-13,2457.2976,13.9172,114.2458,0.600025,2.2979,3.0957,-0.6549,2442.8537,2456.6537
Gabo-13,2457.45,13.7886,115.1993,0.512891,2.2983,3.0903,-0.4676,2443.0056,2456.8056
Gabo-13,2457.6024,13.7769,116.8379,0.444157,2.2988,3.0888,-0.301,2443.1576,2456.9576
Gabo-13,2457.7548,14.0817,117.2047,0.420983,2.3044,3.0939,-0.428,2443.3095,2457.1095
Gabo-13,2457.9072,14.1946,118.4063,0.412953,2.3139,3.1034,-0.7635,2443.4614,2457.2614
Gabo-13,2458.0596,14.234,119.4493,0.407532,2.3296,3.1188,-1.0793,2443.6134,2457.4134
Gabo-13,2458.212,14.2038,118.4976,0.411414,2.3336,3.128,-1.4576,2443.7653,2457.5653
Gabo-13,2458.3644,13.9457,114.5154,0.422357,2.3036,3.1143,-1.9209,2443.9172,2457.7172
Gabo-13,2458.5168,13.5923,113.375,0.427951,2.2629,3.0793,-2.0133,2444.0692,2457.8692
Gabo-13,2458.6692,13.4151,115.8417,0.432066,2.2624,3.0305,-1.808,2444.2211,2458.0211
Gabo-13,2458.8216,13.4991,117.3485,0.43983,2.2992,2.9753,-1.6158,2444.373,2458.173
Gabo-13,2458.974,13.8173,114.8699,0.447719,2.3415,2.9149,-1.4701,2444.525,2458.325
Gabo-13,2459.1264,14.1085,114.0175,0.454969,2.3721,2.8427,-1.1565,2444.6769,2458.4769
Gabo-13,2459.2788,14.2559,111.4878,0.478547,2.3814,2.769,-0.7111,2444.8288,2458.6288
Gabo-13,2459.4312,14.3181,107.1674,0.518714,2.3671,2.7029,-0.3179,2444.9808,2458.7808
Gabo-13,2459.5836,14.3339,102.9086,0.553805,2.3434,2.6448,-0.0883,2445.1327,2458.9327
Gabo-13,2459.736,14.266,100.5276,0.557805,2.3293,2.5926,-0.0397,2445.2847,2459.0847
Gabo-13,2459.8884,14.7529,101.2083,0.535713,2.3101,2.5467,-0.0952,2445.4366,2459.2366
Gabo-13,2460.0408,15.1746,102.2817,0.511739,2.2966,2.5082,-0.1619,2445.5885,2459.3885
Gabo-13,2460.1932,15.1693,102.9647,0.519271,2.3153,2.4761,-0.1456,2445.7405,2459.5405
Gabo-13,2460.3456,15.0639,105.5305,0.577624,2.3593,2.4486,-0.0279,2445.8924,2459.6924
Gabo-13,2460.498,15.0641,109.0066,0.626635,2.3735,2.4271,-0.0079,2446.0444,2459.8444
Gabo-13,2460.6504,14.9769,108.7837,0.613117,2.3672,2.4141,-0.0966,2446.1963,2459.9963
Gabo-13,2460.8028,14.8541,104.4683,0.568453,2.3686,2.4213,-0.256,2446.3483,2460.1483
Gabo-13,2460.9552,14.9733,98.6503,0.551607,2.3699,2.4844,-0.5132,2446.5002,2460.3002
Gabo-13,2461.1076,14.5567,93.2015,0.538615,2.3409,2.658,-0.7842,2446.6521,2460.4521
Gabo-13,2461.26,13.8013,92.1401,0.486769,2.3003,2.929,-0.9449,2446.8041,2460.6041
Gabo-13,2461.4124,13.077,95.272,0.423247,2.2987,3.2256,-1.0703,2446.956,2460.756
Gabo-13,2461.5648,12.6042,100.2171,0.403824,2.3635,3.4657,-1.3662,2447.108,2460.908
Gabo-13,2461.7172,12.6721,102.0604,0.4406,2.4494,3.5963,-1.8741,2447.2599,2461.0599
Gabo-13,2461.8696,13.3747,104.5865,0.499107,2.4815,3.6326,-2.2125,2447.4119,2461.2119
Gabo-13,2462.022,14.1725,107.7112,0.540366,2.4371,3.5902,-2.163,2447.5638,2461.3638
Gabo-13,2462.1744,14.5586,109.2031,0.546478,2.3453,3.453,-1.8302,2447.7158,2461.5158
Gabo-13,2462.3268,14.5036,107.1285,0.542017,2.2688,3.2145,-1.4384,2447.8677,2461.6677
Gabo-13,2462.4792,14.2161,106.0074,0.572449,2.2422,2.9664,-1.0395,2448.0197,2461.8197
Gabo-13,2462.6316,13.8802,105.5351,0.601553,2.242,2.7985,-0.742,2448.1716,2461.9716
Gabo-13,2462.784,13.6342,104.7451,0.580392,2.2422,2.7417,-0.6244,2448.3236,2462.1236
Gabo-13,2462.9364,13.7206,106.1322,0.529627,2.2432,2.7791,-0.5671,2448.4755,2462.2755
Gabo-13,2463.0888,13.6157,107.9357,0.512762,2.2487,2.8574,-0.4321,2448.6275,2462.4275
Gabo-13,2463.2412,13.4702,108.3766,0.535852,2.2582,2.9412,-0.2919,2448.7794,2462.5794
Gabo-13,2463.3936,13.4985,107.6481,0.575908,2.2743,3.0174,-0.3685,2448.9314,2462.7314
Gabo-13,2463.546,13.7159,107.3554,0.603911,2.3021,3.0839,-0.7843,2449.0833,2462.8833
Gabo-13,2463.6984,13.7848,106.7558,0.577837,2.3369,3.1611,-1.2669,2449.2353,2463.0353
Gabo-13,2463.8508,13.5392,106.6445,0.522305,2.3657,3.2708,-1.8147,2449.3872,2463.1872
Gabo-13,2464.0032,13.2985,106.365,0.467984,2.3853,3.4261,-2.5441,2449.5392,2463.3392
Gabo-13,2464.1556,13.6613,103.7217,0.412142,2.3998,3.6357,-3.4664,2449.6911,2463.4911
Gabo-13,2464.308,13.4608,100.5517,0.352465,2.4087,3.9044,-4.6285,2449.8431,2463.6431
Gabo-13,2464.4604,12.9617,99.7396,0.318564,2.4152,4.2365,-6.0527,2449.995,2463.795
Gabo-13,2464.6128,12.602,101.4643,0.31774,2.4242,4.6245,-7.4898,2450.147,2463.947
Gabo-13,2464.7652,12.5382,104.4677,0.325512,2.4354,5.0128,-8.6602,2450.2989,2464.0989
Gabo-13,2464.9176,12.5924,99.2079,0.316001,2.4413,5.267,-9.5801,2450.4509,2464.2509
Gabo-13,2465.07,12.4435,91.9776,0.301154,2.4368,5.3232,-10.1858,2450.6028,2464.4028
Gabo-13,2465.2224,12.2122,90.1857,0.306764,2.4189,5.2156,-10.3182,2450.7548,2464.5548
Gabo-13,2465.3748,12.1257,96.1872,0.350153,2.3902,5.0045,-9.888,2450.9068,2464.7068
Gabo-13,2465.5272,12.4345,102.3461,0.42331,2.3615,4.7606,-9.0732,2451.0587,2464.8587
Gabo-13,2465.6796,12.55,100.2223,0.469576,2.3383,4.5755,-8.466,2451.2107,2465.0107
Gabo-13,2465.832,12.506,90.8413,0.451553,2.3281,4.5456,-8.415,2451.3626,2465.1626
Gabo-13,2465.9844,12.4376,78.397,0.382294,2.3311,4.7457,-9.0839,2451.5146,2465.3146
Gabo-13,2466.1368,12.0847,71.5378,0.313652,2.3252,5.1936,-10.6089,2451.6665,2465.4665
Gabo-13,2466.2892,11.9701,71.0175,0.282775,2.2879,5.7731,-12.5999,2451.8185,2465.6185
Gabo-13,2466.4416,12.0752,69.3439,0.280741,2.2407,6.359,-14.4915,2451.9705,2465.7705
Gabo-13,2466.594,12.2203,64.143,0.288147,2.2189,6.8618,-16.0051,2452.1224,2465.9224
Gabo-13,2466.7464,12.3007,58.7647,0.293959,2.2316,7.2004,-17.0502,2452.2744,2466.0744
Gabo-13,2466.8988,12.2016,56.3875,0.293832,2.2403,7.3762,-17.5297,2452.4263,2466.2263
Gabo-13,2467.0512,12.1253,54.7318,0.290586,2.2303,7.5439,-17.4902,2452.5783,2466.3783
Gabo-13,2467.2036,12.1996,52.6443,0.286445,2.2226,8.0077,-17.1424,2452.7303,2466.5303
Gabo-13,2467.356,12.4595,50.4921,0.274892,2.2355,9.2398,-16.8209,2452.8822,2466.6822
Gabo-13,2467.5084,12.7487,48.9283,0.243612,2.2497,11.8188,-16.8503,2453.0342,2466.8342
Gabo-13,2467.6608,12.9779,45.9182,0.207045,2.2479,16.0592,-17.1284,2453.1862,2466.9862
Gabo-13,2467.8132,13.042,42.4292,0.179411,2.2343,22.3192,-17.4591,2453.3381,2467.1381
Gabo-13,2467.9656,12.8391,40.6508,0.160546,2.2183,30.864,-17.7614,2453.4901,2467.2901
Gabo-13,2468.118,12.5998,38.672,0.144472,2.2013,40.9584,-18.0009,2453.6421,2467.4421
Gabo-13,2468.2704,12.4355,37.3118,0.130224,2.1872,50.6208,-18.1392,2453.794,2467.594
Gabo-13,2468.4228,12.3464,36.4037,0.118249,2.1798,58.303,-18.173,2453.946,2467.746
Gabo-13,2468.5752,12.328,35.436,0.109241,2.1804,63.0824,-18.094,2454.098,2467.898
Gabo-13,2468.7276,12.3812,36.1947,0.105413,2.1891,64.1713,-17.8785,2454.2499,2468.0499
Gabo-13,2468.88,12.4866,38.2056,0.106039,2.2015,61.59,-17.6523,2454.4019,2468.2019
Gabo-13,2469.0324,12.5744,40.0244,0.111023,2.2117,56.0234,-17.5993,2454.5539,2468.3539
Gabo-13,2469.1848,12.6235,41.1457,0.118536,2.2172,48.5986,-17.7028,2454.7058,2468.5058
Gabo-13,2469.3372,12.722,42.2825,0.122733,2.2215,41.3034,-17.7429,2454.8578,2468.6578
Gabo-13,2469.4896,12.7827,43.194,0.121957,2.2305,36.1887,-17.6781,2455.0098,2468.8098
Gabo-13,2469.642,12.7657,42.7438,0.118509,2.2436,33.7374,-17.5111,2455.1617,2468.9617
Gabo-13,2469.7944,12.7113,40.3729,0.11289,2.2539,33.7447,-17.212,2455.3137,2469.1137
Gabo-13,2469.9468,12.7144,35.942,0.106184,2.2536,36.2217,-16.8146,2455.4657,2469.2657
Gabo-13,2470.0992,12.6468,32.2976,0.104169,2.2432,41.2589,-16.454,2455.6176,2469.4176
Gabo-13,2470.2516,12.5028,30.6506,0.10254,2.2285,48.6073,-16.1308,2455.7696,2469.5696
Gabo-13,2470.404,12.3627,31.072,0.096612,2.2136,57.7043,-15.7782,2455.9216,2469.7216
Gabo-13,2470.5564,12.3217,33.5554,0.088225,2.2011,67.0976,-15.4436,2456.0736,2469.8736
Gabo-13,2470.7088,12.3419,37.2007,0.08165,2.1933,73.9829,-15.3241,2456.2255,2470.0255
Gabo-13,2470.8612,12.3106,38.8039,0.078361,2.1867,77.5937,-15.3511,2456.3775,2470.1775
Gabo-13,2471.0136,12.2501,39.3141,0.07894,2.1802,78.2948,-15.4407,2456.5295,2470.3295
Gabo-13,2471.166,12.2286,41.3258,0.084698,2.1775,76.2965,-15.6452,2456.6815,2470.4815
Gabo-13,2471.3184,12.227,45.6627,0.096122,2.1809,72.1135,-15.951,2456.8334,2470.6334
Gabo-13,2471.4708,12.1931,46.7217,0.108497,2.1807,67.6521,-16.0823,2456.9854,2470.7854
Gabo-13,2471.6232,12.1514,46.0182,0.113541,2.1668,66.7308,-16.0477,2457.1374,2470.9374
Gabo-13,2471.7756,12.1366,46.4742,0.107152,2.1387,73.252,-16.07,2457.2894,2471.0894
Gabo-13,2471.928,12.1484,45.5955,0.094841,2.1086,88.7613,-16.2375,2457.4413,2471.2413
Gabo-13,2472.0804,12.1489,45.9177,0.085038,2.0909,109.4314,-16.4455,2457.5933,2471.3933
Gabo-13,2472.2328,12.1438,45.8922,0.080263,2.09,130.1116,-16.7052,2457.7453,2471.5453
Gabo-13,2472.3852,12.1564,44.4467,0.078311,2.103,146.9416,-16.9401,2457.8973,2471.6973
Gabo-13,2472.5376,12.2296,45.2841,0.076351,2.1238,156.535,-16.9011,2458.0492,2471.8492
Gabo-13,2472.69,12.3238,46.7052,0.075977,2.1449,157.1417,-16.7041,2458.2012,2472.0012
Gabo-13,2472.8424,12.3584,45.8802,0.079443,2.1631,148.9551,-16.5619,2458.3532,2472.1532
Gabo-13,2472.9948,12.3363,42.7351,0.087994,2.1782,133.5466,-16.556,2458.5052,2472.3052
Gabo-13,2473.1472,12.3465,39.3203,0.10236,2.1887,114.4452,-16.574,2458.6572,2472.4572
Gabo-13,2473.2996,12.3852,38.0265,0.118502,2.1892,97.6624,-16.3239,2458.8091,2472.6091
Gabo-13,2473.452,12.4093,38.7786,0.125482,2.179,88.3489,-16.0374,2458.9611,2472.7611
Gabo-13,2473.6044,12.4026,40.3343,0.118394,2.1649,89.1949,-15.8808,2459.1131,2472.9131
Gabo-13,2473.7568,12.3607,41.1192,0.102771,2.1565,100.9487,-15.6928,2459.2651,2473.0651
Gabo-13,2473.9092,12.2437,41.6238,0.089426,2.1558,121.1692,-15.3294,2459.4171,2473.2171
Gabo-13,2474.0616,12.2005,41.5681,0.078093,2.1516,145.0278,-14.7586,2459.5691,2473.3691
Gabo-13,2474.214,12.2061,41.0066,0.06738,2.1374,169.3517,-14.0059,2459.721,2473.521
Gabo-13,2474.3664,12.1584,40.2858,0.06071,2.1179,192.0817,-13.1606,2459.873,2473.673
Gabo-13,2474.5188,12.1414,38.9378,0.06153,2.1064,209.5526,-12.4451,2460.025,2473.825
Gabo-13,2474.6712,12.1387,37.5618,0.066674,2.1078,217.5577,-12.0351,2460.177,2473.977
Gabo-13,2474.8236,12.1342,36.8064,0.072216,2.1215,214.1539,-11.7539,2460.329,2474.129
Gabo-13,2474.976,12.133,36.97,0.07622,2.1442,199.9066,-11.4189,2460.481,2474.281
Gabo-13,2475.1284,12.133,38.0426,0.079256,2.1668,177.9086,-11.0998,2460.6329,2474.4329
Gabo-13,2475.2808,12.133,39.3791,0.086471,2.1823,152.1785,-10.7636,2460.7849,2474.5849
Gabo-13,2475.4332,12.133,40.5164,0.097806,2.1933,125.763,-10.4678,2460.9369,2474.7369
Gabo-13,2475.5856,12.133,41.4563,0.108189,2.2046,102.0042,-10.243,2461.0889,2474.8889
Gabo-13,2475.738,12.133,42.8053,0.111693,2.2147,85.8675,-9.944,2461.2409,2475.0409
Gabo-13,2475.8904,12.1809,42.2121,0.10563,2.2149,80.312,-9.5468,2461.3929,2475.1929
Gabo-13,2476.0428,12.193,39.2055,0.090456,2.2063,85.0478,-9.1834,2461.5449,2475.3449
Gabo-13,2476.1952,12.1489,35.2879,0.072313,2.1941,98.7863,-8.8637,2461.6969,2475.4969
Gabo-13,2476.3476,12.133,33.525,0.061142,2.1821,119.2198,-8.4579,2461.8489,2475.6489
Gabo-13,2476.5,12.133,32.2917,0.058469,2.1749,141.5827,-7.9788,2462.0008,2475.8008
Gabo-13,2476.6524,12.1409,30.6353,0.059019,2.1714,162.0249,-7.6142,2462.1528,2475.9528
Gabo-13,2476.8048,12.1567,29.6697,0.059874,2.1689,178.7435,-7.4188,2462.3048,2476.1048
Gabo-13,2476.9572,12.1749,31.2061,0.061677,2.1673,190.4367,-7.2655,2462.4568,2476.2568
Gabo-13,2477.1096,12.1717,34.262,0.065582,2.169,196.0673,-7.0082,2462.6088,2476.4088
Gabo-13,2477.262,12.1626,36.107,0.069063,2.1763,197.0893,-6.7263,2462.7608,2476.5608
Gabo-13,2477.4144,12.1572,36.0999,0.070941,2.189,195.695,-6.5562,2462.9128,2476.7128
Gabo-13,2477.5668,12.1557,34.579,0.071734,2.2024,193.7556,-6.526,2463.0648,2476.8648
Gabo-13,2477.7192,12.15,32.8246,0.071829,2.2077,192.8547,-6.5363,2463.2168,2477.0168
Gabo-13,2477.8716,12.1424,30.6311,0.074013,2.2029,192.8315,-6.5649,2463.3688,2477.1688
Gabo-13,2478.024,12.1374,29.168,0.078289,2.1947,192.6649,-6.6341,2463.5208,2477.3208
Gabo-13,2478.1764,12.1383,29.5826,0.081474,2.1905,191.4718,-6.6765,2463.6728,2477.4728
Gabo-13,2478.3288,12.1518,31.2901,0.080399,2.1934,188.5724,-6.6044,2463.8248,2477.6248
Gabo-13,2478.4812,12.1836,32.7093,0.076744,2.1983,184.0197,-6.6199,2463.9768,2477.7768
Gabo-13,2478.6336,12.2412,33.5583,0.075107,2.198,178.7236,-6.7585,2464.1287,2477.9287
Gabo-13,2478.786,12.3202,34.2165,0.079489,2.1891,174.2805,-6.9094,2464.2807,2478.0807
Gabo-13,2478.9384,12.3887,35.6305,0.090478,2.1763,173.1732,-7.0671,2464.4327,2478.2327
Gabo-13,2479.0908,12.4344,36.8516,0.1007,2.1686,176.9915,-7.3551,2464.5847,2478.3847
Gabo-13,2479.2432,12.4132,36.9468,0.104957,2.169,184.4049,-7.7968,2464.7367,2478.5367
Gabo-13,2479.3956,12.3375,35.8759,0.105319,2.1731,193.6248,-8.3535,2464.8887,2478.6887
Gabo-13,2479.548,12.2941,34.1226,0.105824,2.1752,203.4382,-9.0703,2465.0407,2478.8407
Gabo-13,2479.7004,12.2556,33.806,0.103757,2.176,212.1379,-10.0344,2465.1927,2478.9927
Gabo-13,2479.8528,12.2316,33.527,0.097198,2.1763,217.43,-10.9746,2465.3447,2479.1447
Gabo-13,2480.0052,12.2273,32.7154,0.090591,2.1741,216.9259,-11.6843,2465.4967,2479.2967
Gabo-13,2480.1576,12.2286,31.9872,0.089546,2.1685,208.9712,-12.2611,2465.6487,2479.4487
Gabo-13,2480.31,12.229,34.2269,0.091889,2.1628,195.1724,-12.9272,2465.8007,2479.6007
Gabo-13,2480.4624,12.2282,37.6451,0.09209,2.1582,180.3516,-13.5898,2465.9527,2479.7527
Gabo-13,2480.6148,12.232,40.0076,0.090329,2.1564,168.3415,-14.1612,2466.1047,2479.9047
Gabo-13,2480.7672,12.2478,39.9112,0.090556,2.1662,161.7264,-14.6753,2466.2567,2480.0567
Gabo-13,2480.9196,12.2918,36.5607,0.094618,2.1997,162.4523,-15.1214,2466.4087,2480.2087
Gabo-13,2481.072,12.339,35.0697,0.097904,2.2392,169.0495,-15.4564,2466.5607,2480.3607
Gabo-13,2481.2244,12.3553,35.6791,0.094945,2.2542,179.4057,-15.7408,2466.7127,2480.5127
Gabo-13,2481.3768,12.3269,36.4092,0.084461,2.234,192.2549,-16.06,2466.8647,2480.6647
Gabo-13,2481.5292,12.2897,34.255,0.071396,2.1988,206.0942,-16.3734,2467.0167,2480.8167
Gabo-13,2481.6816,12.2543,30.962,0.062305,2.1684,218.8578,-16.5355,2467.1687,2480.9687
Gabo-13,2481.834,12.2318,28.7151,0.056782,2.1446,228.8018,-16.6425,2467.3207,2481.1207
Gabo-13,2481.9864,12.227,28.2254,0.052189,2.1252,235.9594,-16.8621,2467.4727,2481.2727
Gabo-13,2482.1388,12.227,29.3144,0.048938,2.1143,242.395,-17.2006,2467.6247,2481.4247
Gabo-13,2482.2912,12.2381,29.4173,0.049232,2.1171,249.7633,-17.5213,2467.7767,2481.5767
Gabo-13,2482.4436,12.2677,29.9383,0.052041,2.1296,257.7503,-17.8082,2467.9287,2481.7287
Gabo-13,2482.596,12.292,31.7867,0.054499,2.1435,265.0927,-18.0448,2468.0807,2481.8807
Gabo-13,2482.7484,12.2495,34.212,0.054089,2.1494,270.743,-18.1253,2468.2327,2482.0327
Gabo-13,2482.9008,12.1946,35.0332,0.05073,2.1415,274.7074,-18.0746,2468.3847,2482.1847
Gabo-13,2483.0532,12.1247,33.5644,0.047373,2.1277,275.5592,-18.134,2468.5367,2482.3367
Gabo-13,2483.2056,12.0568,30.9455,0.046986,2.1178,269.2921,-18.3526,2468.6887,2482.4887
Gabo-13,2483.358,12.039,29.0148,0.052311,2.1158,251.9812,-18.5633,2468.8407,2482.6407
Gabo-13,2483.5104,12.0064,29.8822,0.067326,2.1205,224.7877,-18.6554,2468.9927,2482.7927
Gabo-13,2483.6628,12.004,35.4477,0.09452,2.1306,192.2917,-18.6642,2469.1447,2482.9447
Gabo-13,2483.8152,12.06,44.1191,0.133055,2.1451,157.2343,-18.6181,2469.2967,2483.0967
Gabo-13,2483.9676,12.1708,53.212,0.175076,2.158,120.7896,-18.5691,2469.4487,2483.2487
Gabo-13,2484.12,12.3025,59.9397,0.204673,2.1595,85.5423,-18.6182,2469.6007,2483.4007
Gabo-13,2484.2724,12.3468,64.1777,0.219883,2.1544,56.4833,-18.6246,2469.7527,2483.5527
Gabo-13,2484.4248,12.3567,67.3983,0.222749,2.1468,36.5274,-18.5355,2469.9047,2483.7047
Gabo-13,2484.5772,12.3924,70.9381,0.214655,2.1325,25.3766,-18.4412,2470.0567,2483.8567
Gabo-13,2484.7296,12.3531,76.6964,0.203936,2.1099,20.1533,-18.4422,2470.2087,2484.0087
Gabo-13,2484.882,12.3161,85.0529,0.203011,2.0957,17.5237,-18.6006,2470.3607,2484.1607
Gabo-13,2485.0344,12.3355,94.5947,0.216757,2.1004,15.7211,-18.8521,2470.5127,2484.3127
Gabo-13,2485.1868,12.3951,104.5949,0.239632,2.1241,14.1921,-19.049,2470.6647,2484.4647
Gabo-13,2485.3392,12.414,115.5518,0.261337,2.1623,12.7891,-18.9987,2470.8167,2484.6167
Gabo-13,2485.4916,12.4198,126.6843,0.280605,2.2049,11.544,-18.534,2470.9687,2484.7687
Gabo-13,2485.644,12.4943,139.383,0.295817,2.2456,10.5105,-17.6355,2471.1207,2484.9207
Gabo-13,2485.7964,12.5813,151.6351,0.307781,2.2838,9.6997,-16.7357,2471.2727,2485.0727
Gabo-13,2485.9488,12.4742,156.5262,0.322081,2.3156,9.0957,-16.3807,2471.4247,2485.2247
Gabo-13,2486.1012,12.417,156.3804,0.33819,2.3262,8.6593,-16.1993,2471.5766,2485.3766
Gabo-13,2486.2536,12.46,150.9657,0.347392,2.3116,8.3426,-15.8311,2471.7286,2485.5286
Gabo-13,2486.406,12.5263,140.0239,0.342983,2.2842,8.1045,-15.3882,2471.8806,2485.6806
Gabo-13,2486.5584,12.5399,124.6571,0.331413,2.2655,7.9082,-15.0408,2472.0326,2485.8326
Gabo-13,2486.7108,12.5341,119.1954,0.332118,2.274,7.7276,-14.6518,2472.1846,2485.9846
Gabo-13,2486.8632,12.589,119.6876,0.330693,2.2944,7.5653,-14.1292,2472.3366,2486.1366
Gabo-13,2487.0156,12.6762,120.3024,0.315643,2.3171,7.4354,-13.6108,2472.4886,2486.2886
Gabo-13,2487.168,12.7261,118.5608,0.29549,2.3463,7.3584,-13.2063,2472.6406,2486.4406
Gabo-13,2487.3204,12.5853,116.8906,0.282886,2.3757,7.3641,-12.8251,2472.7926,2486.5926
Gabo-13,2487.4728,12.4728,113.0963,0.277017,2.3813,7.4537,-12.4922,2472.9446,2486.7446
Gabo-13,2487.6252,12.4528,107.9318,0.275308,2.3614,7.6083,-12.1686,2473.0966,2486.8966
Gabo-13,2487.7776,12.4737,104.0879,0.28512,2.3335,7.7535,-11.6603,2473.2486,2487.0486
Gabo-13,2487.93,12.4163,107.6892,0.317785,2.3136,7.7517,-10.7525,2473.4006,2487.2006
Gabo-13,2488.0824,12.4318,114.51,0.360824,2.3019,7.6115,-9.5141,2473.5526,2487.3526
Gabo-13,2488.2348,12.5628,120.014,0.401746,2.3024,7.4147,-8.0625,2473.7046,2487.5046
Gabo-13,2488.3872,12.7396,122.7761,0.437268,2.3215,7.1987,-6.4601,2473.8566,2487.6566
Gabo-13,2488.5396,12.779,122.6293,0.457671,2.3522,6.9573,-4.9109,2474.0086,2487.8086
Gabo-13,2488.692,12.6949,119.4662,0.442829,2.3712,6.6818,-3.7934,2474.1606,2487.9606
Gabo-13,2488.8444,12.6245,117.7691,0.406227,2.3772,6.3904,-3.0189,2474.3125,2488.1125
Gabo-13,2488.9968,12.6145,119.5815,0.391563,2.3808,6.0935,-2.3424,2474.4645,2488.2645
Gabo-13,2489.1492,12.6435,124.236,0.432674,2.3845,5.7874,-1.704,2474.6165,2488.4165
Gabo-13,2489.3016,12.6824,136.2188,0.490144,2.3825,5.4994,-1.1474,2474.7685,2488.5685
Gabo-13,2489.454,12.9618,151.3398,0.513656,2.3772,5.2826,-0.555,2474.9205,2488.7205
Gabo-13,2489.6064,13.25,161.9137,0.506207,2.3732,5.1412,0.1039,2475.0725,2488.8725
Gabo-13,2489.7588,13.026,160.0458,0.493157,2.3713,5.0313,0.6596,2475.2245,2489.0245
Gabo-13,2489.9112,12.7572,142.2955,0.476949,2.3715,4.9134,0.9522,2475.3765,2489.1765
Gabo-13,2490.0636,12.7032,125.2344,0.467923,2.3752,4.7979,1.2019,2475.5285,2489.3285
Gabo-13,2490.216,12.8072,115.0027,0.472637,2.3793,4.7119,1.5318,2475.6805,2489.4805
Gabo-13,2490.3684,12.9803,110.9948,0.482963,2.3765,4.6582,1.8444,2475.8325,2489.6325
Gabo-13,2490.5208,13.0789,111.6491,0.488831,2.3643,4.5993,2.0381,2475.9845,2489.7845
Gabo-13,2490.6732,13.1924,112.3135,0.500769,2.3545,4.5083,2.1562,2476.1365,2489.9365
Gabo-13,2490.8256,13.2959,112.7872,0.519226,2.3522,4.388,2.2308,2476.2884,2490.0884
Gabo-13,2490.978,13.3387,113.9955,0.535338,2.3537,4.2907,2.259,2476.4404,2490.2404
Gabo-13,2491.1304,13.3966,114.6767,0.544921,2.357,4.283,2.3207,2476.5924,2490.3924
Gabo-13,2491.2828,13.434,112.3559,0.548863,2.3674,4.2778,2.5372,2476.7444,2490.5444
Gabo-13,2491.4352,13.3237,111.9041,0.560914,2.3835,4.2377,2.7153,2476.8964,2490.6964
Gabo-13,2491.5876,13.0753,115.4948,0.569625,2.3927,4.1857,2.6703,2477.0484,2490.8484
Gabo-13,2491.74,12.9526,118.2187,0.54632,2.3854,4.1412,2.4918,2477.2004,2491.0004
Gabo-13,2491.8924,12.9889,119.6182,0.5264,2.3808,4.1518,2.3397,2477.3524,2491.1524
Gabo-13,2492.0448,13.033,118.973,0.516896,2.3827,4.1975,2.1952,2477.5044,2491.3044
Gabo-13,2492.1972,13.0784,115.9601,0.494898,2.3742,4.2315,2.0595,2477.6564,2491.4564
Gabo-13,2492.3496,13.2596,111.3077,0.460195,2.3463,4.2356,2.0174,2477.8083,2491.6083
Gabo-13,2492.502,13.7073,109.9268,0.451914,2.3239,4.2185,2.0244,2477.9603,2491.7603
Gabo-13,2492.6544,13.9346,108.5837,0.474216,2.3211,4.1713,1.9963,2478.1123,2491.9123
Gabo-13,2492.8068,13.9969,106.2342,0.505133,2.3363,4.0668,2.0932,2478.2643,2492.0643
Gabo-13,2492.9592,14.3226,104.5989,0.51854,2.3598,3.9068,2.4567,2478.4163,2492.2163
Gabo-13,2493.1116,14.332,104.6311,0.49518,2.371,3.7564,2.767,2478.5683,2492.3683
Gabo-13,2493.264,14.068,103.4681,0.470783,2.3681,3.6253,2.9093,2478.7203,2492.5203
Gabo-13,2493.4164,13.6989,101.9362,0.481481,2.3678,3.5291,2.9624,2478.8723,2492.6723
Gabo-13,2493.5688,13.3034,101.9326,0.520441,2.3814,3.5087,2.922,2479.0243,2492.8243
Gabo-13,2493.7212,13.1451,99.4666,0.53537,2.3972,3.5766,2.7048,2479.1762,2492.9762
Gabo-13,2493.8736,12.9634,97.9007,0.511084,2.4012,3.6992,2.4247,2479.3282,2493.1282
Gabo-13,2494.026,12.9039,98.2575,0.488535,2.4021,3.8325,2.2751,2479.4802,2493.2802
Gabo-13,2494.1784,13.1511,99.6338,0.485889,2.4082,3.9495,2.1478,2479.6322,2493.4322
Gabo-13,2494.3308,13.444,101.0253,0.471989,2.4112,4.0525,1.6487,2479.7842,2493.5842
Gabo-13,2494.4832,13.6887,100.6253,0.458641,2.4091,4.1803,0.9563,2479.9362,2493.7362
Gabo-13,2494.6356,13.7908,99.4391,0.45897,2.4008,4.3652,0.3002,2480.0882,2493.8882
Gabo-13,2494.788,13.7286,99.058,0.454708,2.3832,4.6288,-0.4194,2480.2402,2494.0402
Gabo-13,2494.9404,13.6459,101.5671,0.421553,2.3571,5.0037,-1.456,2480.3922,2494.1922
Gabo-13,2495.0928,13.2519,103.7474,0.379408,2.3307,5.5159,-2.8797,2480.5441,2494.3441
Gabo-13,2495.2452,12.7897,104.9417,0.357523,2.3146,6.1325,-4.6663,2480.6961,2494.4961
Gabo-13,2495.3976,12.4791,106.8945,0.354626,2.317,6.802,-6.7513,2480.8481,2494.6481
Gabo-13,2495.55,12.3885,112.5912,0.35195,2.3391,7.4781,-8.8779,2481.0001,2494.8001
Gabo-13,2495.7024,12.349,113.332,0.344926,2.3687,8.1003,-10.5668,2481.1521,2494.9521
Gabo-13,2495.8548,12.3246,110.8607,0.330713,2.3957,8.5963,-11.7952,2481.3041,2495.1041
Gabo-13,2496.0072,12.32,111.265,0.312211,2.4151,8.9838,-12.7605,2481.4561,2495.2561
Gabo-13,2496.1596,12.32,120.1333,0.302877,2.4193,9.3239,-13.5952,2481.608,2495.408
Gabo-13,2496.312,12.32,125.4065,0.31216,2.4019,9.6166,-14.4116,2481.76,2495.56
Gabo-13,2496.4644,12.2865,120.1645,0.319179,2.3796,9.914,-15.3011,2481.912,2495.712
Gabo-13,2496.6168,12.223,112.9467,0.310963,2.3673,10.2754,-16.2277,2482.064,2495.864
Gabo-13,2496.7692,12.1545,113.76,0.29008,2.3589,10.7744,-16.9782,2482.216,2496.016
Gabo-13,2496.9216,12.1646,120.5838,0.259626,2.3306,11.5775,-17.3624,2482.368,2496.168
Gabo-13,2497.074,12.2,121.8419,0.225015,2.2857,12.7873,-17.8001,2482.52,2496.32
Gabo-13,2497.2264,12.2382,114.5959,0.196233,2.2488,14.3037,-18.395,2482.6719,2496.4719
Gabo-13,2497.3788,12.2977,100.9421,0.186252,2.2314,15.8597,-18.9277,2482.8239,2496.6239
Gabo-13,2497.5312,12.4448,89.167,0.203583,2.218,17.0484,-19.3354,2482.9759,2496.7759
Gabo-13,2497.6836,12.4582,83.9257,0.231143,2.1893,17.6396,-19.6838,2483.1279,2496.9279
Gabo-13,2497.836,12.3621,83.0164,0.252538,2.1527,17.6542,-19.9093,2483.2799,2497.0799
Gabo-13,2497.9884,12.26,84.7451,0.261274,2.1282,17.0728,-19.9813,2483.4319,2497.2319
Gabo-13,2498.1408,12.2551,89.4335,0.256225,2.132,15.7689,-20.0132,2483.5838,2497.3838
Gabo-13,2498.2932,12.292,93.8913,0.247394,2.1586,13.8789,-20.0289,2483.7358,2497.5358
Gabo-13,2498.4456,12.3467,95.8047,0.242069,2.1952,11.8799,-19.901,2483.8878,2497.6878
Gabo-13,2498.598,12.4029,97.6839,0.241131,2.2339,10.2021,-19.6334,2484.0398,2497.8398
Gabo-13,2498.7504,12.4152,106.1837,0.246639,2.2709,9.1016,-19.3987,2484.1918,2497.9918
Gabo-13,2498.9028,12.4141,108.7167,0.26034,2.3061,8.5672,-19.2627,2484.3438,2498.1438
Gabo-13,2499.0552,12.414,106.7901,0.263918,2.3401,8.4009,-19.0917,2484.4957,2498.2957
Gabo-13,2499.2076,12.409,104.0599,0.245618,2.3698,8.5043,-18.891,2484.6477,2498.4477
Gabo-13,2499.36,12.3913,101.4128,0.216949,2.383,8.8891,-18.8495,2484.7997,2498.5997
Gabo-13,2499.5124,12.3489,89.248,0.204667,2.3559,9.5836,-19.0826,2484.9517,2498.7517
Gabo-13,2499.6648,12.3242,78.4604,0.202032,2.2888,10.6115,-19.3943,2485.1037,2498.9037
Gabo-13,2499.8172,12.3508,73.1113,0.186688,2.2132,11.928,-19.7322,2485.2557,2499.0557
Gabo-13,2499.9696,12.4512,70.779,0.15415,2.1684,13.4271,-20.2096,2485.4076,2499.2076
Gabo-13,2500.122,12.6853,62.9718,0.126978,2.1748,14.9395,-20.8133,2485.5596,2499.3596
Gabo-13,2500.2744,12.9354,55.5353,0.115012,2.2002,16.2772,-21.347,2485.7116,2499.5116
Gabo-13,2500.4268,13.1019,53.1764,0.114184,2.2119,17.3806,-21.735,2485.8636,2499.6636
Gabo-13,2500.5792,13.164,56.462,0.119195,2.2037,18.21,-22.002,2486.0156,2499.8156
Gabo-13,2500.7316,13.2156,62.4493,0.123349,2.1903,18.6366,-22.1304,2486.1676,2499.9676
Gabo-13,2500.884,13.4499,63.9318,0.121872,2.1887,18.6215,-22.1194,2486.3195,2500.1195
Gabo-13,2501.0364,13.7372,59.2208,0.119551,2.2085,18.243,-22.1357,2486.4715,2500.2715
Gabo-13,2501.1888,13.9661,51.3304,0.125362,2.2494,17.6157,-22.1509,2486.6235,2500.4235
Gabo-13,2501.3412,14.155,49.0444,0.143462,2.2949,16.8581,-21.9327,2486.7755,2500.5755
Gabo-13,2501.4936,14.1493,49.0842,0.163572,2.3167,16.0262,-21.6733,2486.9275,2500.7275
Gabo-13,2501.646,14.0065,49.1383,0.178474,2.3171,15.1925,-21.5337,2487.0794,2500.8794
Gabo-13,2501.7984,13.8428,49.4743,0.186923,2.3127,14.4741,-21.4604,2487.2314,2501.0314
Gabo-13,2501.9508,13.7794,50.6158,0.189719,2.3122,13.9832,-21.3556,2487.3834,2501.1834
Gabo-13,2502.1032,13.806,50.9257,0.191342,2.3118,13.7074,-21.197,2487.5354,2501.3354
Gabo-13,2502.2556,13.9164,51.1337,0.193462,2.3094,13.5492,-21.0351,2487.6874,2501.4874
Gabo-13,2502.408,14.0499,51.2195,0.196578,2.3065,13.4469,-20.8146,2487.8393,2501.6393
Gabo-13,2502.5604,14.1059,50.2938,0.204173,2.3022,13.3783,-20.4732,2487.9913,2501.7913
Gabo-13,2502.7128,13.8858,49.3999,0.217776,2.2909,13.3315,-20.174,2488.1433,2501.9433
Gabo-13,2502.8652,13.4368,49.9714,0.221727,2.2752,13.3017,-20.0102,2488.2953,2502.0953
Gabo-13,2503.0176,13.0337,51.6082,0.207998,2.266,13.2926,-19.9077,2488.4473,2502.2473
Gabo-13,2503.17,12.9013,53.4433,0.187612,2.267,13.3026,-19.7907,2488.5992,2502.3992
Gabo-13,2503.3224,12.7711,54.9956,0.182268,2.2661,13.3107,-19.6581,2488.7512,2502.5512
Gabo-13,2503.4748,12.7323,57.0156,0.190792,2.2557,13.2792,-19.4522,2488.9032,2502.7032
Gabo-13,2503.6272,12.7463,57.5257,0.203665,2.2386,13.1284,-19.1047,2489.0552,2502.8552
Gabo-13,2503.7796,12.7083,55.4684,0.221271,2.2199,12.757,-18.6044,2489.2071,2503.0071
Gabo-13,2503.932,12.5597,55.0144,0.251172,2.2071,12.0764,-17.9244,2489.3591,2503.1591
Gabo-13,2504.0844,12.7232,64.0493,0.2906,2.2127,11.1116,-16.8894,2489.5111,2503.3111
Gabo-13,2504.2368,13.2337,82.0583,0.333195,2.2416,9.974,-15.4606,2489.6631,2503.4631
Gabo-13,2504.3892,13.8699,104.1162,0.375015,2.2869,8.7715,-13.7745,2489.8151,2503.6151
Gabo-13,2504.5416,14.1696,119.8863,0.400879,2.3313,7.6273,-12.1608,2489.967,2503.767
Gabo-13,2504.694,13.8903,124.3992,0.381831,2.3505,6.7111,-11.1946,2490.119,2503.919
Gabo-13,2504.8464,13.3458,118.7933,0.337593,2.333,6.1466,-11.2388,2490.271,2504.071
Gabo-13,2504.9988,12.8488,106.2139,0.296782,2.2823,5.9854,-12.3099,2490.423,2504.223
Gabo-13,2505.1512,12.698,91.5529,0.260279,2.2172,6.2721,-14.1039,2490.5749,2504.3749
Gabo-13,2505.3036,12.6884,78.603,0.211248,2.1723,7.1374,-15.9664,2490.7269,2504.5269
Gabo-13,2505.456,12.6586,66.8511,0.158133,2.1597,8.8087,-17.57,2490.8789,2504.6789
Gabo-13,2505.6084,12.5709,55.9821,0.119219,2.1667,11.544,-18.9936,2491.0309,2504.8309
Gabo-13,2505.7608,12.4047,46.4277,0.101538,2.1715,15.5735,-20.2726,2491.1828,2504.9828
Gabo-13,2505.9132,12.2918,41.8777,0.095134,2.1593,20.8924,-21.1313,2491.3348,2505.1348
Gabo-13,2506.0656,12.2442,41.1822,0.090836,2.1456,26.9641,-21.6054,2491.4868,2505.2868
Gabo-13,2506.218,12.2437,41.3856,0.088624,2.1457,33.1413,-21.8243,2491.6388,2505.4388
Gabo-13,2506.3704,12.2822,40.4328,0.090515,2.1604,38.9359,-21.8359,2491.7908,2505.5908
Gabo-13,2506.5228,12.31,39.135,0.096917,2.1809,44.0296,-21.788,2491.9427,2505.7427
Gabo-13,2506.6752,12.351,37.5717,0.109563,2.204,48.3182,-21.8779,2492.0947,2505.8947
Gabo-13,2506.8276,12.3919,35.8311,0.122345,2.2316,51.73,-21.9476,2492.2467,2506.0467
Gabo-13,2506.98,12.4108,34.576,0.125439,2.2616,54.0988,-21.8408,2492.3987,2506.1987
Gabo-13,2507.1324,12.414,36.3176,0.115673,2.2827,55.346,-21.7282,2492.5506,2506.3506
Gabo-13,2507.2848,12.414,37.8652,0.103695,2.2858,55.9055,-21.7081,2492.7026,2506.5026
Gabo-13,2507.4372,12.4389,36.5984,0.095748,2.2769,55.9479,-21.7037,2492.8546,2506.6546
Gabo-13,2507.5896,12.4883,33.6306,0.092959,2.2669,55.3588,-21.691,2493.0065,2506.8065
Gabo-13,2507.742,12.5124,34.6287,0.095876,2.2631,54.0996,-21.7415,2493.1585,2506.9585
Gabo-13,2507.8944,12.5413,38.7089,0.099624,2.2647,52.3469,-21.8257,2493.3105,2507.1105
Gabo-13,2508.0468,12.5719,42.232,0.100926,2.2684,50.3353,-21.8208,2493.4625,2507.2625
Gabo-13,2508.1992,12.575,43.705,0.101113,2.2737,48.1562,-21.7659,2493.6144,2507.4144
Gabo-13,2508.3516,12.5119,42.646,0.102409,2.2796,45.9682,-21.8298,2493.7664,2507.5664
Gabo-13,2508.504,12.4506,41.2436,0.103572,2.2808,44.3352,-22.0312,2493.9184,2507.7184
Gabo-13,2508.6564,12.4337,39.8351,0.103066,2.2786,43.498,-22.2895,2494.0704,2507.8704
Gabo-13,2508.8088,12.4695,38.4387,0.101895,2.28,43.2262,-22.5261,2494.2223,2508.0223
Gabo-13,2508.9612,12.5594,37.4153,0.101971,2.2889,43.3098,-22.6608,2494.3743,2508.1743
Gabo-13,2509.1136,12.5959,37.4436,0.103946,2.2975,43.9234,-22.6263,2494.5263,2508.3263
Gabo-13,2509.266,12.6011,38.9564,0.1081,2.297,45.0939,-22.4665,2494.6782,2508.4782
Gabo-13,2509.4184,12.6212,41.536,0.11472,2.288,46.8213,-22.3014,2494.8302,2508.6302
Gabo-13,2509.5708,12.6687,44.216,0.121283,2.2766,49.2621,-22.1988,2494.9822,2508.7822
Gabo-13,2509.7232,12.6315,42.4822,0.121218,2.2673,52.6377,-22.0795,2495.1342,2508.9342
Gabo-13,2509.8756,12.5353,37.7077,0.114979,2.2544,56.8263,-21.8625,2495.2861,2509.0861
Gabo-13,2510.028,12.4536,34.6981,0.108771,2.2344,61.3826,-21.6476,2495.4381,2509.2381
Gabo-13,2510.1804,12.4194,35.684,0.106522,2.2116,65.8305,-21.5162,2495.5901,2509.3901
Gabo-13,2510.3328,12.414,37.4885,0.107233,2.1956,69.6633,-21.4006,2495.7421,2509.5421
Gabo-13,2510.4852,12.414,36.0429,0.108012,2.1932,72.4194,-21.2794,2495.894,2509.694
Gabo-13,2510.6376,12.414,32.6453,0.107892,2.2022,73.873,-21.1479,2496.046,2509.846
Gabo-13,2510.79,12.4103,30.1444,0.106174,2.2144,73.7689,-21.0157,2496.198,2509.998
Gabo-13,2510.9424,12.3912,33.1112,0.102556,2.2219,71.8355,-20.9436,2496.3499,2510.1499
Gabo-13,2511.0948,12.3545,38.2828,0.100628,2.2271,68.5502,-20.9893,2496.5019,2510.3019
Gabo-13,2511.2472,12.3284,41.8474,0.100995,2.2319,64.7975,-21.1596,2496.6539,2510.4539
Gabo-13,2511.3996,12.3248,43.1431,0.100327,2.231,61.2758,-21.4619,2496.8059,2510.6059
Gabo-13,2511.552,12.3405,42.8412,0.094816,2.2181,58.495,-21.8889,2496.9579,2510.7579
Gabo-13,2511.7044,12.3791,38.5751,0.084624,2.1965,56.6615,-22.3325,2497.1098,2510.9098
Gabo-13,2511.8568,12.4099,34.3517,0.073779,2.1733,55.682,-22.7135,2497.2618,2511.0618
Gabo-13,2512.0092,12.4511,32.8034,0.064165,2.1527,55.5299,-23.0712,2497.4138,2511.2138
Gabo-13,2512.1616,12.5448,34.6144,0.055715,2.1364,56.2424,-23.5375,2497.5658,2511.3658
Gabo-13,2512.314,12.5904,36.6246,0.049244,2.1231,57.6499,-24.1884,2497.7178,2511.5178
Gabo-13,2512.4664,12.6004,38.2087,0.044793,2.1091,59.453,-24.7468,2497.8697,2511.6697
Gabo-13,2512.6188,12.6209,38.6553,0.042682,2.0932,61.644,-25.0633,2498.0217,2511.8217
Gabo-13,2512.7712,12.6706,37.2862,0.044302,2.0815,64.4672,-25.1797,2498.1737,2511.9737
Gabo-13,2512.9236,12.6763,37.044,0.051213,2.0891,68.131,-25.1489,2498.3257,2512.1257
Gabo-13,2513.076,12.6191,35.3241,0.06297,2.1178,72.2214,-25.0679,2498.4777,2512.2777
Gabo-13,2513.2284,12.6562,32.7891,0.079982,2.1537,75.8293,-24.9316,2498.6297,2512.4297
Gabo-13,2513.3808,12.887,30.7893,0.10315,2.185,78.2906,-24.8021,2498.7816,2512.5816
Gabo-13,2513.5332,13.2215,28.0583,0.131561,2.2091,79.3482,-24.748,2498.9336,2512.7336
Gabo-13,2513.6856,13.4248,29.1189,0.160245,2.2256,78.9665,-24.3842,2499.0856,2512.8856
Gabo-13,2513.838,13.4792,33.2754,0.180298,2.232,77.8565,-23.9369,2499.2376,2513.0376
Gabo-13,2513.9904,13.423,38.2916,0.186832,2.2289,76.9742,-23.8569,2499.3896,2513.1896
Gabo-13,2514.1428,13.2721,42.0702,0.184463,2.2233,77.4113,-24.1471,2499.5416,2513.3416
Gabo-13,2514.2952,13.0971,43.5311,0.185908,2.2226,80.1829,-24.404,2499.6936,2513.4936
Gabo-13,2514.4476,12.8587,42.6062,0.194235,2.2263,84.6512,-24.5221,2499.8456,2513.6456
Gabo-13,2514.6,12.5839,40.3978,0.203525,2.2313,89.4481,-24.545,2499.9976,2513.7976
Gabo-13,2514.7524,12.391,39.0398,0.208289,2.2337,93.2665,-24.461,2500.1495,2513.9495
Gabo-13,2514.9048,12.3549,36.6823,0.210359,2.2277,95.1642,-24.3451,2500.3015,2514.1015
Gabo-13,2515.0572,12.4977,33.6058,0.211376,2.214,95.0826,-24.273,2500.4535,2514.2535
Gabo-13,2515.2096,12.7349,31.6379,0.21309,2.2009,93.0861,-24.1418,2500.6055,2514.4055
Gabo-13,2515.362,12.9342,32.6104,0.216914,2.1981,89.4347,-23.8363,2500.7575,2514.5575
Gabo-13,2515.5144,12.8226,36.5377,0.22042,2.209,85.5464,-23.5159,2500.9095,2514.7095
Gabo-13,2515.6668,12.5816,39.9557,0.223373,2.2238,82.9697,-23.364,2501.0615,2514.8615
Gabo-13,2515.8192,12.3923,41.4581,0.226034,2.2322,82.0314,-23.3813,2501.2135,2515.0135
Gabo-13,2515.9716,12.3273,40.9612,0.228359,2.2297,82.1617,-23.4338,2501.3655,2515.1655
Gabo-13,2516.124,12.32,39.0946,0.230239,2.2184,82.3493,-23.3667,2501.5175,2515.3175
Gabo-13,2516.2764,12.32,36.8425,0.228161,2.203,82.0011,-23.2577,2501.6695,2515.4695
Gabo-13,2516.4288,12.3297,35.201,0.222112,2.1878,81.4436,-23.1248,2501.8215,2515.6215
Gabo-13,2516.5812,12.3552,34.5691,0.216458,2.1776,81.6937,-22.9346,2501.9735,2515.7735
Gabo-13,2516.7336,12.3894,34.2472,0.218443,2.1769,84.3897,-22.7816,2502.1255,2515.9255
Gabo-13,2516.886,12.4076,33.9525,0.233197,2.1796,90.5258,-22.7776,2502.2775,2516.0775
Gabo-13,2517.0384,12.4326,32.9036,0.254918,2.1792,99.4,-22.8202,2502.4295,2516.2295
Gabo-13,2517.1908,12.4799,31.4834,0.269372,2.1759,109.5271,-22.8062,2502.5815,2516.3815
Gabo-13,2517.3432,12.5411,32.2476,0.264463,2.1748,119.0926,-22.7572,2502.7335,2516.5335
Gabo-13,2517.4956,12.5797,32.5083,0.249955,2.1796,126.2521,-22.7044,2502.8855,2516.6855
Gabo-13,2517.648,12.5958,31.7256,0.235114,2.1879,129.3887,-22.6666,2503.0375,2516.8375
Gabo-13,2517.8004,12.5862,31.557,0.221708,2.1965,127.1548,-22.6543,2503.1895,2516.9895
Gabo-13,2517.9528,12.5328,34.5225,0.213819,2.2037,118.6488,-22.6603,2503.3415,2517.1415
Gabo-13,2518.1052,12.4471,38.7199,0.217937,2.2068,104.8458,-22.6388,2503.4935,2517.2935
Gabo-13,2518.2576,12.354,41.232,0.224368,2.2053,88.6296,-22.5447,2503.6455,2517.4455
Gabo-13,2518.41,12.2764,43.1536,0.226606,2.2044,72.0964,-22.4748,2503.7976,2517.5976
Gabo-13,2518.5624,12.2352,47.1139,0.230098,2.2117,56.4718,-22.5278,2503.9496,2517.7496
Gabo-13,2518.7148,12.2281,54.1635,0.243388,2.2286,43.2699,-22.598,2504.1016,2517.9016
Gabo-13,2518.8672,12.2095,60.9832,0.260989,2.2457,33.6054,-22.6852,2504.2536,2518.0536
Gabo-13,2519.0196,12.1924,64.821,0.268045,2.2539,27.7116,-22.8385,2504.4056,2518.2056
Gabo-13,2519.172,12.208,64.0556,0.25801,2.2481,25.4456,-23.0669,2504.5576,2518.3576
Gabo-13,2519.3244,12.2739,56.903,0.244982,2.2284,26.5088,-23.3401,2504.7096,2518.5096
Gabo-13,2519.4768,12.3388,47.2101,0.24463,2.2071,30.1509,-23.5926,2504.8616,2518.6616
Gabo-13,2519.6292,12.3985,39.0788,0.252805,2.1922,35.5084,-23.944,2505.0136,2518.8136
Gabo-13,2519.7816,12.46,34.0495,0.258891,2.1829,41.9159,-24.4541,2505.1657,2518.9657
Gabo-13,2519.934,12.4964,30.7435,0.257141,2.1735,48.6585,-24.9486,2505.3177,2519.1177
Gabo-13,2520.0864,12.5254,30.4624,0.246859,2.1619,54.743,-25.3663,2505.4697,2519.2697
Gabo-13,2520.2388,12.5598,33.4615,0.234252,2.1518,59.2994,-25.7001,2505.6217,2519.4217
Gabo-13,2520.3912,12.6014,37.5988,0.226866,2.1477,61.9435,-25.8945,2505.7737,2519.5737
Gabo-13,2520.5436,12.6515,37.3096,0.227816,2.1529,62.8023,-25.9513,2505.9257,2519.7257
Gabo-13,2520.696,12.783,35.2777,0.231002,2.1679,62.4519,-26.0386,2506.0778,2519.8778
Gabo-13,2520.8484,12.8514,34.1432,0.232928,2.1898,61.1773,-26.1092,2506.2298,2520.0298
Gabo-13,2521.0008,12.7988,34.7833,0.236067,2.2118,58.6495,-26.0635,2506.3818,2520.1818
Gabo-13,2521.1532,12.6726,38.0402,0.244144,2.2225,54.4843,-25.9553,2506.5338,2520.3338
Gabo-13,2521.3056,12.5987,37.6706,0.256777,2.2146,49.2774,-25.9433,2506.6858,2520.4858
Gabo-13,2521.458,12.5355,36.0108,0.269322,2.1946,44.0605,-26.0264,2506.8379,2520.6379
Gabo-13,2521.6104,12.4571,35.0063,0.276231,2.1738,39.4793,-26.1573,2506.9899,2520.7899
Gabo-13,2521.7628,12.3761,34.6486,0.27416,2.161,35.9626,-26.3369,2507.1419,2520.9419
Gabo-13,2521.9152,12.3505,35.0338,0.264522,2.1595,34.1438,-26.5405,2507.2939,2521.0939
Gabo-13,2522.0676,12.373,37.6397,0.24912,2.1644,34.5913,-26.6567,2507.4459,2521.2459
Gabo-13,2522.22,12.3758,40.4458,0.230662,2.1733,37.1334,-26.6747,2507.598,2521.398
Gabo-13,2522.3724,12.3086,40.724,0.21667,2.1871,41.173,-26.7252,2507.75,2521.55
Gabo-13,2522.5248,12.2215,36.7784,0.216832,2.2036,45.9411,-26.9434,2507.902,2521.702
Gabo-13,2522.6772,12.2014,32.7864,0.223047,2.2135,50.3977,-27.1782,2508.054,2521.854
Gabo-13,2522.8296,12.2241,30.77,0.225679,2.214,53.5895,-27.339,2508.2061,2522.0061
Gabo-13,2522.982,12.2484,30.4154,0.223134,2.2081,54.6972,-27.4475,2508.3581,2522.1581
Gabo-13,2523.1344,12.2479,29.2197,0.217202,2.1985,53.1287,-27.493,2508.5101,2522.3101
Gabo-13,2523.2868,12.2365,28.9987,0.209146,2.1868,49.5216,-27.466,2508.6622,2522.4622
Gabo-13,2523.4392,12.2434,29.9901,0.20286,2.1787,44.8475,-27.4179,2508.8142,2522.6142
Gabo-13,2523.5916,12.2817,31.5054,0.201541,2.1801,39.6702,-27.3974,2508.9662,2522.7662
Gabo-13,2523.744,12.3533,32.865,0.204637,2.1912,34.4232,-27.384,2509.1183,2522.9183
Gabo-13,2523.8964,12.411,33.1135,0.209152,2.2001,29.5613,-27.3048,2509.2703,2523.0703
Gabo-13,2524.0488,12.4589,32.3615,0.214166,2.1995,25.1544,-27.2409,2509.4223,2523.2223
Gabo-13,2524.2012,12.4883,30.6657,0.215464,2.1917,21.1399,-27.2559,2509.5743,2523.3743
Gabo-13,2524.3536,12.4625,27.7839,0.20692,2.1838,17.5468,-27.2754,2509.7264,2523.5264
Gabo-13,2524.506,12.4708,27.3863,0.192742,2.1806,14.4243,-27.1981,2509.8784,2523.6784
Gabo-13,2524.6584,12.5701,28.3792,0.18347,2.1829,11.7729,-27.1136,2510.0304,2523.8304
Gabo-13,2524.8108,12.6883,30.424,0.183441,2.1901,9.5502,-27.0326,2510.1825,2523.9825
Gabo-13,2524.9632,12.7185,34.2344,0.19191,2.2007,7.6935,-26.8991,2510.3345,2524.1345
Gabo-13,2525.1156,12.6738,34.8566,0.207491,2.2104,6.1294,-26.8013,2510.4866,2524.2866
Gabo-13,2525.268,12.6741,35.0632,0.226564,2.2136,4.801,-26.7678,2510.6386,2524.4386
Gabo-13,2525.4204,12.7267,37.0177,0.243114,2.2117,3.7315,-26.7701,2510.7906,2524.5906
Gabo-13,2525.5728,12.7832,40.8121,0.251759,2.2107,2.9779,-26.8129,2510.9427,2524.7427
Gabo-13,2525.7252,12.7003,44.1823,0.251281,2.2156,2.546,-26.9121,2511.0947,2524.8947
Gabo-13,2525.8776,12.6,50.459,0.246456,2.221,2.3397,-26.9737,2511.2468,2525.0468
Gabo-13,2526.03,12.5694,60.3788,0.240012,2.222,2.2596,-26.891,2511.3988,2525.1988
Gabo-13,2526.1824,12.6062,71.3638,0.231777,2.2212,2.251,-26.7217,2511.5508,2525.3508
Gabo-13,2526.3348,12.6267,74.3088,0.221798,2.2242,2.2782,-26.635,2511.7029,2525.5029
Gabo-13,2526.4872,12.6124,65.2614,0.211537,2.2299,2.3123,-26.5434,2511.8549,2525.6549
Gabo-13,2526.6396,12.6034,51.9251,0.202615,2.2318,2.3447,-26.4298,2512.007,2525.807
Gabo-13,2526.792,12.6113,40.0809,0.194761,2.2275,2.3758,-26.3903,2512.159,2525.959
Gabo-13,2526.9444,12.6102,33.1941,0.188078,2.2206,2.4071,-26.457,2512.311,2526.111
Gabo-13,2527.0968,12.5282,32.0692,0.187675,2.215,2.4431,-26.5154,2512.4631,2526.2631
Gabo-13,2527.2492,12.4509,34.043,0.194302,2.2116,2.4753,-26.5221,2512.6151,2526.4151
Gabo-13,2527.4016,12.421,35.9314,0.204306,2.2115,2.4923,-26.5299,2512.7672,2526.5672
Gabo-13,2527.554,12.4225,34.0258,0.215439,2.2155,2.4861,-26.5589,2512.9192,2526.7192
Gabo-13,2527.7064,12.4577,31.4578,0.22977,2.2183,2.4527,-26.5162,2513.0713,2526.8713
Gabo-13,2527.8588,12.4897,32.435,0.245165,2.2141,2.4085,-26.4557,2513.2233,2527.0233
Gabo-13,2528.0112,12.505,36.3925,0.259401,2.2035,2.3728,-26.5606,2513.3754,2527.1754
Gabo-13,2528.1636,12.5091,40.9295,0.267866,2.192,2.3546,-26.8464,2513.5274,2527.3274
Gabo-13,2528.316,12.5393,40.6004,0.259957,2.1872,2.3488,-27.0006,2513.6795,2527.4795
Gabo-13,2528.4684,12.5561,38.2491,0.242571,2.1941,2.3436,-27.0685,2513.8315,2527.6315
Gabo-13,2528.6208,12.569,35.9614,0.228576,2.2123,2.3304,-27.194,2513.9836,2527.7836
Gabo-13,2528.7732,12.6079,34.0706,0.220839,2.2349,2.309,-27.3078,2514.1356,2527.9356
Gabo-13,2528.9256,12.6808,32.8042,0.214482,2.2463,2.2831,-27.2368,2514.2877,2528.0877
Gabo-13,2529.078,12.7327,31.482,0.216149,2.24,2.2431,-27.1293,2514.4397,2528.2397
Gabo-13,2529.2304,12.7168,31.5717,0.22717,2.2243,2.1871,-27.1682,2514.5918,2528.3918
Gabo-13,2529.3828,12.6249,33.5867,0.23997,2.2098,2.1305,-27.2477,2514.7438,2528.5438
Gabo-13,2529.5352,12.5039,34.1186,0.246302,2.2033,2.1025,-27.1031,2514.8959,2528.6959
Gabo-13,2529.6876,12.4425,33.6739,0.246086,2.2038,2.1192,-26.885,2515.0479,2528.8479
Gabo-13,2529.84,12.4399,34.7538,0.243273,2.2085,2.1669,-26.7308,2515.2,2529
Gabo-13,2529.9924,12.4763,37.3078,0.238782,2.2136,2.22,-26.6474,2515.3521,2529.1521
Gabo-13,2530.1448,12.5403,38.2831,0.231563,2.2142,2.2593,-26.6456,2515.5041,2529.3041
Gabo-13,2530.2972,12.6258,36.0285,0.222772,2.21,2.2861,-26.6889,2515.6562,2529.4562
Gabo-13,2530.4496,12.7235,33.3903,0.210981,2.2072,2.293,-26.7331,2515.8082,2529.6082
Gabo-13,2530.602,12.7834,31.7381,0.199024,2.2098,2.2848,-26.687,2515.9603,2529.7603
Gabo-13,2530.7544,12.7195,30.9529,0.197791,2.2168,2.2706,-26.575,2516.1124,2529.9124
Gabo-13,2530.9068,12.6887,31.8638,0.215758,2.2237,2.2295,-26.7253,2516.2644,2530.0644
Gabo-13,2531.0592,12.6733,33.4873,0.238432,2.2282,2.178,-26.9962,2516.4165,2530.2165
Gabo-13,2531.2116,12.6187,34.9535,0.249267,2.2287,2.1347,-27.1489,2516.5685,2530.3685
Gabo-13,2531.364,12.5051,35.8085,0.243638,2.2233,2.0978,-27.1736,2516.7206,2530.5206
Gabo-13,2531.5164,12.4696,35.8295,0.228972,2.2107,2.0632,-27.1852,2516.8727,2530.6727
Gabo-13,2531.6688,12.5642,35.5174,0.212831,2.1957,2.0371,-27.2154,2517.0247,2530.8247
Gabo-13,2531.8212,12.731,35.1532,0.203639,2.1848,2.028,-27.2535,2517.1768,2530.9768
Gabo-13,2531.9736,12.9071,34.8017,0.206182,2.1813,2.0371,-27.3453,2517.3289,2531.1289
Gabo-13,2532.126,13.0275,34.3993,0.213868,2.1842,2.0542,-27.5139,2517.4809,2531.2809
Gabo-13,2532.2784,13.1408,34.1448,0.219673,2.1886,2.0707,-27.5484,2517.633,2531.433
Gabo-13,2532.4308,13.3269,34.327,0.228048,2.1907,2.0775,-27.5047,2517.7851,2531.5851
Gabo-13,2532.5832,13.5867,35.1269,0.242651,2.191,2.0717,-27.5438,2517.9371,2531.7371
Gabo-13,2532.7356,13.7521,36.7084,0.255739,2.1939,2.0574,-27.62,2518.0892,2531.8892
Gabo-13,2532.888,13.759,34.5648,0.258299,2.1998,2.0335,-27.6215,2518.2413,2532.0413
Gabo-13,2533.0404,13.6974,31.1202,0.25585,2.2046,2.008,-27.5818,2518.3933,2532.1933
Gabo-13,2533.1928,13.645,29.0244,0.252957,2.2026,1.9931,-27.5427,2518.5454,2532.3454
Gabo-13,2533.3452,13.6756,29.1674,0.247699,2.1906,1.9981,-27.4529,2518.6975,2532.4975
Gabo-13,2533.4976,13.8316,30.2993,0.244387,2.177,2.0291,-27.3015,2518.8495,2532.6495
Gabo-13,2533.65,14.0118,31.346,0.244223,2.1703,2.0952,-27.2759,2519.0016,2532.8016
Gabo-13,2533.8024,14.1191,32.2145,0.243551,2.1739,2.2047,-27.389,2519.1537,2532.9537
Gabo-13,2533.9548,14.0681,33.1842,0.241207,2.1871,2.3533,-27.4724,2519.3057,2533.1057
Gabo-13,2534.1072,13.8404,34.437,0.244348,2.2022,2.5085,-27.5371,2519.4578,2533.2578
Gabo-13,2534.2596,13.661,35.9893,0.25528,2.2097,2.6456,-27.6664,2519.6099,2533.4099
Gabo-13,2534.412,13.5186,38.0059,0.266586,2.2087,2.7614,-27.7786,2519.762,2533.562
Gabo-13,2534.5644,13.2796,40.5903,0.27157,2.2029,2.8579,-27.735,2519.914,2533.714
Gabo-13,2534.7168,12.8658,41.2629,0.271222,2.1906,2.929,-27.6028,2520.0661,2533.8661
Gabo-13,2534.8692,12.6064,39.8565,0.260443,2.1701,2.9679,-27.5985,2520.2182,2534.0182
Gabo-13,2535.0216,12.5498,37.2433,0.238798,2.1501,2.9786,-27.6027,2520.3703,2534.1703
Gabo-13,2535.174,12.6028,34.0708,0.218701,2.1421,2.9678,-27.4846,2520.5223,2534.3223
Gabo-13,2535.3264,12.6444,31.1599,0.220274,2.1478,2.9362,-27.4215,2520.6744,2534.4744
Gabo-13,2535.4788,12.5291,29.8104,0.240746,2.1571,2.8812,-27.3265,2520.8265,2534.6265
Gabo-13,2535.6312,12.3675,29.6918,0.26266,2.161,2.795,-27.1774,2520.9786,2534.7786
Gabo-13,2535.7836,12.2809,30.187,0.271026,2.1561,2.6674,-27.0927,2521.1307,2534.9307
Gabo-13,2535.936,12.3319,30.8454,0.260424,2.1445,2.4964,-27.1024,2521.2827,2535.0827
Gabo-13,2536.0884,12.4225,32.7573,0.246255,2.1364,2.3039,-27.0389,2521.4348,2535.2348
Gabo-13,2536.2408,12.4825,33.8408,0.239611,2.1375,2.1163,-26.7872,2521.5869,2535.3869
Gabo-13,2536.3932,12.5,33.7889,0.237725,2.148,1.9463,-26.5209,2521.739,2535.539
Gabo-13,2536.5456,12.4844,35.6064,0.235929,2.1662,1.7994,-26.4771,2521.8911,2535.6911
Gabo-13,2536.698,12.582,36.9968,0.240522,2.1881,1.6851,-26.4153,2522.0432,2535.8432
Gabo-13,2536.8504,12.7163,36.251,0.249649,2.2099,1.6082,-26.2858,2522.1952,2535.9952
Gabo-13,2537.0028,12.7812,34.0863,0.25512,2.2291,1.5656,-26.2247,2522.3473,2536.1473
Gabo-13,2537.1552,12.6939,32.1778,0.253497,2.2427,1.5529,-26.2785,2522.4994,2536.2994
Gabo-13,2537.3076,12.594,32.514,0.249807,2.2473,1.5698,-26.3664,2522.6515,2536.4515
Gabo-13,2537.46,12.5705,32.5716,0.241597,2.2458,1.6151,-26.4089,2522.8036,2536.6036
Gabo-13,2537.6124,12.5963,31.7228,0.22476,2.2413,1.6834,-26.3677,2522.9557,2536.7557
Gabo-13,2537.7648,12.6248,30.8183,0.202106,2.2355,1.7591,-26.2065,2523.1078,2536.9078
Gabo-13,2537.9172,12.6965,31.6138,0.185399,2.2313,1.8124,-25.9289,2523.2598,2537.0598
Gabo-13,2538.0696,12.7897,32.7671,0.184719,2.2271,1.8358,-25.7015,2523.4119,2537.2119
Gabo-13,2538.222,12.938,32.4473,0.206145,2.2202,1.8409,-25.6022,2523.564,2537.364
Gabo-13,2538.3744,13.1635,29.9547,0.245023,2.2106,1.8344,-25.5981,2523.7161,2537.5161
Gabo-13,2538.5268,13.2823,27.7564,0.275189,2.202,1.8117,-25.6638,2523.8682,2537.6682
Gabo-13,2538.6792,13.3248,27.4845,0.275703,2.1968,1.7757,-25.7961,2524.0203,2537.8203
Gabo-13,2538.8316,13.451,27.7492,0.260918,2.1929,1.755,-25.9483,2524.1724,2537.9724
Gabo-13,2538.984,13.7152,27.4974,0.246566,2.1896,1.7717,-26.0281,2524.3245,2538.1245
Gabo-13,2539.1364,13.9847,27.1142,0.2308,2.1907,1.8205,-26.0348,2524.4766,2538.2766
Gabo-13,2539.2888,13.8471,27.5748,0.218383,2.1981,1.883,-26.2265,2524.6287,2538.4287
Gabo-13,2539.4412,13.4672,28.7088,0.213334,2.2082,1.9459,-26.556,2524.7807,2538.5807
Gabo-13,2539.5936,13.0879,29.9525,0.21256,2.2134,2.0028,-26.8306,2524.9328,2538.7328
Gabo-13,2539.746,12.9132,30.4794,0.213202,2.2096,2.0479,-26.978,2525.0849,2538.8849
Gabo-13,2539.8984,12.8619,32.4675,0.219087,2.2092,2.0698,-26.9932,2525.237,2539.037
Gabo-13,2540.0508,12.7376,35.2061,0.224939,2.221,2.0576,-26.8276,2525.3891,2539.1891
Gabo-13,2540.2032,12.5857,37.2492,0.224901,2.2363,2.0199,-26.5677,2525.5412,2539.3412
Gabo-13,2540.3556,12.6027,37.3615,0.218383,2.239,1.9757,-26.407,2525.6933,2539.4933
Gabo-13,2540.508,12.6789,37.1335,0.209714,2.2278,1.9275,-26.3735,2525.8454,2539.6454
Gabo-13,2540.6604,12.7373,36.3054,0.213728,2.2185,1.8763,-26.3824,2525.9975,2539.7975
Gabo-13,2540.8128,12.7937,35.0278,0.239079,2.2216,1.8258,-26.4964,2526.1496,2539.9496
Gabo-13,2540.9652,12.872,33.9533,0.273052,2.2311,1.7838,-26.7738,2526.3017,2540.1017
Gabo-13,2541.1176,12.9216,32.3291,0.280953,2.2259,1.7643,-27.0262,2526.4538,2540.2538
Gabo-13,2541.27,12.9149,30.4962,0.263523,2.2046,1.7665,-27.1931,2526.6059,2540.4059
Gabo-13,2541.4224,12.8882,30.5334,0.244709,2.1796,1.7779,-27.3634,2526.758,2540.558
Gabo-13,2541.5748,12.8765,34.0826,0.238297,2.1598,1.7899,-27.4768,2526.9101,2540.7101
Gabo-13,2541.7272,12.875,41.0135,0.240546,2.1496,1.8013,-27.2604,2527.0622,2540.8622
Gabo-13,2541.8796,12.7843,47.543,0.245637,2.1522,1.8086,-26.7942,2527.2143,2541.0143
Gabo-13,2542.032,12.6275,50.9701,0.252133,2.1689,1.8112,-26.3677,2527.3664,2541.1664
Gabo-13,2542.1844,12.4752,50.565,0.256507,2.1961,1.811,-26.1311,2527.5185,2541.3185
Gabo-13,2542.3368,12.4515,47.135,0.251139,2.221,1.8087,-26.0464,2527.6706,2541.4706
Gabo-13,2542.4892,12.4815,42.033,0.236176,2.2286,1.8055,-26.0136,2527.8227,2541.6227
Gabo-13,2542.6416,12.4787,36.7437,0.219991,2.2255,1.8001,-26.0417,2527.9748,2541.7748
Gabo-13,2542.794,12.4545,32.7398,0.210044,2.2243,1.7957,-26.1304,2528.1269,2541.9269
Gabo-13,2542.9464,12.4995,32.3128,0.211274,2.2269,1.8016,-26.1964,2528.279,2542.079
Gabo-13,2543.0988,12.5148,33.0004,0.22327,2.2222,1.8183,-26.2003,2528.4311,2542.2311
Gabo-13,2543.2512,12.4804,32.7348,0.234929,2.2112,1.8342,-26.1938,2528.5832,2542.3832
Gabo-13,2543.4036,12.3958,31.7696,0.238978,2.2015,1.846,-26.0991,2528.7353,2542.5353
Gabo-13,2543.556,12.238,31.2355,0.237947,2.1963,1.863,-25.765,2528.8874,2542.6874
Gabo-13,2543.7084,12.2569,33.4346,0.238804,2.1929,1.8985,-25.2406,2529.0395,2542.8395
Gabo-13,2543.8608,12.4825,38.3515,0.239138,2.1929,1.9546,-24.6224,2529.1916,2542.9916
Gabo-13,2544.0132,12.7469,44.8414,0.236185,2.1978,2.0251,-23.9339,2529.3437,2543.1437
Gabo-13,2544.1656,12.8735,51.7362,0.230574,2.2063,2.1153,-23.1669,2529.4958,2543.2958
Gabo-13,2544.318,12.8712,57.4905,0.224163,2.2149,2.2557,-22.2598,2529.6479,2543.4479
Gabo-13,2544.4704,12.9031,66.7657,0.22461,2.2262,2.455,-20.9874,2529.8,2543.6
Gabo-13,2544.6228,13.0761,80.7675,0.239534,2.2516,2.6992,-19.0448,2529.9521,2543.7521
Gabo-13,2544.7752,13.4088,98.4429,0.267308,2.3023,2.9618,-16.3737,2530.1042,2543.9042
Gabo-13,2544.9276,13.6903,117.0697,0.294455,2.3756,3.2092,-13.4727,2530.2563,2544.0563
Gabo-13,2545.08,13.6685,127.2924,0.318622,2.4432,3.4398,-10.971,2530.4084,2544.2084
Gabo-13,2545.2324,13.5884,129.1404,0.354903,2.4736,3.6494,-8.9141,2530.5605,2544.3605
Gabo-13,2545.3848,13.6568,126.9417,0.401282,2.4585,3.8192,-7.1439,2530.7126,2544.5126
Gabo-13,2545.5372,13.853,129.3719,0.425963,2.4183,3.928,-5.6532,2530.8647,2544.6647
Gabo-13,2545.6896,13.9861,133.1988,0.419451,2.3831,3.9699,-4.3851,2531.0168,2544.8168
Gabo-13,2545.842,13.9262,131.8033,0.413773,2.3614,3.9602,-3.2312,2531.1689,2544.9689
Gabo-13,2545.9944,13.759,124.8515,0.439747,2.3424,3.9158,-2.273,2531.321,2545.121
Gabo-13,2546.1468,13.7964,117.4829,0.495799,2.31,3.853,-1.6206,2531.4731,2545.2731
Gabo-13,2546.2992,13.6632,117.7416,0.53182,2.2629,3.7933,-0.9783,2531.6252,2545.4252
Gabo-13,2546.4516,13.5458,120.7771,0.524687,2.2237,3.7428,-0.3332,2531.7773,2545.5773
Gabo-13,2546.604,13.587,122.4219,0.506278,2.2198,3.6991,0.1451,2531.9294,2545.7294
Gabo-13,2546.7564,13.7463,121.1129,0.511112,2.2637,3.6618,0.3925,2532.0815,2545.8815
Gabo-13,2546.9088,14.0358,119.4347,0.516023,2.3254,3.6295,0.477,2532.2336,2546.0336
Gabo-13,2547.0612,14.3724,121.4713,0.512836,2.3658,3.5938,0.5145,2532.3857,2546.1857
Gabo-13,2547.2136,14.502,125.5686,0.50671,2.3787,3.5489,0.5005,2532.5378,2546.3378
Gabo-13,2547.366,14.1892,128.4606,0.500034,2.3749,3.4995,0.4452,2532.6899,2546.4899
Gabo-13,2547.5184,13.9271,133.8399,0.498002,2.359,3.4635,0.5102,2532.842,2546.642
Gabo-13,2547.6708,13.8027,139.3211,0.489753,2.3349,3.4503,0.607,2532.9941,2546.7941
Gabo-13,2547.8232,13.8169,142.5096,0.46621,2.3044,3.4578,0.5744,2533.1462,2546.9462
Gabo-13,2547.9756,13.9573,143.0009,0.441162,2.2703,3.4813,0.3828,2533.2984,2547.0984
Gabo-13,2548.128,13.8385,143.182,0.447064,2.2434,3.5172,0.1312,2533.4505,2547.2505
Gabo-13,2548.2804,13.9831,140.7789,0.479871,2.23,3.5631,-0.0693,2533.6026,2547.4026
Gabo-13,2548.4328,14.1056,137.9134,0.522749,2.2235,3.6175,-0.1727,2533.7547,2547.5547
Gabo-13,2548.5852,13.9434,136.1941,0.580924,2.2226,3.6847,-0.1801,2533.9068,2547.7068
Gabo-13,2548.7376,13.902,133.0356,0.658521,2.2376,3.7723,-0.1634,2534.0589,2547.8589
Gabo-13,2548.89,13.9023,126.3844,0.708583,2.2621,3.8763,-0.2482,2534.211,2548.011
Gabo-13,2549.0424,13.7059,115.0838,0.734368,2.2672,3.9866,-0.3338,2534.3631,2548.1631
Gabo-13,2549.1948,13.3531,102.1461,0.779495,2.2303,4.084,-0.3187,2534.5152,2548.3152
Gabo-13,2549.3472,13.1442,96.238,0.860439,2.1447,4.1464,-0.2855,2534.6673,2548.4673
Gabo-13,2549.4996,13.1209,96.3547,0.916426,2.0305,4.1834,-0.3943,2534.8198,2548.6198
Gabo-13,2549.652,13.1527,101.5294,0.902412,1.934,4.2128,-0.6448,2534.9715,2548.7715
Gabo-13,2549.8044,13.2618,110.1316,0.823388,1.8949,4.2385,-0.9837,2535.1236,2548.9236
Gabo-13,2549.9568,13.5657,118.9746,0.704418,1.9323,4.2472,-1.4278,2535.2757,2549.0757
Gabo-13,2550.1092,13.1502,117.4681,0.575902,2.035,4.212,-2.0583,2535.4278,2549.2278
Gabo-13,2550.2616,12.6415,107.8538,0.475575,2.1686,4.1494,-2.8632,2535.5799,2549.3799
Gabo-13,2550.414,12.406,97.7802,0.431356,2.2882,4.0977,-3.8307,2535.7321,2549.5321
Gabo-13,2550.5664,12.4152,94.0238,0.453029,2.3442,4.0846,-4.8622,2535.8842,2549.6842
Gabo-13,2550.7188,12.577,100.9967,0.531251,2.3011,4.1072,-5.621,2536.0363,2549.8363
Gabo-13,2550.8712,12.6155,108.1272,0.642957,2.1923,4.1225,-6.0479,2536.1884,2549.9884
Gabo-13,2551.0236,12.571,113.1362,0.729569,2.072,4.0994,-6.3878,2536.3405,2550.1405
Gabo-13,2551.176,12.5636,118.3518,0.742358,1.9829,4.0372,-6.9063,2536.4926,2550.2926
Gabo-13,2551.3284,12.6116,126.9352,0.701959,1.965,3.9408,-7.8071,2536.6447,2550.4447
Gabo-13,2551.4808,12.6208,128.9234,0.670724,2.0286,3.7689,-9.2214,2536.7968,2550.5968
Gabo-13,2551.6332,12.5866,121.8023,0.635578,2.1322,3.4853,-11.2775,2536.9489,2550.7489
Gabo-13,2551.7856,12.5094,108.0069,0.556531,2.2204,3.0958,-13.9908,2537.101,2550.901
Gabo-13,2551.938,12.3101,92.7814,0.441576,2.2517,2.6574,-17.0576,2537.2531,2551.0531
Gabo-13,2552.0904,12.1829,84.6025,0.349859,2.2322,2.2577,-19.8738,2537.4052,2551.2052
Gabo-13,2552.2428,12.1404,78.7903,0.306669,2.1958,1.9361,-22.1719,2537.5574,2551.3574
Gabo-13,2552.3952,12.133,72.1822,0.30224,2.1657,1.701,-23.9293,2537.7095,2551.5095
Gabo-13,2552.5476,12.133,66.4925,0.316531,2.1485,1.5596,-25.1443,2537.8616,2551.6616
Gabo-13,2552.7,12.133,61.0731,0.323698,2.1387,1.4985,-25.9569,2538.0137,2551.8137
Gabo-13,2552.8524,12.133,55.3874,0.311398,2.1329,1.4815,-26.5768,2538.1658,2551.9658
Gabo-13,2553.0048,12.133,49.9076,0.285651,2.1322,1.4828,-27.0463,2538.3179,2552.1179
Gabo-13,2553.1572,12.133,45.4292,0.262459,2.1358,1.4904,-27.3353,2538.47,2552.27
Gabo-13,2553.3096,12.133,47.5019,0.257074,2.1391,1.4975,-27.5889,2538.6221,2552.4221
Gabo-13,2553.462,12.133,52.9107,0.266806,2.1402,1.506,-27.9385,2538.7742,2552.5742
Gabo-13,2553.6144,12.1259,59.6606,0.281836,2.1405,1.5195,-28.3439,2538.9263,2552.7263
Gabo-13,2553.7668,12.1039,67.4783,0.294139,2.1417,1.5391,-28.6997,2539.0784,2552.8784
Gabo-13,2553.9192,12.0795,72.0969,0.297906,2.145,1.5626,-28.9539,2539.2306,2553.0306
Gabo-13,2554.0716,12.067,71.2932,0.29218,2.1481,1.5884,-29.1118,2539.3827,2553.1827
Gabo-13,2554.224,12.0628,64.6156,0.276955,2.1497,1.623,-29.1818,2539.5348,2553.3348
Gabo-13,2554.3764,12.0604,53.5345,0.256919,2.1513,1.6672,-29.2156,2539.6869,2553.4869
Gabo-13,2554.5288,12.0581,49.1047,0.243636,2.1546,1.7062,-29.3051,2539.839,2553.639
Gabo-13,2554.6812,12.0776,48.7857,0.237123,2.1562,1.7289,-29.3657,2539.9911,2553.7911
Gabo-13,2554.8336,12.1063,47.2352,0.234873,2.1537,1.7341,-29.3088,2540.1432,2553.9432
Gabo-13,2554.986,12.1279,43.6713,0.242044,2.1485,1.7288,-29.195,2540.2953,2554.0953
Gabo-13,2555.1384,12.133,42.376,0.267314,2.1441,1.7274,-29.1492,2540.4475,2554.2475
Gabo-13,2555.2908,12.133,43.7398,0.303507,2.1417,1.7382,-29.1217,2540.5996,2554.3996
Gabo-13,2555.4432,12.133,43.4688,0.329837,2.1397,1.761,-29.0979,2540.7517,2554.5517
Gabo-13,2555.5956,12.133,40.4789,0.332425,2.137,1.7882,-29.1211,2540.9038,2554.7038
Gabo-13,2555.748,12.133,37.0694,0.313483,2.1356,1.8103,-29.1676,2541.0559,2554.8559
Gabo-13,2555.9004,12.133,36.6962,0.292585,2.141,1.8282,-29.1128,2541.208,2555.008
Gabo-13,2556.0528,12.133,36.629,0.277854,2.156,1.8386,-28.978,2541.3601,2555.1601
Gabo-13,2556.2052,12.133,35.9797,0.268686,2.1762,1.835,-28.9113,2541.5122,2555.3122
Gabo-13,2556.3576,12.133,35.9901,0.266072,2.191,1.8161,-28.9768,2541.6644,2555.4644
Gabo-13,2556.51,12.133,38.2663,0.272673,2.1893,1.7911,-29.0167,2541.8165,2555.6165
Gabo-13,2556.6624,12.1288,43.5294,0.288158,2.1761,1.7709,-29.061,2541.9686,2555.7686
Gabo-13,2556.8148,12.1122,50.0539,0.301853,2.162,1.7589,-29.1584,2542.1207,2555.9207
Gabo-13,2556.9672,12.0769,55.5969,0.300716,2.154,1.7511,-29.2264,2542.2728,2556.0728
Gabo-13,2557.1196,12.0503,59.1936,0.285985,2.1543,1.7388,-29.1806,2542.4249,2556.2249
Gabo-13,2557.272,12.0562,61.4346,0.276672,2.1592,1.7223,-29.16,2542.577,2556.377
Gabo-13,2557.4244,12.0859,63.9346,0.28302,2.1655,1.6999,-29.2073,2542.7291,2556.5291
Gabo-13,2557.5768,12.1227,67.0212,0.301314,2.1705,1.6702,-29.2124,2542.8813,2556.6813
Gabo-13,2557.7292,12.133,65.3264,0.31989,2.1702,1.6385,-29.0957,2543.0334,2556.8334
Gabo-13,2557.8816,12.133,63.1585,0.329992,2.1652,1.6079,-28.9836,2543.1855,2556.9855
Gabo-13,2558.034,12.133,61.8104,0.3307,2.1613,1.5875,-28.9387,2543.3376,2557.1376
Gabo-13,2558.1864,12.133,61.0669,0.32152,2.1623,1.5916,-28.9217,2543.4897,2557.2897
Gabo-13,2558.3388,12.133,62.8531,0.30373,2.1665,1.6285,-28.8983,2543.6418,2557.4418
Gabo-13,2558.4912,12.133,62.9894,0.291797,2.1688,1.6804,-28.8457,2543.7939,2557.5939
Gabo-13,2558.6436,12.133,61.2977,0.291667,2.169,1.7271,-28.647,2543.9461,2557.7461
Gabo-13,2558.796,12.133,59.0791,0.29493,2.1703,1.7623,-28.2237,2544.0982,2557.8982
Gabo-13,2558.9484,12.133,57.3523,0.292285,2.1751,1.7944,-27.6551,2544.2503,2558.0503
Gabo-13,2559.1008,12.133,56.4606,0.289566,2.182,1.8424,-27.1365,2544.4024,2558.2024
Gabo-13,2559.2532,12.133,60.0309,0.288835,2.1891,1.9009,-26.6339,2544.5545,2558.3545
Gabo-13,2559.4056,12.1425,68.5891,0.287556,2.197,1.9522,-26.0457,2544.7066,2558.5066
Gabo-13,2559.558,12.1764,80.338,0.288776,2.212,1.9856,-25.4364,2544.8588,2558.6588
Gabo-13,2559.7104,12.1968,81.4997,0.300359,2.246,2.0107,-25.0847,2545.0109,2558.8109
Gabo-13,2559.8628,12.1772,76.955,0.310202,2.2902,2.0517,-25.0278,2545.163,2558.963
Gabo-13,2560.0152,12.1443,72.5064,0.303841,2.3169,2.12,-25.072,2545.3151,2559.1151
Gabo-13,2560.1676,12.1336,70.6638,0.281736,2.3038,2.208,-24.9651,2545.4672,2559.2672
Gabo-13,2560.32,12.133,73.3928,0.262692,2.2594,2.2981,-24.4737,2545.6193,2559.4193
Gabo-13,2560.4724,12.1454,76.7047,0.259614,2.2211,2.3955,-23.6517,2545.7715,2559.5715
Gabo-13,2560.6248,12.1749,79.5542,0.270436,2.2132,2.5156,-22.7394,2545.9236,2559.7236
Gabo-13,2560.7772,12.2164,83.8486,0.288099,2.2368,2.6691,-21.8475,2546.0757,2559.8757
Gabo-13,2560.9296,12.2374,98.1503,0.30942,2.2728,2.8478,-20.8503,2546.2278,2560.0278
Gabo-13,2561.082,12.2599,112.4584,0.339812,2.2988,2.9983,-19.7451,2546.3799,2560.1799
Gabo-13,2561.2344,12.2782,119.8333,0.372967,2.3205,3.0819,-18.8302,2546.532,2560.332
Gabo-13,2561.3868,12.2611,120.1873,0.389782,2.3538,3.0909,-18.4298,2546.6842,2560.4842
Gabo-13,2561.5392,12.1376,117.9617,0.374534,2.3949,3.0327,-18.7063,2546.8363,2560.6363
Gabo-13,2561.6916,12.004,115.1393,0.346471,2.4113,2.9253,-19.5195,2546.9884,2560.7884
Gabo-13,2561.844,11.9323,111.7232,0.329261,2.3948,2.7822,-20.6638,2547.1405,2560.9405
Gabo-13,2561.9964,11.9292,110.358,0.322633,2.3601,2.6163,-21.9036,2547.2926,2561.0926
Gabo-13,2562.1488,11.9782,117.463,0.314454,2.324,2.4569,-22.8887,2547.4447,2561.2447
Gabo-13,2562.3012,12.0187,128.7751,0.308768,2.2948,2.3476,-23.3749,2547.5969,2561.3969
Gabo-13,2562.4536,12.0483,135.1549,0.313975,2.2805,2.2974,-23.5368,2547.749,2561.549
Gabo-13,2562.606,12.0887,134.5022,0.328326,2.2881,2.2895,-23.6076,2547.9011,2561.7011
Gabo-13,2562.7584,12.1612,128.3016,0.337901,2.3184,2.3029,-23.7239,2548.0532,2561.8532
Gabo-13,2562.9108,12.1696,121.2535,0.323695,2.3555,2.32,-23.9705,2548.2053,2562.0053
Gabo-13,2563.0632,12.1403,115.3983,0.298765,2.3761,2.3343,-24.2314,2548.3575,2562.1575
Gabo-13,2563.2156,12.1001,113.1605,0.282068,2.3694,2.3443,-24.3333,2548.5096,2562.3096
Gabo-13,2563.368,12.0561,116.8059,0.275345,2.3421,2.351,-24.2483,2548.6617,2562.4617
Gabo-13,2563.5204,12.0643,122.5658,0.268244,2.3194,2.3614,-24.1545,2548.8138,2562.6138
Gabo-13,2563.6728,12.0979,123.5067,0.269569,2.315,2.38,-24.1022,2548.9659,2562.7659
Gabo-13,2563.8252,12.1241,120.1777,0.284812,2.3247,2.4079,-24.0897,2549.118,2562.918
Gabo-13,2563.9776,12.1323,115.1125,0.301754,2.3379,2.4389,-24.128,2549.2702,2563.0702
Gabo-13,2564.13,12.133,110.679,0.302637,2.343,2.4583,-24.1377,2549.4223,2563.2223
Gabo-13,2564.2824,12.133,110.1072,0.298411,2.3399,2.4665,-23.955,2549.5744,2563.3744
Gabo-13,2564.4348,12.1322,112.0025,0.301033,2.3366,2.4804,-23.6082,2549.7265,2563.5265
Gabo-13,2564.5872,12.1251,114.4645,0.304325,2.3337,2.515,-23.2436,2549.8786,2563.6786
Gabo-13,2564.7396,12.0944,116.108,0.297021,2.3241,2.5769,-22.9276,2550.0308,2563.8308
Gabo-13,2564.892,12.0609,117.7372,0.290173,2.3122,2.6601,-22.5053,2550.1829,2563.9829
Gabo-13,2565.0444,12.0508,119.4766,0.292035,2.3097,2.7524,-21.9157,2550.335,2564.135
Gabo-13,2565.1968,12.0705,121.4323,0.296424,2.3198,2.8499,-21.2492,2550.4871,2564.2871
Gabo-13,2565.3492,12.1157,124.2395,0.295472,2.3363,2.9509,-20.6347,2550.6392,2564.4392
Gabo-13,2565.5016,12.1322,123.4607,0.296605,2.3517,3.0401,-20.1422,2550.7914,2564.5914
Gabo-13,2565.654,12.133,118.3043,0.308231,2.361,3.1059,-19.7624,2550.9435,2564.7435
Gabo-13,2565.8064,12.133,113.6506,0.327156,2.3632,3.1493,-19.3962,2551.0956,2564.8956
Gabo-13,2565.9588,12.133,116.4652,0.34443,2.3603,3.1789,-18.9396,2551.2477,2565.0477
Gabo-13,2566.1112,12.133,124.7982,0.353635,2.3568,3.2064,-18.4278,2551.3999,2565.1999
Gabo-13,2566.2636,12.1345,132.3936,0.351945,2.358,3.2357,-17.9273,2551.552,2565.352
Gabo-13,2566.416,12.1403,135.424,0.343846,2.3666,3.2609,-17.4555,2551.7041,2565.5041
Gabo-13,2566.5684,12.1509,131.7188,0.340072,2.3819,3.2744,-17.0388,2551.8562,2565.6562
Gabo-13,2566.7208,12.1453,121.9007,0.347203,2.3987,3.2748,-16.7446,2552.0083,2565.8083
Gabo-13,2566.8732,12.1252,119.414,0.35018,2.4075,3.2707,-16.5418,2552.1605,2565.9605
Gabo-13,2567.0256,12.1034,123.0038,0.347519,2.4042,3.271,-16.3406,2552.3126,2566.1126
Gabo-13,2567.178,12.0919,126.7031,0.355007,2.3927,3.2785,-16.06,2552.4647,2566.2647
Gabo-13,2567.3304,12.1163,125.5174,0.375315,2.3826,3.2921,-15.6944,2552.6168,2566.4168
Gabo-13,2567.4828,12.1312,122.5179,0.371129,2.3801,3.3154,-15.4088,2552.7689,2566.5689
Gabo-13,2567.6352,12.1464,120.4756,0.3449,2.3824,3.3523,-15.2083,2552.9211,2566.7211
Gabo-13,2567.7876,12.1877,119.4857,0.327471,2.3845,3.4038,-14.9092,2553.0732,2566.8732
Gabo-13,2567.94,12.2782,117.4523,0.336044,2.3839,3.4664,-14.312,2553.2253,2567.0253
Gabo-13,2568.0924,12.3214,115.9392,0.358405,2.382,3.5309,-13.4498,2553.3774,2567.1774
Gabo-13,2568.2448,12.3555,113.9098,0.384422,2.3855,3.5942,-12.4138,2553.5296,2567.3296
Gabo-13,2568.3972,12.4008,111.3645,0.409816,2.3985,3.6558,-11.2888,2553.6817,2567.4817
Gabo-13,2568.5496,12.4133,110.534,0.429029,2.4173,3.7107,-10.2186,2553.8338,2567.6338
Gabo-13,2568.702,12.4031,113.5415,0.44071,2.4307,3.7512,-9.2798,2553.9859,2567.7859
Gabo-13,2568.8544,12.4031,117.8305,0.445721,2.434,3.7733,-8.2433,2554.138,2567.938
Gabo-13,2569.0068,12.4217,120.1468,0.448813,2.4288,3.7796,-7.0233,2554.2902,2568.0902
Gabo-13,2569.1592,12.4556,117.5595,0.449969,2.4206,3.7757,-5.774,2554.4423,2568.2423
Gabo-13,2569.3116,12.4677,112.2287,0.437625,2.419,3.7615,-4.6673,2554.5944,2568.3944
Gabo-13,2569.464,12.4868,107.8251,0.427027,2.4245,3.7243,-3.8028,2554.7465,2568.5465
Gabo-13,2569.6164,12.515,106.2682,0.434143,2.4307,3.6575,-3.2007,2554.8987,2568.6987
Gabo-13,2569.7688,12.5291,108.1866,0.457631,2.4338,3.5673,-2.7675,2555.0508,2568.8508
Gabo-13,2569.9212,12.4431,108.5742,0.489015,2.4347,3.4704,-2.2691,2555.2029,2569.0029
Gabo-13,2570.0736,12.4383,110.1716,0.526597,2.4289,3.3791,-1.6563,2555.355,2569.155
Gabo-13,2570.226,12.5783,113.2619,0.543372,2.4177,3.2968,-1.1353,2555.5072,2569.3072
Gabo-13,2570.3784,12.7924,116.1449,0.522107,2.4107,3.2256,-0.8899,2555.6593,2569.4593
Gabo-13,2570.5308,12.7469,116.028,0.497608,2.4136,3.1717,-0.8994,2555.8114,2569.6114
Gabo-13,2570.6832,12.6524,110.7551,0.507453,2.4084,3.1416,-0.9856,2555.9635,2569.7635
Gabo-13,2570.8356,12.6547,105.7048,0.536102,2.3901,3.1303,-1.0573,2556.1157,2569.9157
Gabo-13,2570.988,12.7246,104.9763,0.556022,2.3757,3.1301,-1.072,2556.2678,2570.0678
Gabo-13,2571.1404,12.7142,110.0241,0.55977,2.3813,3.1326,-0.9708,2556.4199,2570.2199
Gabo-13,2571.2928,12.7009,113.1706,0.55517,2.3874,3.1256,-0.8053,2556.572,2570.372
Gabo-13,2571.4452,12.697,112.4802,0.5464,2.3827,3.1109,-0.6743,2556.7242,2570.5242
Gabo-13,2571.5976,12.7276,110.7855,0.538027,2.3726,3.0928,-0.5706,2556.8763,2570.6763
Gabo-13,2571.75,12.8899,113.2018,0.530453,2.3643,3.0691,-0.4522,2557.0284,2570.8284
Gabo-13,2571.9024,12.9748,116.6723,0.513984,2.3636,3.0394,-0.4169,2557.1806,2570.9806
Gabo-13,2572.0548,13.0218,120.5419,0.515442,2.373,3.0078,-0.4526,2557.3327,2571.1327
Gabo-13,2572.2072,13.0903,123.1427,0.540758,2.3861,2.9827,-0.4159,2557.4848,2571.2848
Gabo-13,2572.3596,13.1855,121.3064,0.551953,2.3956,2.97,-0.2455,2557.6369,2571.4369
Gabo-13,2572.512,13.2662,121.4863,0.510993,2.4048,2.9612,-0.1131,2557.7891,2571.5891
Gabo-13,2572.6644,13.1776,122.8745,0.456062,2.4132,2.9464,-0.0229,2557.9412,2571.7412
Gabo-13,2572.8168,13.0613,124.5191,0.440521,2.4178,2.9245,0.1354,2558.0933,2571.8933
Gabo-13,2572.9692,13.117,126.2046,0.473296,2.4163,2.8996,0.3234,2558.2455,2572.0455
Gabo-13,2573.1216,13.1589,119.7846,0.50491,2.406,2.8768,0.3011,2558.3976,2572.1976
Gabo-13,2573.274,13.1542,114.8152,0.504179,2.3896,2.857,0.1035,2558.5497,2572.3497
Gabo-13,2573.4264,13.2321,113.2756,0.488877,2.374,2.8369,-0.0846,2558.7019,2572.5019
Gabo-13,2573.5788,13.4661,112.4471,0.480742,2.3589,2.8166,-0.1665,2558.854,2572.654
Gabo-13,2573.7312,13.7747,109.772,0.476679,2.3385,2.8031,-0.1522,2559.0061,2572.8061
Gabo-13,2573.8836,13.7875,109.6606,0.463095,2.325,2.7999,-0.1002,2559.1583,2572.9583
Gabo-13,2574.036,13.7342,113.0482,0.443659,2.3286,2.8052,-0.0624,2559.3104,2573.1104
Gabo-13,2574.1884,13.7516,117.4597,0.434978,2.3431,2.8179,-0.0686,2559.4625,2573.2625
Gabo-13,2574.3408,13.5498,116.6221,0.448454,2.356,2.838,-0.1018,2559.6147,2573.4147
Gabo-13,2574.4932,13.4877,112.9401,0.464057,2.3733,2.8588,-0.0778,2559.7668,2573.5668
Gabo-13,2574.6456,13.6404,111.9892,0.462877,2.3997,2.8691,0,2559.9189,2573.7189
Gabo-13,2574.798,13.8142,113.8464,0.45306,2.423,2.8669,0.0965,2560.0711,2573.8711
Gabo-13,2574.9504,13.6963,114.3971,0.457292,2.4268,2.8621,0.2018,2560.2232,2574.0232
Gabo-13,2575.1028,13.6193,116.09,0.475785,2.4146,2.8675,0.2825,2560.3754,2574.1754
Gabo-13,2575.2552,13.6543,119.6981,0.479295,2.3879,2.8816,0.2957,2560.5275,2574.3275
Gabo-13,2575.4076,13.639,123.7639,0.454041,2.3506,2.8955,0.2724,2560.6796,2574.4796
Gabo-13,2575.56,13.3948,126.5226,0.412953,2.3191,2.9021,0.2969,2560.8318,2574.6318
Gabo-13,2575.7124,13.3318,128.3944,0.384509,2.3138,2.9013,0.3859,2560.9839,2574.7839
Gabo-13,2575.8648,13.4198,126.1689,0.382743,2.3258,2.8963,0.4089,2561.1361,2574.9361
Gabo-13,2576.0172,13.4946,121.602,0.407491,2.34,2.8847,0.3403,2561.2882,2575.0882
Gabo-13,2576.1696,13.4742,118.1915,0.442701,2.3497,2.8608,0.2364,2561.4403,2575.2403
Gabo-13,2576.322,13.4975,116.9622,0.452045,2.3496,2.8239,0.0851,2561.5925,2575.3925
Gabo-13,2576.4744,13.3483,117.1144,0.432615,2.3336,2.7851,-0.1182,2561.7446,2575.5446
Gabo-13,2576.6268,13.2194,119.0073,0.408424,2.3069,2.7539,-0.2787,2561.8968,2575.6968
Gabo-13,2576.7792,13.3081,122.6639,0.405203,2.2901,2.7358,-0.3021,2562.0489,2575.8489
Gabo-13,2576.9316,13.3851,125.1374,0.435211,2.3096,2.7334,-0.2167,2562.201,2576.001
Gabo-13,2577.084,13.23,124.5503,0.463168,2.3505,2.7395,-0.1875,2562.3532,2576.1532
Gabo-13,2577.2364,13.1354,120.8818,0.454251,2.3859,2.7439,-0.2601,2562.5053,2576.3053
Gabo-13,2577.3888,13.246,115.7118,0.424705,2.4049,2.7418,-0.3203,2562.6575,2576.4575
Gabo-13,2577.5412,13.3483,113.744,0.426054,2.4117,2.7339,-0.2231,2562.8096,2576.6096
Gabo-13,2577.6936,13.6123,111.9646,0.454781,2.4208,2.7238,-0.0177,2562.9618,2576.7618
Gabo-13,2577.846,13.8774,107.184,0.469233,2.4357,2.7122,0.1892,2563.1139,2576.9139
Gabo-13,2577.9984,14.0124,101.8709,0.463363,2.4435,2.6954,0.3421,2563.266,2577.066
Gabo-13,2578.1508,14.0106,102.933,0.461977,2.4261,2.6713,0.3965,2563.4182,2577.2182
Gabo-13,2578.3032,13.9391,106.924,0.470466,2.3873,2.6476,0.3501,2563.5703,2577.3703
Gabo-13,2578.4556,13.9275,111.9718,0.488485,2.3564,2.6289,0.3432,2563.7225,2577.5225
Gabo-13,2578.608,13.9423,115.2911,0.526213,2.3459,2.6096,0.3843,2563.8746,2577.6746
Gabo-13,2578.7604,13.8761,112.7338,0.579984,2.3416,2.5833,0.3558,2564.0268,2577.8268
Gabo-13,2578.9128,14.2061,111.3496,0.616556,2.3205,2.5523,0.2529,2564.1789,2577.9789
Gabo-13,2579.0652,14.4159,113.2643,0.647694,2.2984,2.5195,0.1713,2564.3311,2578.1311
Gabo-13,2579.2176,14.321,113.8852,0.663443,2.2919,2.4823,0.1168,2564.4832,2578.2832
Gabo-13,2579.37,14.0431,109.312,0.636215,2.2913,2.4387,0.0639,2564.6354,2578.4354
Gabo-13,2579.5224,13.8835,106.3523,0.584353,2.2657,2.394,0.0686,2564.7875,2578.5875
Gabo-13,2579.6748,13.7743,101.7181,0.548327,2.2108,2.3571,0.14,2564.9397,2578.7397
Gabo-13,2579.8272,13.7703,97.1696,0.534537,2.1643,2.3245,0.1895,2565.0918,2578.8918
Gabo-13,2579.9796,13.936,95.9734,0.528358,2.1619,2.2889,0.2056,2565.244,2579.044
Gabo-13,2580.132,14.1089,98.1729,0.524255,2.202,2.2524,0.2971,2565.3961,2579.1961
Gabo-13,2580.2844,14.2832,101.3411,0.536188,2.2442,2.2241,0.4097,2565.5483,2579.3483
Gabo-13,2580.4368,14.3389,104.2058,0.553515,2.2734,2.2048,0.4682,2565.7004,2579.5004
Gabo-13,2580.5892,14.1965,104.5445,0.559937,2.2919,2.187,0.5088,2565.8526,2579.6526
Gabo-13,2580.7416,13.8803,95.9373,0.554781,2.295,2.1648,0.6015,2566.0047,2579.8047
Gabo-13,2580.894,13.9231,91.3618,0.543314,2.2856,2.1465,0.6839,2566.1569,2579.9569
Gabo-13,2581.0464,14.0293,93.0371,0.537129,2.2846,2.1368,0.7057,2566.309,2580.109
Gabo-13,2581.1988,13.9681,97.879,0.551646,2.2955,2.1337,0.7398,2566.4612,2580.2612
Gabo-13,2581.3512,13.7673,103.015,0.586224,2.2941,2.1351,0.8449,2566.6133,2580.4133
Gabo-13,2581.5036,13.7587,108.0798,0.596067,2.26,2.1406,0.857,2566.7655,2580.5655
Gabo-13,2581.656,13.8883,110.4713,0.565109,2.2302,2.1488,0.7239,2566.9176,2580.7176
Gabo-13,2581.8084,14.0565,109.2264,0.542797,2.2373,2.1541,0.4848,2567.0698,2580.8698
Gabo-13,2581.9608,14.2152,104.7639,0.585287,2.2699,2.1543,0.2136,2567.2219,2581.0219
Gabo-13,2582.1132,13.9369,100.0234,0.662491,2.2749,2.1616,0.0738,2567.3741,2581.1741
Gabo-13,2582.2656,13.7423,101.0409,0.694485,2.2344,2.1742,0.0679,2567.5262,2581.3262
Gabo-13,2582.418,13.8586,105.6814,0.676246,2.1729,2.1835,0.0983,2567.6784,2581.4784
Gabo-13,2582.5704,14.2248,109.1261,0.64965,2.1314,2.1828,0.1058,2567.8305,2581.6305
Gabo-13,2582.7228,14.5602,105.7597,0.639278,2.1495,2.1713,0.1019,2567.9827,2581.7827
Gabo-13,2582.8752,14.6912,100.5868,0.648203,2.2104,2.1603,0.1257,2568.1349,2581.9349
Gabo-13,2583.0276,14.6966,97.9417,0.66403,2.2737,2.1528,0.2084,2568.287,2582.087
Gabo-13,2583.18,14.6643,98.6399,0.67596,2.312,2.1427,0.3326,2568.4392,2582.2392
Gabo-13,2583.3324,14.618,99.5002,0.687751,2.3162,2.1237,0.4217,2568.5913,2582.3913
Gabo-13,2583.4848,14.5974,99.4525,0.700148,2.3067,2.0999,0.4547,2568.7435,2582.5435
Gabo-13,2583.6372,14.5515,100.3813,0.678063,2.306,2.0784,0.4734,2568.8956,2582.6956
Gabo-13,2583.7896,14.4857,103.5306,0.615156,2.3189,2.0606,0.5025,2569.0478,2582.8478
Gabo-13,2583.942,14.5436,109.3582,0.567021,2.3345,2.0421,0.5501,2569.2,2583
Gabo-13,2584.0944,14.7108,113.0193,0.571023,2.3404,2.0207,0.6445,2569.3521,2583.1521
Gabo-13,2584.2468,14.822,109.8615,0.583104,2.3346,1.9947,0.7307,2569.5043,2583.3043
Gabo-13,2584.3992,14.8394,102.2819,0.574216,2.3224,1.9646,0.7013,2569.6564,2583.4564
Gabo-13,2584.5516,14.8281,98.168,0.567688,2.3102,1.9351,0.5113,2569.8086,2583.6086
Gabo-13,2584.704,14.9383,100.2437,0.588878,2.298,1.9104,0.2864,2569.9607,2583.7607
Gabo-13,2584.8564,14.7718,106.0895,0.616358,2.2784,1.8896,0.0996,2570.1129,2583.9129
Gabo-13,2585.0088,14.3895,111.5561,0.626815,2.2469,1.8697,0.0032,2570.2651,2584.0651
Gabo-13,2585.1612,14.1523,112.2887,0.622772,2.2081,1.8504,0.0547,2570.4172,2584.2172
Gabo-13,2585.3136,14.1368,114.0398,0.625598,2.1757,1.8378,0.1927,2570.5694,2584.3694
Gabo-13,2585.466,14.1615,115.1224,0.63287,2.1562,1.836,0.287,2570.7215,2584.5215
Gabo-13,2585.6184,14.3194,113.2006,0.632575,2.1487,1.847,0.3349,2570.8737,2584.6737
Gabo-13,2585.7708,14.7124,108.2671,0.617113,2.1508,1.8781,0.4006,2571.0259,2584.8259
Gabo-13,2585.9232,14.6978,107.4743,0.58527,2.1592,1.9441,0.4684,2571.178,2584.978
Gabo-13,2586.0756,14.2955,108.0101,0.555125,2.1755,2.0453,0.4379,2571.3302,2585.1302
Gabo-13,2586.228,13.8891,106.1966,0.54121,2.2052,2.1714,0.2779,2571.4824,2585.2824
Gabo-13,2586.3804,13.6891,102.5677,0.535404,2.2472,2.3133,0.0051,2571.6345,2585.4345
Gabo-13,2586.5328,13.661,106.3301,0.511243,2.2898,2.4629,-0.3665,2571.7867,2585.5867
Gabo-13,2586.6852,13.7949,114.0718,0.467273,2.3264,2.6189,-0.7582,2571.9388,2585.7388
Gabo-13,2586.8376,13.9099,119.5044,0.424633,2.3596,2.7944,-1.0394,2572.091,2585.891
Gabo-13,2586.99,13.901,120.316,0.398615,2.3916,3.0007,-1.1821,2572.2432,2586.0432
Gabo-13,2587.1424,13.7922,116.2374,0.388664,2.4204,3.2197,-1.3031,2572.3953,2586.1953
Gabo-13,2587.2948,13.6868,116.0806,0.377755,2.4416,3.3854,-1.5015,2572.5475,2586.3475
Gabo-13,2587.4472,13.3571,117.4596,0.357768,2.4547,3.4667,-1.7141,2572.6997,2586.4997
Gabo-13,2587.5996,12.855,116.7864,0.340588,2.4657,3.4777,-1.8341,2572.8518,2586.6518
Gabo-13,2587.752,12.5513,112.4143,0.355245,2.4855,3.4487,-1.7703,2573.004,2586.804
Gabo-13,2587.9044,12.8871,106.266,0.414819,2.5106,3.3994,-1.4994,2573.1562,2586.9562
Gabo-13,2588.0568,13.3523,101.9053,0.456816,2.5112,3.3163,-1.2063,2573.3083,2587.1083
Gabo-13,2588.2092,13.5289,101.3833,0.443523,2.4812,3.204,-1.0503,2573.4605,2587.2605
Gabo-13,2588.3616,13.2151,105.776,0.40422,2.4531,3.098,-1.02,2573.6127,2587.4127
Gabo-13,2588.514,13.0423,106.8739,0.407058,2.4637,3.0375,-0.9354,2573.7648,2587.5648
Gabo-13,2588.6664,13.185,107.1454,0.463213,2.4709,3.0224,-0.741,2573.917,2587.717
Gabo-13,2588.8188,13.4391,109.7866,0.530174,2.4256,3.0259,-0.5266,2574.0692,2587.8692
Gabo-13,2588.9712,13.6116,115.6313,0.559874,2.3312,3.0179,-0.384,2574.2213,2588.0213
Gabo-13,2589.1236,13.5492,122.5372,0.532826,2.2522,2.9766,-0.3474,2574.3735,2588.1735
Gabo-13,2589.276,13.3182,126.5514,0.489289,2.2386,2.9167,-0.4115,2574.5257,2588.3257
Gabo-13,2589.4284,13.0708,127.844,0.458826,2.2785,2.8627,-0.5262,2574.6778,2588.4778
Gabo-13,2589.5808,12.9288,127.7113,0.448506,2.333,2.8278,-0.5971,2574.83,2588.63
Gabo-13,2589.7332,13.075,127.5624,0.461417,2.3638,2.8135,-0.5543,2574.9822,2588.7822
Gabo-13,2589.8856,13.3438,128.3712,0.476768,2.3623,2.8071,-0.5484,2575.1343,2588.9343
Gabo-13,2590.038,13.4792,128.8499,0.463042,2.3416,2.7982,-0.7176,2575.2865,2589.0865
Gabo-13,2590.1904,13.4485,129.2204,0.416983,2.3199,2.7846,-1.0229,2575.4387,2589.2387
Gabo-13,2590.3428,13.4637,132.9211,0.374401,2.3185,2.7671,-1.3069,2575.5909,2589.3909
Gabo-13,2590.4952,13.5308,135.7155,0.375237,2.343,2.745,-1.4634,2575.743,2589.543
Gabo-13,2590.6476,13.5036,133.4341,0.411823,2.3693,2.7148,-1.4396,2575.8952,2589.6952
Gabo-13,2590.8,13.4185,126.6996,0.457934,2.3734,2.6736,-1.221,2576.0474,2589.8474
Gabo-13,2590.9524,13.4671,118.8606,0.497097,2.3468,2.6201,-0.9018,2576.1995,2589.9995
Gabo-13,2591.1048,13.524,116.9691,0.525791,2.2991,2.5589,-0.7036,2576.3517,2590.1517
Gabo-13,2591.2572,13.5789,114.7266,0.533765,2.2485,2.5016,-0.5864,2576.5039,2590.3039
Gabo-13,2591.4096,13.6986,109.8843,0.51765,2.2116,2.4554,-0.4271,2576.6561,2590.4561
Gabo-13,2591.562,13.9321,104.4115,0.48924,2.2024,2.4211,-0.2324,2576.8082,2590.6082
Gabo-13,2591.7144,13.9486,103.7321,0.470042,2.2264,2.3957,-0.1072,2576.9604,2590.7604
Gabo-13,2591.8668,13.752,107.0567,0.464896,2.2618,2.3758,0.0019,2577.1126,2590.9126
Gabo-13,2592.0192,13.613,110.8381,0.458837,2.28,2.3542,0.076,2577.2647,2591.0647
Gabo-13,2592.1716,13.7237,112.333,0.446756,2.2718,2.3278,0.0495,2577.4169,2591.2169
Gabo-13,2592.324,13.7862,110.1233,0.449655,2.2629,2.3038,0.0219,2577.5691,2591.3691
Gabo-13,2592.4764,14.0129,106.7944,0.466252,2.2789,2.2815,0.1315,2577.7213,2591.5213
Gabo-13,2592.6288,14.1927,104.6691,0.475452,2.3062,2.2584,0.3192,2577.8734,2591.6734
Gabo-13,2592.7812,14.1182,104.6774,0.472917,2.3159,2.2344,0.4077,2578.0256,2591.8256
Gabo-13,2592.9336,14.0386,106.81,0.483849,2.2962,2.2104,0.2817,2578.1778,2591.9778
Gabo-13,2593.086,14.0266,105.9473,0.528939,2.2764,2.1902,0.0986,2578.33,2592.13
Gabo-13,2593.2384,14.0939,101.9837,0.594251,2.2716,2.1735,-0.0497,2578.4821,2592.2821
Gabo-13,2593.3908,14.2288,97.7169,0.632118,2.269,2.1559,-0.1828,2578.6343,2592.4343
Gabo-13,2593.5432,14.3533,98.4128,0.598993,2.256,2.1346,-0.2615,2578.7865,2592.5865
Gabo-13,2593.6956,14.4661,100.1247,0.544619,2.2513,2.1147,-0.1745,2578.9387,2592.7387
Gabo-13,2593.848,14.4203,101.5725,0.522144,2.263,2.1041,-0.0403,2579.0908,2592.8908
Gabo-13,2594.0004,14.2366,102.9229,0.551,2.2816,2.1097,0.0238,2579.2426,2593.0426
Gabo-13,2594.1528,14.1073,103.6842,0.612819,2.2954,2.135,0.0521,2579.3952,2593.1952
Gabo-13,2594.3052,14.0875,100.998,0.624134,2.299,2.1724,0.1017,2579.5474,2593.3474
Gabo-13,2594.4576,13.8911,101.9133,0.565434,2.2929,2.2091,0.1086,2579.6995,2593.4995
Gabo-13,2594.61,13.5843,106.5385,0.477461,2.2862,2.2389,0.0875,2579.8517,2593.6517
Gabo-13,2594.7624,13.4238,110.2795,0.407062,2.2944,2.2612,0.1014,2580.0039,2593.8039
Gabo-13,2594.9148,13.5027,109.0771,0.387546,2.3257,2.2723,0.0999,2580.1561,2593.9561
Gabo-13,2595.0672,13.5253,110.1433,0.416577,2.3598,2.262,0.1074,2580.3082,2594.1082
Gabo-13,2595.2196,13.5233,112.4724,0.46787,2.3711,2.2268,0.1664,2580.4604,2594.2604
Gabo-13,2595.372,13.6385,111.4349,0.518881,2.3462,2.1713,0.2474,2580.6126,2594.4126
Gabo-13,2595.5244,13.8129,102.6875,0.556261,2.293,2.1056,0.2177,2580.7648,2594.5648
Gabo-13,2595.6768,13.9534,95.8197,0.563152,2.2414,2.0439,-0.0242,2580.917,2594.717
Gabo-13,2595.8292,14.0035,95.294,0.553951,2.207,1.9984,-0.3013,2581.0691,2594.8691
Gabo-13,2595.9816,13.9656,100.2253,0.557826,2.1827,1.9867,-0.4497,2581.2213,2595.0213
Gabo-13,2596.134,13.9771,104.9753,0.578204,2.1566,2.0376,-0.5628,2581.3735,2595.1735
Gabo-13,2596.2864,14.0569,103.79,0.572293,2.1419,2.156,-0.7807,2581.5257,2595.3257
Gabo-13,2596.4388,13.8205,99.7865,0.532428,2.1476,2.3101,-1.0795,2581.6779,2595.4779
Gabo-13,2596.5912,13.3571,96.6717,0.483958,2.1678,2.4651,-1.447,2581.83,2595.63
Gabo-13,2596.7436,13.5789,97.6147,0.450753,2.1973,2.5949,-1.8884,2581.9822,2595.7822
Gabo-13,2596.896,13.9483,103.1419,0.438081,2.2437,2.6865,-2.1888,2582.1344,2595.9344
Gabo-13,2597.0484,13.7724,109.1682,0.450503,2.2993,2.7459,-2.2456,2582.2866,2596.0866
Gabo-13,2597.2008,13.2944,112.28,0.493466,2.3417,2.7713,-2.1297,2582.4388,2596.2388
Gabo-13,2597.3532,13.337,109.4787,0.544588,2.3523,2.754,-1.9708,2582.5909,2596.3909
Gabo-13,2597.5056,13.2828,108.1768,0.536096,2.3422,2.7113,-1.9135,2582.7431,2596.5431
Gabo-13,2597.658,13.404,108.2219,0.473815,2.3403,2.6753,-2.036,2582.8953,2596.6953
Gabo-13,2597.8104,13.5857,106.8554,0.411647,2.354,2.6687,-2.3596,2583.0475,2596.8475
Gabo-13,2597.9628,13.3523,102.3569,0.390507,2.3701,2.6986,-2.8001,2583.1997,2596.9997
Gabo-13,2598.1152,13.2395,100.716,0.411394,2.3728,2.7491,-3.1347,2583.3518,2597.1518
Gabo-13,2598.2676,13.4986,101.407,0.441631,2.3548,2.8019,-3.4032,2583.504,2597.304
Gabo-13,2598.42,13.7486,102.8718,0.449968,2.3095,2.8494,-3.7129,2583.6562,2597.4562
Gabo-13,2598.5724,13.6726,104.6359,0.423826,2.2458,2.8878,-4.0552,2583.8084,2597.6084
Gabo-13,2598.7248,13.8075,106.2977,0.377783,2.2047,2.9145,-4.3287,2583.9606,2597.7606
Gabo-13,2598.8772,13.9125,106.0339,0.34246,2.2065,2.9327,-4.4585,2584.1128,2597.9128
Gabo-13,2599.0296,13.8928,106.7668,0.332275,2.2411,2.9429,-4.4407,2584.2649,2598.0649
Gabo-13,2599.182,13.8405,110.6302,0.344768,2.2875,2.9458,-4.2848,2584.4171,2598.2171
Gabo-13,2599.3344,13.901,115.2165,0.368493,2.322,2.9512,-4.0001,2584.5693,2598.3693
Gabo-13,2599.4868,14.2446,115.9332,0.387442,2.344,2.9776,-3.6782,2584.7215,2598.5215
Gabo-13,2599.6392,14.3914,113.6859,0.388467,2.3801,3.0404,-3.4634,2584.8737,2598.6737
Gabo-13,2599.7916,14.2326,111.2191,0.367469,2.4424,3.1324,-3.3202,2585.0259,2598.8259
Gabo-13,2599.944,14.3372,112.7518,0.336226,2.5134,3.2221,-3.0998,2585.178,2598.978
Gabo-13,2600.0964,14.643,115.1974,0.320812,2.5699,3.2791,-2.9203,2585.3302,2599.1302
Gabo-13,2600.2488,14.3908,117.2377,0.318612,2.6067,3.2879,-2.7976,2585.4824,2599.2824
Gabo-13,2600.4012,13.787,117.8692,0.320247,2.6299,3.2454,-2.6205,2585.6346,2599.4346
Gabo-13,2600.5536,13.8309,114.8445,0.327565,2.6406,3.1524,-2.3522,2585.7868,2599.5868
Gabo-13,2600.706,14.3619,114.3249,0.343445,2.6269,3.0133,-2.1134,2585.939,2599.739
Gabo-13,2600.8584,14.7897,113.1981,0.367549,2.5901,2.8526,-1.9142,2586.0911,2599.8911
Gabo-13,2601.0108,14.7211,109.8148,0.399849,2.5455,2.7034,-1.6718,2586.2433,2600.0433
Gabo-13,2601.1632,13.9176,105.2493,0.435656,2.5074,2.5938,-1.4427,2586.3955,2600.1955
Gabo-13,2601.3156,14.056,103.7663,0.457222,2.4826,2.5362,-1.4936,2586.5477,2600.3477
Gabo-13,2601.468,14.2557,108.3378,0.454012,2.4793,2.5208,-1.721,2586.6999,2600.4999
Gabo-13,2601.6204,14.2179,114.771,0.432368,2.4917,2.5314,-1.9872,2586.8521,2600.6521
Gabo-13,2601.7728,14.2416,118.2409,0.408579,2.4978,2.5559,-2.3103,2587.0043,2600.8043
Gabo-13,2601.9252,14.4857,117.2663,0.402082,2.4729,2.5839,-2.6713,2587.1565,2600.9565
Gabo-13,2602.0776,14.5209,118.2582,0.412336,2.4258,2.6059,-2.8766,2587.3086,2601.1086
Gabo-13,2602.23,14.6345,120.1636,0.425801,2.3788,2.6191,-2.8294,2587.4608,2601.2608
Gabo-13,2602.3824,15.084,120.2476,0.434401,2.3467,2.6235,-2.6237,2587.613,2601.413
Gabo-13,2602.5348,15.4929,117.7945,0.430161,2.3376,2.6145,-2.4163,2587.7652,2601.5652
Gabo-13,2602.6872,15.3808,116.7674,0.396608,2.3505,2.5861,-2.1664,2587.9174,2601.7174
Gabo-13,2602.8396,14.9807,116.2491,0.357925,2.3734,2.5522,-1.8758,2588.0696,2601.8696
Gabo-13,2602.992,14.5495,115.2388,0.353022,2.3916,2.5273,-1.5953,2588.2218,2602.0218
Gabo-13,2603.1444,14.2392,114.8832,0.395802,2.3929,2.5081,-1.3424,2588.374,2602.174
Gabo-13,2603.2968,14.1561,116.5943,0.444934,2.3827,2.4738,-1.1586,2588.5262,2602.3262
Gabo-13,2603.4492,14.0003,117.0106,0.451133,2.3769,2.418,-1.0799,2588.6783,2602.4783
Gabo-13,2603.6016,13.7492,113.9384,0.412992,2.3794,2.3481,-1.0103,2588.8305,2602.6305
Gabo-13,2603.754,13.6498,106.565,0.37508,2.3789,2.2788,-0.8109,2588.9827,2602.7827
Gabo-13,2603.9064,14.0508,104.2565,0.389252,2.3584,2.2249,-0.5819,2589.1349,2602.9349
Gabo-13,2604.0588,14.2961,107.0262,0.439256,2.3216,2.1724,-0.5231,2589.2871,2603.0871
Gabo-13,2604.2112,14.2294,111.0097,0.485628,2.2737,2.1185,-0.6449,2589.4393,2603.2393
Gabo-13,2604.3636,14.0664,113.01,0.503352,2.2243,2.0812,-0.8073,2589.5915,2603.3915
Gabo-13,2604.516,14.1604,113.9204,0.493238,2.2081,2.0763,-0.8972,2589.7437,2603.5437
Gabo-13,2604.6684,14.2979,113.938,0.486009,2.235,2.097,-0.9758,2589.8959,2603.6959
Gabo-13,2604.8208,14.3441,112.9775,0.479547,2.2838,2.1304,-1.0011,2590.0481,2603.8481
Gabo-13,2604.9732,14.302,111.3495,0.459127,2.3289,2.1776,-0.92,2590.2003,2604.0003
Gabo-13,2605.1256,14.2905,110.8982,0.444946,2.3539,2.2635,-0.9082,2590.3525,2604.1525
Gabo-13,2605.278,14.3996,111.1785,0.455359,2.3596,2.4025,-1.1012,2590.5047,2604.3047
Gabo-13,2605.4304,14.4535,110.6936,0.460142,2.359,2.5613,-1.3207,2590.6568,2604.4568
Gabo-13,2605.5828,14.3084,108.8759,0.424018,2.3659,2.6964,-1.4277,2590.809,2604.609
Gabo-13,2605.7352,13.9444,106.6799,0.357299,2.3894,2.783,-1.5275,2590.9612,2604.7612
Gabo-13,2605.8876,13.7332,102.8202,0.324987,2.42,2.8256,-1.6645,2591.1134,2604.9134
Gabo-13,2606.04,13.93,99.5113,0.353312,2.4322,2.8336,-1.78,2591.2656,2605.0656
Gabo-13,2606.1924,14.3954,99.3557,0.417581,2.4035,2.804,-1.8356,2591.4178,2605.2178
Gabo-13,2606.3448,14.5535,105.1537,0.468665,2.3242,2.7316,-1.8462,2591.57,2605.37
Gabo-13,2606.4972,14.5565,110.0746,0.472063,2.2241,2.6434,-1.8386,2591.7222,2605.5222
Gabo-13,2606.6496,14.5537,111.2266,0.451425,2.1685,2.5806,-1.7646,2591.8744,2605.6744
Gabo-13,2606.802,14.6683,109.2887,0.436914,2.1964,2.561,-1.701,2592.0266,2605.8266
Gabo-13,2606.9544,15.1124,105.5407,0.441633,2.2853,2.5752,-1.8038,2592.1788,2605.9788
Gabo-13,2607.1068,15.2177,100.8014,0.473138,2.3469,2.5941,-1.9854,2592.331,2606.131
Gabo-13,2607.2592,14.901,99.3376,0.520699,2.3586,2.6002,-2.0798,2592.4832,2606.2832
Gabo-13,2607.4116,14.5691,102.4994,0.546109,2.3495,2.597,-2.0907,2592.6354,2606.4354
Gabo-13,2607.564,14.6291,109.5034,0.528936,2.3511,2.5923,-2.0395,2592.7876,2606.5876
Gabo-13,2607.7164,14.4653,112.5525,0.512587,2.3794,2.5828,-1.8113,2592.9398,2606.7398
Gabo-13,2607.8688,14.3359,113.5051,0.505394,2.408,2.5621,-1.5182,2593.092,2606.892
Gabo-13,2608.0212,14.4009,114.6098,0.483091,2.4211,2.5291,-1.3165,2593.2442,2607.0442
Gabo-13,2608.1736,14.5769,115.997,0.44676,2.4253,2.4885,-1.1801,2593.3964,2607.1964
Gabo-13,2608.326,14.5164,115.1817,0.432217,2.4268,2.447,-0.9724,2593.5486,2607.3486
Gabo-13,2608.4784,14.4456,112.1653,0.43715,2.4187,2.4024,-0.7925,2593.7008,2607.5008
Gabo-13,2608.6308,14.4713,109.0378,0.451321,2.4031,2.3557,-0.6282,2593.853,2607.653
Gabo-13,2608.7832,14.5609,107.0011,0.475712,2.3899,2.3135,-0.4653,2594.0052,2607.8052
Gabo-13,2608.9356,14.6505,105.8987,0.503064,2.382,2.2844,-0.4484,2594.1574,2607.9574
Gabo-13,2609.088,14.5927,103.5581,0.511893,2.3698,2.2747,-0.5232,2594.3096,2608.1096
Gabo-13,2609.2404,14.5257,101.5678,0.504586,2.3549,2.2791,-0.5784,2594.4618,2608.2618
Gabo-13,2609.3928,14.5238,101.3659,0.498595,2.3432,2.2885,-0.5516,2594.614,2608.414
Gabo-13,2609.5452,14.5041,103.2715,0.508124,2.3347,2.2959,-0.4896,2594.7662,2608.5662
Gabo-13,2609.6976,14.5373,105.0967,0.530045,2.3303,2.2951,-0.6134,2594.9184,2608.7184
Gabo-13,2609.85,14.5517,106.5164,0.541481,2.3324,2.2852,-0.7539,2595.0706,2608.8706
Gabo-13,2610.0024,14.5368,106.9948,0.524266,2.3363,2.2633,-0.7405,2595.2228,2609.0228
Gabo-13,2610.1548,14.5673,105.1192,0.488764,2.3399,2.2291,-0.6751,2595.375,2609.175
Gabo-13,2610.3072,14.6217,108.8709,0.485262,2.3538,2.1982,-0.7192,2595.5272,2609.3272
Gabo-13,2610.4596,14.6413,113.5505,0.517875,2.3612,2.1807,-0.7913,2595.6794,2609.4794
Gabo-13,2610.612,14.637,116.2214,0.548474,2.3554,2.1799,-0.8191,2595.8316,2609.6316
Gabo-13,2610.7644,14.6457,117.2066,0.540861,2.3471,2.199,-0.8552,2595.9838,2609.7838
Gabo-13,2610.9168,14.6818,117.319,0.493565,2.3432,2.2362,-0.9314,2596.136,2609.936
Gabo-13,2611.0692,14.6882,117.2512,0.445023,2.351,2.2817,-0.9061,2596.2882,2610.0882
Gabo-13,2611.2216,14.6445,117.7815,0.412656,2.3704,2.3234,-0.8246,2596.4404,2610.2404
Gabo-13,2611.374,14.5689,119.1277,0.387855,2.3927,2.3496,-0.8207,2596.5926,2610.3926
Gabo-13,2611.5264,14.5886,118.4263,0.366222,2.4072,2.3498,-0.8474,2596.7448,2610.5448
Gabo-13,2611.6788,14.5988,115.0482,0.367648,2.4178,2.3238,-0.8005,2596.897,2610.697
Gabo-13,2611.8312,14.597,111.6582,0.393078,2.4273,2.2793,-0.7049,2597.0492,2610.8492
Gabo-13,2611.9836,14.6422,110.1388,0.431389,2.4283,2.2278,-0.5838,2597.2014,2611.0014
Gabo-13,2612.136,14.8211,111.03,0.478078,2.4132,2.1832,-0.4107,2597.3536,2611.1536
Gabo-13,2612.2884,14.9896,111.3775,0.524834,2.3948,2.151,-0.3061,2597.5059,2611.3059
Gabo-13,2612.4408,15.0454,109.2961,0.557507,2.3824,2.1269,-0.3584,2597.6581,2611.4581
Gabo-13,2612.5932,14.9926,104.9907,0.565215,2.3754,2.1086,-0.5061,2597.8103,2611.6103
Gabo-13,2612.7456,14.8991,100.1265,0.544021,2.3738,2.0977,-0.6172,2597.9625,2611.7625
Gabo-13,2612.898,14.7998,97.6896,0.508745,2.3811,2.0919,-0.6659,2598.1147,2611.9147
Gabo-13,2613.0504,14.7458,97.1959,0.496738,2.3886,2.0797,-0.6878,2598.2669,2612.0669
Gabo-13,2613.2028,14.7857,97.6521,0.537854,2.3861,2.0574,-0.6198,2598.4191,2612.2191
Gabo-13,2613.3552,14.967,98.4135,0.625619,2.3715,2.0328,-0.457,2598.5713,2612.3713
Gabo-13,2613.5076,15.1293,101.875,0.686098,2.3539,2.0162,-0.4446,2598.7235,2612.5235
Gabo-13,2613.66,15.2577,103.4464,0.666855,2.3453,2.0051,-0.4351,2598.8757,2612.6757
Gabo-13,2613.8124,15.2751,102.202,0.606971,2.3482,1.9933,-0.2946,2599.0279,2612.8279
Gabo-13,2613.9648,15.0645,100.0166,0.588568,2.3531,1.9801,-0.106,2599.1801,2612.9801
Gabo-13,2614.1172,14.7367,101.1408,0.651738,2.3413,1.9732,0.0378,2599.3323,2613.1323
Gabo-13,2614.2696,14.3899,103.7279,0.73002,2.3105,1.9746,0.103,2599.4845,2613.2845
Gabo-13,2614.422,13.938,105.2617,0.750868,2.2709,1.9791,0.0829,2599.6368,2613.4368
Gabo-13,2614.5744,13.3481,105.0169,0.706345,2.234,1.9827,-0.0053,2599.789,2613.589
Gabo-13,2614.7268,13.1036,106.5408,0.652857,2.2101,1.9886,-0.0766,2599.9412,2613.7412
Gabo-13,2614.8792,13.3112,109.2513,0.621809,2.2017,2.001,-0.0323,2600.0934,2613.8934
Gabo-13,2615.0316,13.6494,112.6073,0.609853,2.2115,2.0214,0.0265,2600.2456,2614.0456
Gabo-13,2615.184,13.9224,116.6277,0.60113,2.2356,2.0451,-0.0538,2600.3978,2614.1978
Gabo-13,2615.3364,14.1657,120.7762,0.572412,2.2569,2.0668,-0.2789,2600.55,2614.35
Gabo-13,2615.4888,14.1358,120.0516,0.520268,2.2678,2.0973,-0.476,2600.7022,2614.5022
Gabo-13,2615.6412,14.0974,115.8265,0.465766,2.2789,2.1517,-0.6143,2600.8544,2614.6544
Gabo-13,2615.7936,14.1337,111.3592,0.432387,2.2937,2.2413,-0.7567,2601.0067,2614.8067
Gabo-13,2615.946,13.9257,110.6471,0.432214,2.309,2.3642,-0.9083,2601.1589,2614.9589
Gabo-13,2616.0984,13.9259,108.8187,0.444593,2.3422,2.4835,-1.0216,2601.3111,2615.1111
Gabo-13,2616.2508,13.852,104.7416,0.438603,2.4083,2.5724,-1.1439,2601.4633,2615.2633
Gabo-13,2616.4032,13.7149,100.6828,0.425461,2.4794,2.6246,-1.2157,2601.6155,2615.4155
Gabo-13,2616.5556,13.9354,99.7116,0.438788,2.4923,2.639,-1.1248,2601.7677,2615.5677
Gabo-13,2616.708,14.7472,99.5437,0.467851,2.4006,2.614,-0.986,2601.9199,2615.7199
Gabo-13,2616.8604,15.1339,98.1461,0.482042,2.2522,2.543,-0.8325,2602.0721,2615.8721
Gabo-13,2617.0128,15.0852,95.011,0.493604,2.1402,2.4337,-0.6713,2602.2244,2616.0244
Gabo-13,2617.1652,15.1192,90.2201,0.534465,2.1287,2.3123,-0.56,2602.3766,2616.1766
Gabo-13,2617.3176,15.2614,89.4124,0.601919,2.1962,2.2148,-0.5059,2602.5288,2616.3288
Gabo-13,2617.47,15.5519,93.3738,0.658599,2.2746,2.1533,-0.4235,2602.681,2616.481
Gabo-13,2617.6224,15.6724,97.4187,0.680027,2.3312,2.1162,-0.2796,2602.8332,2616.6332
Gabo-13,2617.7748,15.3784,97.4945,0.671081,2.3577,2.0895,-0.1833,2602.9854,2616.7854
Gabo-13,2617.9272,15.2418,91.9238,0.649206,2.3458,2.0674,-0.2965,2603.1376,2616.9376
Gabo-13,2618.0796,15.4827,87.4434,0.601832,2.3104,2.0567,-0.4485,2603.2898,2617.0898
Gabo-13,2618.232,15.6305,88.4341,0.548728,2.2783,2.0569,-0.4976,2603.4421,2617.2421
Gabo-13,2618.3844,15.5015,94.0802,0.538427,2.2646,2.0611,-0.4823,2603.5943,2617.3943
Gabo-13,2618.5368,15.6706,96.0165,0.594019,2.2671,2.0647,-0.4719,2603.7465,2617.5465
Gabo-13,2618.6892,15.6194,92.5268,0.649909,2.2672,2.0683,-0.4263,2603.8987,2617.6987
Gabo-13,2618.8416,15.6774,88.8847,0.65401,2.2556,2.0702,-0.3533,2604.0509,2617.8509
Gabo-13,2618.994,15.8589,88.7679,0.627787,2.2369,2.071,-0.3123,2604.2031,2618.0031
Gabo-13,2619.1464,15.3272,94.9601,0.632011,2.224,2.0737,-0.3002,2604.3554,2618.1554
Gabo-13,2619.2988,15.1911,99.3366,0.687088,2.227,2.0743,-0.2064,2604.5076,2618.3076
Gabo-13,2619.4512,15.1492,100.0746,0.769403,2.234,2.0715,-0.0877,2604.6598,2618.4598
Gabo-13,2619.6036,15.3372,98.5353,0.847132,2.2408,2.0633,-0.0242,2604.812,2618.612
Gabo-13,2619.756,16.6441,95.899,0.870719,2.2512,2.0484,-0.0135,2604.9642,2618.7642
Gabo-13,2619.9084,17.2088,97.0803,0.783945,2.2527,2.0334,-0.021,2605.1164,2618.9164
Gabo-13,2620.0608,17.2294,96.2173,0.660393,2.244,2.0166,0.0141,2605.2687,2619.0687
Gabo-13,2620.2132,16.9796,92.1039,0.612251,2.2403,1.9973,0.0887,2605.4209,2619.2209
Gabo-13,2620.3656,16.3659,87.3682,0.679147,2.2398,1.9804,0.1645,2605.5731,2619.3731
Gabo-13,2620.518,16.3423,89.131,0.780386,2.202,1.9685,0.1881,2605.7253,2619.5253
Gabo-13,2620.6704,16.0709,93.0553,0.836597,2.1266,1.9585,0.0374,2605.8775,2619.6775
Gabo-13,2620.8228,15.6413,96.8904,0.847067,2.0663,1.9445,-0.1434,2606.0298,2619.8298
Gabo-13,2620.9752,15.5609,100.206,0.834175,2.058,1.928,-0.19,2606.182,2619.982
Gabo-13,2621.1276,15.909,97.767,0.804977,2.076,1.9214,-0.2264,2606.3342,2620.1342
Gabo-13,2621.28,16.0434,93.3217,0.777807,2.0712,1.9214,-0.319,2606.4864,2620.2864
Gabo-13,2621.4324,15.7877,92.0594,0.772405,2.0498,1.9173,-0.4004,2606.6386,2620.4386
Gabo-13,2621.5848,15.1721,95.1951,0.779634,2.0471,1.9054,-0.4352,2606.7908,2620.5908
Gabo-13,2621.7372,14.1456,99.1988,0.766463,2.0784,1.8895,-0.4559,2606.9431,2620.7431
Gabo-13,2621.8896,13.5114,103.0912,0.735397,2.1088,1.8739,-0.475,2607.0953,2620.8953
Gabo-13,2622.042,13.296,102.5788,0.706497,2.1207,1.8596,-0.5034,2607.2475,2621.0475
Gabo-13,2622.1944,13.3302,97.1262,0.706982,2.1282,1.8452,-0.5708,2607.3997,2621.1997
Gabo-13,2622.3468,13.5782,91.5339,0.737838,2.1396,1.8295,-0.6556,2607.552,2621.352
Gabo-13,2622.4992,14.8064,89.2445,0.71145,2.125,1.8148,-0.6403,2607.7042,2621.5042
Gabo-13,2622.6516,15.7476,90.329,0.617648,2.0802,1.8005,-0.6128,2607.8564,2621.6564
Gabo-13,2622.804,16.0002,93.1004,0.526786,2.0336,1.7838,-0.6159,2608.0086,2621.8086
Gabo-13,2622.9564,16.0882,95.0964,0.509896,2.0161,1.7641,-0.524,2608.1608,2621.9608
Gabo-13,2623.1088,16.0078,99.7838,0.564531,2.0344,1.745,-0.268,2608.3131,2622.1131
Gabo-13,2623.2612,16.3216,101.5446,0.614355,2.0719,1.7267,-0.0667,2608.4653,2622.2653
Gabo-13,2623.4136,16.5171,99.4538,0.649786,2.1062,1.7122,-0.1544,2608.6175,2622.4175
Gabo-13,2623.566,15.7037,96.0653,0.702408,2.1234,1.7061,-0.5343,2608.7697,2622.5697
Gabo-13,2623.7184,14.5283,94.59,0.745203,2.1303,1.7058,-0.9147,2608.9219,2622.7219
Gabo-13,2623.8708,14.2463,92.0331,0.744614,2.1446,1.7055,-1.1748,2609.0742,2622.8742
Gabo-13,2624.0232,14.3431,88.944,0.733898,2.1541,1.7064,-1.3529,2609.2264,2623.0264
Gabo-13,2624.1756,14.1264,87.1987,0.7549,2.1381,1.7128,-1.4554,2609.3786,2623.1786
Gabo-13,2624.328,14.1744,87.1151,0.799247,2.1026,1.7255,-1.5184,2609.5308,2623.3308
Gabo-13,2624.4804,14.4907,92.2015,0.828589,2.0803,1.7438,-1.7622,2609.6831,2623.4831
Gabo-13,2624.6328,14.4049,100.0193,0.797871,2.0922,1.7719,-2.1442,2609.8353,2623.6353
Gabo-13,2624.7852,13.7475,108.0762,0.705279,2.1333,1.8168,-2.536,2609.9875,2623.7875
Gabo-13,2624.9376,13.3792,116.6374,0.606158,2.1803,1.8811,-2.9238,2610.1397,2623.9397
Gabo-13,2625.09,13.7507,120.2104,0.536188,2.2181,1.9541,-3.179,2610.292,2624.092
Gabo-13,2625.2424,14.0701,116.8145,0.499548,2.2433,2.0227,-3.1691,2610.4442,2624.2442
Gabo-13,2625.3948,13.9177,109.4525,0.495836,2.2507,2.0847,-2.8124,2610.5964,2624.3964
Gabo-13,2625.5472,13.3738,105.4494,0.514942,2.2338,2.1412,-2.2295,2610.7486,2624.5486
Gabo-13,2625.6996,13.7372,103.5492,0.529848,2.2045,2.1831,-1.8898,2610.9009,2624.7009
Gabo-13,2625.852,14.1566,102.4629,0.558282,2.1859,2.2073,-1.6888,2611.0531,2624.8531
Gabo-13,2626.0044,14.085,102.3495,0.616004,2.1864,2.2179,-1.5864,2611.2053,2625.0053
Gabo-13,2626.1568,13.6067,103.3945,0.667908,2.1943,2.2187,-1.7038,2611.3575,2625.1575
Gabo-13,2626.3092,13.3405,102.9222,0.664072,2.1899,2.2094,-1.6855,2611.5098,2625.3098
Gabo-13,2626.4616,13.6626,102.6472,0.684319,2.183,2.1864,-1.5534,2611.662,2625.462
Gabo-13,2626.614,14.3015,102.5199,0.750452,2.1748,2.1494,-1.4976,2611.8142,2625.6142
Gabo-13,2626.7664,14.8128,101.3569,0.788814,2.1557,2.106,-1.5112,2611.9664,2625.7664
Gabo-13,2626.9188,14.5859,101.9625,0.743206,2.1368,2.0713,-1.4349,2612.1187,2625.9187
Gabo-13,2627.0712,14.5271,105.2408,0.655658,2.1318,2.0508,-1.2337,2612.2709,2626.0709
Gabo-13,2627.2236,14.7734,108.8594,0.584215,2.13,2.0461,-1.0615,2612.4231,2626.2231
Gabo-13,2627.376,15.0251,111.0011,0.554635,2.1181,2.0588,-0.967,2612.5754,2626.3754
Gabo-13,2627.5284,14.9114,112.7038,0.550004,2.107,2.0837,-0.7865,2612.7276,2626.5276
Gabo-13,2627.6808,14.2713,115.3822,0.514197,2.1236,2.1048,-0.6145,2612.8798,2626.6798
Gabo-13,2627.8332,13.6172,116.953,0.457546,2.1747,2.107,-0.6103,2613.032,2626.832
Gabo-13,2627.9856,13.3138,116.809,0.422308,2.2487,2.0831,-0.7248,2613.1843,2626.9843
Gabo-13,2628.138,13.4008,118.9154,0.418828,2.3168,2.0308,-0.7846,2613.3365,2627.1365
Gabo-13,2628.2904,13.8641,120.0629,0.424375,2.3427,1.9522,-0.8125,2613.4887,2627.2887
Gabo-13,2628.4428,14.11,116.6899,0.447976,2.3375,1.8559,-0.789,2613.641,2627.441
Gabo-13,2628.5952,14.0477,109.3817,0.495087,2.3297,1.7517,-0.6347,2613.7932,2627.5932
Gabo-13,2628.7476,14.2347,101.9561,0.531863,2.3244,1.6522,-0.4057,2613.9454,2627.7454
Gabo-13,2628.9,14.676,101.946,0.527222,2.2969,1.5748,-0.362,2614.0976,2627.8976
Gabo-13,2629.0524,14.8256,104.9255,0.528833,2.257,1.5221,-0.4587,2614.2499,2628.0499
Gabo-13,2629.2048,14.6551,106.6986,0.564832,2.2234,1.4911,-0.5287,2614.4021,2628.2021
Gabo-13,2629.3572,14.4728,105.3153,0.611657,2.2011,1.483,-0.5425,2614.5543,2628.3543
Gabo-13,2629.5096,13.6901,104.4012,0.639787,2.1908,1.5005,-0.6067,2614.7066,2628.5066
Gabo-13,2629.662,13.1973,104.1509,0.633842,2.1909,1.539,-0.7132,2614.8588,2628.6588
Gabo-13,2629.8144,13.0474,104.4709,0.591025,2.1968,1.6003,-0.8893,2615.011,2628.811
Gabo-13,2629.9668,12.7626,105.852,0.529311,2.2047,1.6952,-1.2115,2615.1633,2628.9633
Gabo-13,2630.1192,12.2485,107.9787,0.491296,2.2163,1.8294,-1.6236,2615.3155,2629.1155
Gabo-13,2630.2716,12.1299,109.2323,0.476361,2.2382,1.9769,-1.9863,2615.4677,2629.2677
Gabo-13,2630.424,12.306,110.3085,0.456739,2.2721,2.1045,-2.393,2615.6199,2629.4199
Gabo-13,2630.5764,12.4544,112.8288,0.418811,2.3137,2.1941,-2.8509,2615.7722,2629.5722
Gabo-13,2630.7288,12.3638,120.378,0.381674,2.3564,2.2469,-3.0009,2615.9244,2629.7244
Gabo-13,2630.8812,12.1775,129.4079,0.387122,2.3918,2.2784,-2.7641,2616.0766,2629.8766
Gabo-13,2631.0336,12.0801,133.9403,0.445137,2.4027,2.2976,-2.3832,2616.2289,2630.0289
Gabo-13,2631.186,12.0974,131.0592,0.521423,2.3765,2.3122,-2.1212,2616.3811,2630.1811
Gabo-13,2631.3384,12.0485,120.1815,0.554863,2.3245,2.3552,-2.1987,2616.5333,2630.3333
Gabo-13,2631.4908,11.9728,112.6722,0.527176,2.2861,2.5083,-2.7463,2616.6855,2630.4855
Gabo-13,2631.6432,11.9108,110.7671,0.476091,2.2785,2.855,-3.9057,2616.8378,2630.6378
Gabo-13,2631.7956,11.8847,110.9219,0.437702,2.2951,3.4723,-5.6564,2616.99,2630.79
Gabo-13,2631.948,11.9482,107.172,0.416758,2.3303,4.3788,-7.7324,2617.1422,2630.9422
Gabo-13,2632.1004,12.0005,101.5644,0.382306,2.386,5.3784,-9.7562,2617.2944,2631.0944
Gabo-13,2632.2528,12.0251,96.2697,0.331731,2.4429,6.2494,-11.408,2617.4467,2631.2467
Gabo-13,2632.4052,12.0367,91.9734,0.292475,2.4773,6.8993,-12.6003,2617.5989,2631.3989
Gabo-13,2632.5576,12.039,89.2864,0.28646,2.4804,7.3039,-13.4127,2617.7511,2631.5511
Gabo-13,2632.71,12.039,91.0868,0.300703,2.4626,7.4371,-13.8882,2617.9034,2631.7034
Gabo-13,2632.8624,12.039,97.0293,0.31826,2.4275,7.3229,-13.9119,2618.0556,2631.8556
Gabo-13,2633.0148,12.0487,102.5601,0.337748,2.3795,7.1142,-13.5173,2618.2078,2632.0078
Gabo-13,2633.1672,12.0796,102.6747,0.354645,2.3374,7.1398,-13.0682,2618.36,2632.16
Gabo-13,2633.3196,12.138,93.5205,0.35024,2.3318,7.912,-13.1462,2618.5122,2632.3122
Gabo-13,2633.472,12.1519,79.1836,0.330248,2.3541,9.6635,-13.7,2618.6645,2632.4645
Gabo-13,2633.6244,12.1334,64.55,0.306079,2.3685,12.4463,-14.4879,2618.8167,2632.6167
Gabo-13,2633.7768,12.1132,52.7542,0.279331,2.3479,16.4377,-15.3385,2618.9689,2632.7689
Gabo-13,2633.9292,12.0659,47.5845,0.247838,2.2915,22.2174,-15.9589,2619.1211,2632.9211
Gabo-13,2634.0816,12.0478,48.071,0.213936,2.2286,31.3174,-16.1797,2619.2734,2633.0734
Gabo-13,2634.234,12.0471,51.0539,0.183056,2.1836,47.1103,-16.2074,2619.4256,2633.2256
Gabo-13,2634.3864,12.0412,54.2094,0.157139,2.1609,75.053,-16.272,2619.5778,2633.3778
Gabo-13,2634.5388,12.039,54.5909,0.132821,2.1522,116.8547,-16.3741,2619.73,2633.53
Gabo-13,2634.6912,12.0472,52.7602,0.107425,2.1464,158.1424,-16.3483,2619.8822,2633.6822
Gabo-13,2634.8436,12.078,52.3968,0.08514,2.133,190.4242,-16.2002,2620.0345,2633.8345
Gabo-13,2634.996,12.1202,55.9262,0.070977,2.1063,214.2617,-16.0728,2620.1867,2633.9867
Gabo-13,2635.1484,12.1327,65.2575,0.069521,2.0726,231.3586,-16.0569,2620.3389,2634.1389
Gabo-13,2635.3008,12.0999,71.8839,0.085974,2.0548,241.2352,-16.125,2620.4911,2634.2911
Gabo-13,2635.4532,12.0637,73.9455,0.114049,2.0613,240.015,-16.4358,2620.6433,2634.4433
Gabo-13,2635.6056,12.0593,74.0613,0.138904,2.0809,229.2116,-16.7669,2620.7956,2634.5956
Gabo-13,2635.758,12.1125,75.3879,0.147916,2.097,215.8411,-16.7285,2620.9478,2634.7478
Gabo-13,2635.9104,12.1326,79.8368,0.145398,2.1,205.3457,-16.6172,2621.1,2634.9
Gabo-13,2636.0628,12.1659,80.5554,0.148687,2.0957,198.3291,-16.6652,2621.2522,2635.0522
Gabo-13,2636.2152,12.21,78.3089,0.165392,2.0896,192.0332,-16.7356,2621.4044,2635.2044
Gabo-13,2636.3676,12.2256,77.4076,0.189813,2.082,182.4105,-16.706,2621.5566,2635.3566
Gabo-13,2636.52,12.227,80.0511,0.207702,2.0738,166.1083,-16.6955,2621.7088,2635.5088
Gabo-13,2636.6724,12.227,84.1958,0.214483,2.0703,145.1454,-16.7274,2621.8611,2635.6611
Gabo-13,2636.8248,12.2239,86.3729,0.220012,2.0745,124.0088,-16.6695,2622.0133,2635.8133
Gabo-13,2636.9772,12.214,84.4115,0.230399,2.0843,105.6174,-16.571,2622.1655,2635.9655
Gabo-13,2637.1296,12.192,78.2326,0.23765,2.0938,90.6176,-16.7669,2622.3177,2636.1177
Gabo-13,2637.282,12.1831,72.506,0.236165,2.0993,79.053,-17.2452,2622.4699,2636.2699
Gabo-13,2637.4344,12.1944,71.8098,0.227656,2.102,72.4031,-17.7543,2622.6221,2636.4221
Gabo-13,2637.5868,12.2112,76.6719,0.213172,2.1026,72.6404,-18.1631,2622.7743,2636.5743
Gabo-13,2637.7392,12.1882,82.198,0.193931,2.1015,80.2974,-18.4863,2622.9266,2636.7266
Gabo-13,2637.8916,12.155,82.425,0.180821,2.1009,91.9911,-18.7287,2623.0788,2636.8788
Gabo-13,2638.044,12.1149,79.6037,0.181601,2.1013,103.9905,-18.8459,2623.231,2637.031
Gabo-13,2638.1964,12.0721,76.3068,0.190072,2.1,113.7102,-18.9408,2623.3832,2637.1832
Gabo-13,2638.3488,12.0526,73.9063,0.193587,2.0949,118.729,-19.1393,2623.5354,2637.3354
Gabo-13,2638.5012,12.044,72.1511,0.19452,2.0899,117.6413,-19.2192,2623.6876,2637.4876
Gabo-13,2638.6536,12.0422,70.7075,0.204271,2.0879,110.9015,-19.1776,2623.8398,2637.6398
Gabo-13,2638.806,12.0597,70.4586,0.219763,2.0877,100.165,-19.1118,2623.992,2637.792
Gabo-13,2638.9584,12.1132,72.8417,0.227949,2.0869,87.7696,-19.0258,2624.1442,2637.9442
Gabo-13,2639.1108,12.1144,78.6446,0.227456,2.0878,76.5611,-18.952,2624.2964,2638.0964
Gabo-13,2639.2632,12.0942,90.3693,0.229365,2.094,68.9319,-18.9787,2624.4487,2638.2487
Gabo-13,2639.4156,12.0729,103.1791,0.232077,2.1066,66.5768,-19.0786,2624.6009,2638.4009
Gabo-13,2639.568,12.0467,109.7831,0.224698,2.1236,70.3589,-19.0979,2624.7531,2638.5531
Gabo-13,2639.7204,12.039,100.9478,0.204164,2.1415,78.7713,-18.94,2624.9053,2638.7053
Gabo-13,2639.8728,12.0502,81.9692,0.180534,2.1597,87.2996,-18.8519,2625.0575,2638.8575
Gabo-13,2640.0252,12.1037,63.1144,0.161467,2.1752,92.8802,-18.8701,2625.2097,2639.0097
Gabo-13,2640.1776,12.2161,51.3865,0.149165,2.1823,94.5531,-18.8693,2625.3619,2639.1619
Gabo-13,2640.33,12.3522,52.6924,0.143221,2.1792,91.875,-18.8441,2625.5141,2639.3141
Gabo-13,2640.4824,12.4819,61.2149,0.139921,2.1788,84.4922,-18.7842,2625.6663,2639.4663
Gabo-13,2640.6348,12.5533,71.9662,0.140338,2.1865,72.7968,-18.6329,2625.8185,2639.6185
Gabo-13,2640.7872,12.5373,84.2056,0.149568,2.1954,58.305,-18.409,2625.9707,2639.7707
Gabo-13,2640.9396,12.4342,100.2644,0.171714,2.1981,44.0942,-18.2697,2626.1229,2639.9229
Gabo-13,2641.092,12.3349,109.7573,0.201789,2.2011,33.2666,-18.3549,2626.2751,2640.0751
Gabo-13,2641.2444,12.2565,109.495,0.22751,2.2105,26.0381,-18.5544,2626.4273,2640.2273
Gabo-13,2641.3968,12.1904,104.2535,0.241075,2.2165,21.5058,-18.7581,2626.5795,2640.3795
Gabo-13,2641.5492,12.136,103.8204,0.246856,2.2029,19.0032,-18.9644,2626.7317,2640.5317
Gabo-13,2641.7016,12.0855,111.6268,0.261802,2.1779,17.6682,-19.1643,2626.8839,2640.6839
Gabo-13,2641.854,12.0533,122.0105,0.282262,2.1694,16.7898,-19.3767,2627.0361,2640.8361
Gabo-13,2642.0064,12.0335,131.7208,0.289108,2.1906,16.0979,-19.6263,2627.1883,2640.9883
Gabo-13,2642.1588,12.0049,139.573,0.27495,2.2295,15.6147,-19.9434,2627.3405,2641.1405
Gabo-13,2642.3112,11.9716,142.1997,0.26437,2.2525,15.6145,-20.3653,2627.4927,2641.2927
Gabo-13,2642.4636,11.9522,138.1873,0.264848,2.2501,16.4405,-20.8169,2627.6449,2641.4449
Gabo-13,2642.616,11.9459,128.2679,0.255056,2.2343,18.499,-21.2831,2627.7971,2641.5971
Gabo-13,2642.7684,11.9465,113.507,0.216686,2.2152,22.306,-21.737,2627.9493,2641.7493
Gabo-13,2642.9208,11.9685,94.358,0.1629,2.1898,27.8833,-22.0119,2628.1015,2641.9015
Gabo-13,2643.0732,12.0037,77.1825,0.123271,2.1501,33.4682,-22.1416,2628.2537,2642.0537
Gabo-13,2643.2256,12.0126,66.1824,0.107675,2.1041,37.737,-22.1487,2628.4059,2642.2059
Gabo-13,2643.378,11.9774,62.699,0.1113,2.0722,40.3693,-22.0085,2628.5581,2642.3581
Gabo-13,2643.5304,11.9598,65.7592,0.127346,2.0741,41.2761,-21.8174,2628.7103,2642.5103
Gabo-13,2643.6828,11.9523,70.3218,0.148861,2.1,40.3684,-21.7323,2628.8625,2642.6625
Gabo-13,2643.8352,11.9469,75.2598,0.168948,2.1301,37.6553,-21.7453,2629.0147,2642.8147
Gabo-13,2643.9876,11.9452,80.8287,0.183315,2.1537,33.8215,-21.7926,2629.1669,2642.9669
Gabo-13,2644.14,11.945,86.5563,0.19174,2.1643,30.4269,-21.8892,2629.3191,2643.1191
Gabo-13,2644.2924,11.945,89.1569,0.198625,2.16,28.4804,-22.0899,2629.4713,2643.2713
Gabo-13,2644.4448,11.945,90.4621,0.207018,2.1504,27.8506,-22.3373,2629.6234,2643.4234
Gabo-13,2644.5972,11.945,91.7111,0.215425,2.1475,28.2681,-22.5737,2629.7756,2643.5756
Gabo-13,2644.7496,11.945,92.2275,0.218483,2.1573,29.6904,-22.7873,2629.9278,2643.7278
Gabo-13,2644.902,11.945,88.7997,0.211116,2.1716,31.9624,-22.9203,2630.08,2643.88
Gabo-13,2645.0544,11.945,82.8385,0.19684,2.1768,34.7804,-22.9121,2630.2322,2644.0322
Gabo-13,2645.2068,11.945,77.5741,0.181925,2.1646,37.8782,-22.7554,2630.3844,2644.1844
Gabo-13,2645.3592,11.945,76.2903,0.172918,2.1382,40.696,-22.5329,2630.5366,2644.3366
Gabo-13,2645.5116,11.945,76.1494,0.178726,2.1181,41.9988,-22.3875,2630.6888,2644.4888
Gabo-13,2645.664,11.945,76.3278,0.199682,2.1111,41.3289,-22.2161,2630.841,2644.641
Gabo-13,2645.8164,11.9461,78.6553,0.221912,2.1098,38.8668,-21.9539,2630.9931,2644.7931
Gabo-13,2645.9688,11.951,84.8707,0.233819,2.1088,34.9094,-21.6621,2631.1453,2644.9453
Gabo-13,2646.1212,11.9803,94.7234,0.244635,2.1117,30.0567,-21.3879,2631.2975,2645.0975
Gabo-13,2646.2736,11.9916,103.3069,0.266679,2.1243,25.2249,-21.143,2631.4497,2645.2497
Gabo-13,2646.426,11.9866,108.6753,0.289328,2.1475,21.0306,-20.9923,2631.6019,2645.4019
Gabo-13,2646.5784,11.9877,110.8517,0.29693,2.1767,17.7534,-20.9675,2631.7541,2645.5541
Gabo-13,2646.7308,12.0264,110.8499,0.290732,2.2002,15.4969,-20.9642,2631.9063,2645.7063
Gabo-13,2646.8832,12.0397,111.2205,0.288292,2.2064,14.0559,-20.8764,2632.0584,2645.8584
Gabo-13,2647.0356,12.0471,110.9349,0.297723,2.2053,13.1702,-20.7479,2632.2106,2646.0106
Gabo-13,2647.188,12.0689,109.9525,0.314973,2.2157,12.7365,-20.635,2632.3628,2646.1628
Gabo-13,2647.3404,12.0728,112.1914,0.330023,2.2428,12.7439,-20.6055,2632.515,2646.315
Gabo-13,2647.4928,12.0555,111.7316,0.332462,2.2584,13.1002,-20.8753,2632.6672,2646.4672
Gabo-13,2647.6452,12.0444,108.5248,0.320199,2.2444,13.6569,-21.4137,2632.8194,2646.6194
Gabo-13,2647.7976,12.0453,104.422,0.300539,2.2085,14.2892,-21.9826,2632.9715,2646.7715
Gabo-13,2647.95,12.0448,100.4774,0.284389,2.1721,14.848,-22.3653,2633.1237,2646.9237
Gabo-13,2648.1024,12.0414,102.1699,0.27589,2.1515,15.1198,-22.5549,2633.2759,2647.0759
Gabo-13,2648.2548,12.0394,106.0563,0.274672,2.1453,14.9922,-22.5746,2633.4281,2647.2281
Gabo-13,2648.4072,12.0346,110.7945,0.276857,2.1483,14.4398,-22.3586,2633.5803,2647.3803
Gabo-13,2648.5596,12.0193,117.8235,0.27692,2.1623,13.4835,-21.8785,2633.7324,2647.5324
Gabo-13,2648.712,12.0241,126.4207,0.275452,2.1935,12.2615,-21.3093,2633.8846,2647.6846
Gabo-13,2648.8644,12.0336,132.8479,0.280859,2.2349,11.0038,-20.7842,2634.0368,2647.8368
Gabo-13,2649.0168,12.0466,134.6637,0.291261,2.2726,9.8919,-20.3131,2634.189,2647.989
Gabo-13,2649.1692,12.0683,130.9916,0.297918,2.2977,9.042,-19.915,2634.3411,2648.1411
Gabo-13,2649.3216,12.0346,126.372,0.298101,2.3091,8.5036,-19.6449,2634.4933,2648.2933
Gabo-13,2649.474,12.0113,122.8775,0.296998,2.3065,8.1949,-19.3745,2634.6455,2648.4455
Gabo-13,2649.6264,12.0167,122.9231,0.300342,2.2948,8.0317,-18.9773,2634.7977,2648.5977
Gabo-13,2649.7788,12.0366,127.3687,0.308451,2.2829,7.9862,-18.4761,2634.9498,2648.7498
Gabo-13,2649.9312,12.0639,130.401,0.312775,2.2777,8.0452,-18.0705,2635.102,2648.902
Gabo-13,2650.0836,12.0997,130.505,0.305505,2.2761,8.1494,-17.9733,2635.2542,2649.0542
Gabo-13,2650.236,12.1254,130.0133,0.29745,2.2733,8.2229,-18.0879,2635.4063,2649.2063
Gabo-13,2650.3884,12.1325,129.9366,0.29943,2.2685,8.2198,-18.1413,2635.5585,2649.3585
Gabo-13,2650.5408,12.133,129.3279,0.308103,2.2639,8.128,-17.853,2635.7107,2649.5107
Gabo-13,2650.6932,12.133,126.7227,0.314092,2.2637,7.959,-17.1876,2635.8629,2649.6629
Gabo-13,2650.8456,12.1336,123.4345,0.317229,2.2722,7.7139,-16.4114,2636.015,2649.815
Gabo-13,2650.998,12.1399,122.4781,0.318623,2.2878,7.3776,-15.6997,2636.1672,2649.9672
Gabo-13,2651.1504,12.1621,128.5891,0.319406,2.3021,6.952,-15.0534,2636.3194,2650.1194
Gabo-13,2651.3028,12.157,134.8721,0.330686,2.3092,6.5135,-14.4752,2636.4715,2650.2715
Gabo-13,2651.4552,12.1878,137.5886,0.352744,2.3189,6.1567,-13.9924,2636.6237,2650.4237
Gabo-13,2651.6076,12.2358,136.6482,0.360312,2.3387,5.9375,-13.5848,2636.7759,2650.5759
Gabo-13,2651.76,12.2214,132.3997,0.330899,2.3653,5.8854,-13.291,2636.928,2650.728
Gabo-13,2651.9124,12.1485,128.6155,0.28762,2.3866,5.9985,-13.3789,2637.0802,2650.8802
Gabo-13,2652.0648,12.0999,126.2793,0.258373,2.3921,6.2092,-13.9366,2637.2324,2651.0324
Gabo-13,2652.2172,12.0896,123.0717,0.249575,2.3783,6.4569,-14.6523,2637.3845,2651.1845
Gabo-13,2652.3696,12.1011,117.2543,0.255817,2.3504,6.7089,-15.1679,2637.5367,2651.3367
Gabo-13,2652.522,12.1217,115.8989,0.267137,2.3225,6.9336,-15.426,2637.6889,2651.4889
Gabo-13,2652.6744,12.1299,119.0325,0.279273,2.3035,7.0903,-15.5598,2637.841,2651.641
Gabo-13,2652.8268,12.1282,121.5648,0.290433,2.2906,7.1405,-15.6073,2637.9932,2651.7932
Gabo-13,2652.9792,12.125,120.7223,0.302745,2.2775,7.0584,-15.5695,2638.1453,2651.9453
Gabo-13,2653.1316,12.1247,119.0434,0.321259,2.2636,6.8489,-15.442,2638.2975,2652.0975
Gabo-13,2653.284,12.1163,116.0573,0.338758,2.2605,6.5707,-15.0216,2638.4497,2652.2497
Gabo-13,2653.4364,12.1207,113.6362,0.353381,2.2746,6.2719,-14.2137,2638.6018,2652.4018
Gabo-13,2653.5888,12.1598,113.307,0.366323,2.3019,5.966,-13.2011,2638.754,2652.554
Gabo-13,2653.7412,12.2547,115.0537,0.372637,2.3315,5.6516,-12.247,2638.9061,2652.7061
Gabo-13,2653.8936,12.3864,119.2484,0.370572,2.3531,5.3315,-11.2395,2639.0583,2652.8583
Gabo-13,2654.046,12.5075,124.0675,0.371861,2.3665,5.0168,-10.1074,2639.2105,2653.0105
Gabo-13,2654.1984,12.6074,127.727,0.381445,2.3771,4.7249,-8.9681,2639.3626,2653.1626
Gabo-13,2654.3508,12.7029,128.5224,0.389744,2.3912,4.4792,-7.8921,2639.5148,2653.3148
Gabo-13,2654.5032,12.7343,126.7392,0.387047,2.4113,4.2958,-6.7585,2639.6669,2653.4669
Gabo-13,2654.6556,12.746,127.3165,0.38327,2.4298,4.1669,-5.7406,2639.8191,2653.6191
Gabo-13,2654.808,12.7378,128.8511,0.392712,2.4392,4.0784,-5.0517,2639.9712,2653.7712
Gabo-13,2654.9604,12.6677,126.426,0.416463,2.4377,4.0184,-4.6577,2640.1234,2653.9234
Gabo-13,2655.1128,12.5854,124.5656,0.431583,2.431,3.9748,-4.2877,2640.2755,2654.0755
Gabo-13,2655.2652,12.5542,126.28,0.42252,2.4267,3.935,-3.8807,2640.4277,2654.2277
Gabo-13,2655.4176,12.5852,128.8207,0.402263,2.4266,3.8838,-3.4291,2640.5798,2654.3798
Gabo-13,2655.57,12.6675,128.738,0.392668,2.4294,3.8052,-2.9321,2640.732,2654.532
Gabo-13,2655.7224,12.7379,123.9898,0.404186,2.4337,3.6905,-2.5282,2640.8841,2654.6841
Gabo-13,2655.8748,12.7963,119.1631,0.433328,2.44,3.5527,-2.2618,2641.0363,2654.8363
Gabo-13,2656.0272,12.7652,116.8378,0.474157,2.4452,3.4128,-2.0422,2641.1884,2654.9884
Gabo-13,2656.1796,12.6053,116.8817,0.516767,2.4459,3.2908,-1.7509,2641.3406,2655.1406
Gabo-13,2656.332,12.4763,115.666,0.537713,2.4429,3.2049,-1.3863,2641.4927,2655.2927
Gabo-13,2656.4844,12.3946,114.6393,0.519772,2.4396,3.1512,-1.2008,2641.6449,2655.4449
Gabo-13,2656.6368,12.3846,116.7325,0.484903,2.4392,3.1217,-1.1392,2641.797,2655.597
Gabo-13,2656.7892,12.4352,121.2395,0.457346,2.4432,3.1073,-1.085,2641.9492,2655.7492
Gabo-13,2656.9416,12.4282,122.0855,0.439503,2.4488,3.095,-1.0902,2642.1013,2655.9013
Gabo-13,2657.094,12.3707,120.3807,0.428577,2.4495,3.0782,-1.0825,2642.2535,2656.0535
Gabo-13,2657.2464,12.3996,120.1964,0.436527,2.4467,3.0512,-1.0121,2642.4056,2656.2056
Gabo-13,2657.3988,12.493,121.9667,0.464502,2.4471,3.0149,-0.9191,2642.5578,2656.3578
Gabo-13,2657.5512,12.4803,123.6091,0.486024,2.4525,2.9746,-0.8523,2642.7099,2656.5099
Gabo-13,2657.7036,12.4622,125.6624,0.465988,2.4543,2.9284,-0.7838,2642.862,2656.662
Gabo-13,2657.856,12.5238,125.423,0.423346,2.4523,2.8835,-0.6357,2643.0142,2656.8142
Gabo-13,2658.0084,12.5872,122.2463,0.397485,2.4515,2.8482,-0.4917,2643.1663,2656.9663
Gabo-13,2658.1608,12.5251,117.3307,0.409417,2.4535,2.8232,-0.4739,2643.3185,2657.1185
Gabo-13,2658.3132,12.4853,118.5724,0.439815,2.4547,2.8005,-0.4671,2643.4706,2657.2706
Gabo-13,2658.4656,12.4984,118.9244,0.451135,2.4526,2.7735,-0.3941,2643.6227,2657.4227
Gabo-13,2658.618,12.5298,115.4405,0.448741,2.4478,2.7399,-0.3336,2643.7749,2657.5749
Gabo-13,2658.7704,12.5623,109.7044,0.460256,2.444,2.699,-0.2982,2643.927,2657.727
Gabo-13,2658.9228,12.6434,109.0391,0.491362,2.4433,2.6501,-0.1461,2644.0792,2657.8792
Gabo-13,2659.0752,12.6579,113.9815,0.5195,2.4357,2.5937,-0.0029,2644.2313,2658.0313
Gabo-13,2659.2276,12.5988,118.1855,0.518982,2.4217,2.5359,-0.0449,2644.3834,2658.1834
Gabo-13,2659.38,12.5131,118.0077,0.491847,2.4148,2.4855,-0.2268,2644.5356,2658.3356
Gabo-13,2659.5324,12.4702,117.2312,0.475768,2.4278,2.4501,-0.349,2644.6877,2658.4877
Gabo-13,2659.6848,12.4542,117.3492,0.489192,2.4448,2.4274,-0.4448,2644.8398,2658.6398
Gabo-13,2659.8372,12.5562,119.2603,0.514572,2.4476,2.4118,-0.5597,2644.992,2658.792
Gabo-13,2659.9896,12.7446,122.4015,0.526573,2.4435,2.4014,-0.6351,2645.1441,2658.9441
Gabo-13,2660.142,12.7132,123.0912,0.510701,2.4538,2.3998,-0.6158,2645.2962,2659.0962
Gabo-13,2660.2944,12.6611,120.4047,0.483733,2.4703,2.4144,-0.5575,2645.4484,2659.2484
Gabo-13,2660.4468,12.6477,119.9123,0.467762,2.4764,2.4439,-0.4884,2645.6005,2659.4005
Gabo-13,2660.5992,12.6242,122.4918,0.468508,2.4673,2.4828,-0.4034,2645.7526,2659.5526
Gabo-13,2660.7516,12.5465,124.3814,0.477799,2.4496,2.5282,-0.3168,2645.9048,2659.7048
Gabo-13,2660.904,12.6022,124.61,0.480589,2.44,2.5816,-0.2656,2646.0569,2659.8569
Gabo-13,2661.0564,12.6066,123.9226,0.473208,2.4434,2.6403,-0.2807,2646.209,2660.009
Gabo-13,2661.2088,12.5749,122.0503,0.462739,2.4487,2.693,-0.3602,2646.3612,2660.1612
Gabo-13,2661.3612,12.6814,118.3458,0.458573,2.4469,2.7237,-0.4616,2646.5133,2660.3133
Gabo-13,2661.5136,12.7227,117.4127,0.465507,2.4473,2.7201,-0.5006,2646.6654,2660.4654
Gabo-13,2661.666,12.7021,116.6018,0.480071,2.45,2.6855,-0.4364,2646.8176,2660.6176
Gabo-13,2661.8184,12.7274,115.3621,0.503713,2.4466,2.6374,-0.2907,2646.9697,2660.7697
Gabo-13,2661.9708,12.857,115.3611,0.528024,2.4367,2.5855,-0.2054,2647.1219,2660.9219
Gabo-13,2662.1232,12.9413,121.4503,0.52324,2.4311,2.5207,-0.372,2647.274,2661.074
Gabo-13,2662.2756,12.9741,126.4971,0.497439,2.4311,2.4497,-0.559,2647.4262,2661.2262
Gabo-13,2662.428,13.0204,127.5208,0.47778,2.4329,2.3843,-0.6854,2647.5783,2661.3783
Gabo-13,2662.5804,13.107,124.8808,0.474497,2.4347,2.3308,-0.788,2647.7304,2661.5304
Gabo-13,2662.7328,13.195,119.0062,0.476059,2.4353,2.2922,-0.7378,2647.8826,2661.6826
Gabo-13,2662.8852,13.0495,114.1822,0.469506,2.4351,2.2633,-0.5585,2648.0347,2661.8347
Gabo-13,2663.0376,12.9357,110.7647,0.460792,2.4347,2.2459,-0.4719,2648.1869,2661.9869
Gabo-13,2663.19,12.9824,107.8474,0.464352,2.4417,2.2426,-0.5159,2648.339,2662.139
Gabo-13,2663.3424,12.9395,104.8804,0.485185,2.4642,2.2472,-0.5023,2648.4912,2662.2912
Gabo-13,2663.4948,12.9359,106.3607,0.501078,2.4826,2.2509,-0.4083,2648.6433,2662.4433
Gabo-13,2663.6472,12.9191,110.3329,0.498323,2.4866,2.251,-0.3008,2648.7955,2662.5955
Gabo-13,2663.7996,12.8706,112.9035,0.487129,2.4846,2.2487,-0.1707,2648.9476,2662.7476
Gabo-13,2663.952,12.8901,109.7856,0.480878,2.4823,2.2424,-0.0277,2649.0998,2662.8998
Gabo-13,2664.1044,12.941,107.4545,0.474694,2.4678,2.2252,-0.0081,2649.2519,2663.0519
Gabo-13,2664.2568,12.9013,108.4255,0.479073,2.4497,2.1976,-0.0322,2649.4041,2663.2041
Gabo-13,2664.4092,12.8014,109.5864,0.497347,2.4469,2.1673,-0.0105,2649.5562,2663.3562
Gabo-13,2664.5616,12.745,106.7911,0.51205,2.4601,2.1433,0.0118,2649.7084,2663.5084
Gabo-13,2664.714,12.8643,101.4139,0.502726,2.4606,2.131,-0.0585,2649.8605,2663.6605
Gabo-13,2664.8664,13.0795,98.349,0.478345,2.4452,2.125,-0.1939,2650.0127,2663.8127
Gabo-13,2665.0188,13.208,96.8976,0.447763,2.4356,2.1216,-0.2441,2650.1649,2663.9649
Gabo-13,2665.1712,13.1275,95.215,0.422239,2.444,2.1221,-0.1571,2650.317,2664.117
Gabo-13,2665.3236,13.024,97.6176,0.428038,2.4572,2.1307,-0.1136,2650.4692,2664.2692
Gabo-13,2665.476,12.921,104.1889,0.453509,2.463,2.1502,-0.1632,2650.6213,2664.4213
Gabo-13,2665.6284,12.8863,110.088,0.478284,2.4653,2.1777,-0.2353,2650.7735,2664.5735
Gabo-13,2665.7808,12.9437,111.0238,0.502297,2.4677,2.2059,-0.308,2650.9256,2664.7256
Gabo-13,2665.9332,12.8645,101.4606,0.53465,2.4663,2.228,-0.3689,2651.0778,2664.8778
Gabo-13,2666.0856,12.7941,94.2233,0.563892,2.4639,2.2417,-0.3116,2651.23,2665.03
Gabo-13,2666.238,12.8158,95.3302,0.581387,2.4591,2.2456,-0.2627,2651.3821,2665.1821
Gabo-13,2666.3904,12.8844,102.5804,0.590964,2.4469,2.2377,-0.285,2651.5343,2665.3343
Gabo-13,2666.5428,12.8663,108.2622,0.595344,2.4272,2.2165,-0.2387,2651.6865,2665.4865
Gabo-13,2666.6952,12.9284,106.9395,0.583194,2.4116,2.1864,-0.1599,2651.8386,2665.6386
Gabo-13,2666.8476,13.0078,106.0091,0.553989,2.4089,2.1572,-0.0787,2651.9908,2665.7908
Gabo-13,2667,13.0236,108.7555,0.517973,2.4211,2.1357,0.0219,2652.143,2665.943
Gabo-13,2667.1524,12.9523,113.5194,0.49068,2.4411,2.1227,0.1394,2652.2951,2666.0951
Gabo-13,2667.3048,12.9065,111.7518,0.49127,2.4502,2.1156,0.2249,2652.4473,2666.2473
Gabo-13,2667.4572,12.9697,105.2335,0.517818,2.4513,2.1142,0.1326,2652.5995,2666.3995
Gabo-13,2667.6096,13.0776,99.302,0.54965,2.45,2.1176,-0.0953,2652.7516,2666.5516
Gabo-13,2667.762,13.1148,98.6216,0.556013,2.445,2.1234,-0.2713,2652.9038,2666.7038
Gabo-13,2667.9144,13.0107,100.9609,0.511488,2.4394,2.1315,-0.3371,2653.056,2666.856
Gabo-13,2668.0668,12.8841,100.971,0.447313,2.439,2.1399,-0.3785,2653.2081,2667.0081
Gabo-13,2668.2192,12.8319,100.7076,0.410755,2.4494,2.1452,-0.4035,2653.3603,2667.1603
Gabo-13,2668.3716,12.9043,103.6079,0.430483,2.4682,2.1476,-0.3714,2653.5125,2667.3125
Gabo-13,2668.524,13.1368,107.6338,0.505338,2.4795,2.1517,-0.3395,2653.6647,2667.4647
Gabo-13,2668.6764,13.2391,108.0015,0.59257,2.4783,2.1549,-0.4096,2653.8168,2667.6168
Gabo-13,2668.8288,13.1658,103.9706,0.648186,2.4683,2.1494,-0.4584,2653.969,2667.769
Gabo-13,2668.9812,13.0203,97.1164,0.661421,2.456,2.1288,-0.3644,2654.1212,2667.9212
Gabo-13,2669.1336,13.0631,92.7884,0.651926,2.451,2.0944,-0.212,2654.2734,2668.0734
Gabo-13,2669.286,13.1181,93.9565,0.630924,2.4538,2.0614,-0.0839,2654.4255,2668.2255
Gabo-13,2669.4384,12.9899,96.358,0.607438,2.4531,2.0331,0.0029,2654.5777,2668.3777
Gabo-13,2669.5908,12.7474,97.1659,0.575313,2.4471,2.0045,0.0353,2654.7299,2668.5299
Gabo-13,2669.7432,12.7694,96.1607,0.523391,2.4433,1.9734,0.0148,2654.8821,2668.6821
Gabo-13,2669.8956,12.8777,99.1581,0.486276,2.4369,1.9407,0.016,2655.0343,2668.8343
Gabo-13,2670.048,13.0712,105.28,0.476935,2.4287,1.9111,0.0567,2655.1864,2668.9864
Gabo-13,2670.2004,13.2991,110.9422,0.476483,2.4258,1.8867,0.04,2655.3386,2669.1386
Gabo-13,2670.3528,13.3507,111.9293,0.465155,2.4324,1.8664,-0.1252,2655.4908,2669.2908
Gabo-13,2670.5052,13.1916,112.2137,0.446748,2.4451,1.8494,-0.3294,2655.643,2669.443
Gabo-13,2670.6576,13.0688,112.5745,0.440765,2.4538,1.8374,-0.4758,2655.7952,2669.5952
Gabo-13,2670.81,13.0476,111.4602,0.454763,2.4507,1.8344,-0.581,2655.9473,2669.7473
Gabo-13,2670.9624,13.0804,107.5945,0.480814,2.4402,1.8443,-0.6572,2656.0995,2669.8995
Gabo-13,2671.1148,13.0527,106.4638,0.497138,2.443,1.8676,-0.6686,2656.2517,2670.0517
Gabo-13,2671.2672,13.0259,109.3946,0.483711,2.4567,1.8981,-0.7403,2656.4039,2670.2039
Gabo-13,2671.4196,13.0053,112.5512,0.449935,2.4672,1.9318,-0.9389,2656.5561,2670.3561
Gabo-13,2671.572,12.9573,112.4147,0.423461,2.4665,1.9682,-1.2642,2656.7083,2670.5083
Gabo-13,2671.7244,12.8729,108.9551,0.418893,2.4568,2.0058,-1.7601,2656.8605,2670.6605
Gabo-13,2671.8768,12.8851,107.7911,0.409168,2.4491,2.0395,-2.2545,2657.0127,2670.8127
Gabo-13,2672.0292,12.9168,108.7195,0.397956,2.4494,2.0667,-2.2675,2657.1648,2670.9648
Gabo-13,2672.1816,12.8855,110.0702,0.414453,2.4543,2.0869,-1.7489,2657.317,2671.117
Gabo-13,2672.334,12.8529,111.7833,0.465558,2.459,2.0945,-1.3308,2657.4692,2671.2692
Gabo-13,2672.4864,12.937,113.5191,0.50825,2.4691,2.0802,-1.1408,2657.6214,2671.4214
Gabo-13,2672.6388,13.0007,114.885,0.518425,2.4845,2.046,-0.9405,2657.7736,2671.5736
Gabo-13,2672.7912,12.9878,115.8411,0.51859,2.4962,2.0077,-0.6854,2657.9258,2671.7258
Gabo-13,2672.9436,13.0279,116.661,0.540017,2.489,1.9848,-0.5386,2658.078,2671.878
Gabo-13,2673.096,12.9293,114.0449,0.554572,2.4526,1.9769,-0.5883,2658.2302,2672.0302
Gabo-13,2673.2484,12.7903,107.5362,0.540846,2.4068,1.9702,-0.7296,2658.3824,2672.1824
Gabo-13,2673.4008,12.7213,100.9489,0.511427,2.3769,1.9603,-0.8362,2658.5346,2672.3346
Gabo-13,2673.5532,12.7623,100.9805,0.486657,2.3779,1.9539,-0.8749,2658.6868,2672.4868
Gabo-13,2673.7056,12.8827,105.042,0.472699,2.4058,1.9573,-0.9133,2658.839,2672.639
Gabo-13,2673.858,12.9557,110.5037,0.474185,2.433,1.9648,-0.9011,2658.9912,2672.7912
Gabo-13,2674.0104,12.9275,115.4155,0.49402,2.4441,1.9693,-0.845,2659.1434,2672.9434
Gabo-13,2674.1628,12.7975,117.5862,0.523946,2.4404,1.9693,-0.8257,2659.2956,2673.0956
Gabo-13,2674.3152,12.8519,116.3902,0.544794,2.4279,1.9692,-0.813,2659.4478,2673.2478
Gabo-13,2674.4676,12.9475,114.5621,0.553882,2.4183,1.9707,-0.7159,2659.6,2673.4
Gabo-13,2674.62,13.0343,114.1036,0.534266,2.4206,1.9694,-0.574,2659.7522,2673.5522
Gabo-13,2674.7724,13.1453,115.875,0.487407,2.4358,1.9607,-0.4739,2659.9044,2673.7044
Gabo-13,2674.9248,13.1721,119.1398,0.478804,2.4538,1.9449,-0.4339,2660.0566,2673.8566
Gabo-13,2675.0772,13.1232,118.6795,0.526848,2.4613,1.9267,-0.456,2660.2088,2674.0088
Gabo-13,2675.2296,13.1024,115.0247,0.558048,2.4548,1.9113,-0.5061,2660.361,2674.161
Gabo-13,2675.382,13.1633,110.5834,0.532851,2.4435,1.8988,-0.5238,2660.5132,2674.3132
Gabo-13,2675.5344,13.2647,108.4649,0.498423,2.4421,1.8849,-0.4694,2660.6654,2674.4654
Gabo-13,2675.6868,13.2584,107.3963,0.474084,2.4448,1.8722,-0.4087,2660.8176,2674.6176
Gabo-13,2675.8392,13.1793,106.8599,0.454872,2.4334,1.8629,-0.4472,2660.9698,2674.7698
Gabo-13,2675.9916,13.0508,106.9524,0.446014,2.4026,1.8546,-0.5902,2661.122,2674.922
Gabo-13,2676.144,12.7983,107.3962,0.461682,2.3645,1.8414,-0.7636,2661.2742,2675.0742
Gabo-13,2676.2964,12.6194,107.8545,0.507476,2.335,1.8198,-0.9486,2661.4264,2675.2264
Gabo-13,2676.4488,12.5995,108.6908,0.5634,2.3171,1.7913,-1.0682,2661.5786,2675.3786
Gabo-13,2676.6012,12.6271,109.8388,0.597555,2.3079,1.761,-1.036,2661.7308,2675.5308
Gabo-13,2676.7536,12.4865,110.7553,0.586151,2.3072,1.7338,-0.9454,2661.8831,2675.6831
Gabo-13,2676.906,12.445,108.6735,0.546319,2.3158,1.7099,-1.0851,2662.0353,2675.8353
Gabo-13,2677.0584,12.5929,105.4613,0.519845,2.3214,1.6916,-1.2342,2662.1875,2675.9875
Gabo-13,2677.2108,12.7843,103.9604,0.520573,2.3158,1.6788,-1.2094,2662.3397,2676.1397
Gabo-13,2677.3632,12.8375,106.2233,0.531232,2.3033,1.6683,-1.0835,2662.4919,2676.2919
Gabo-13,2677.5156,12.6618,106.7544,0.528021,2.2962,1.6592,-0.9426,2662.6441,2676.4441
Gabo-13,2677.668,12.6257,107.252,0.52554,2.2947,1.6546,-0.9023,2662.7963,2676.5963
Gabo-13,2677.8204,12.6642,108.5905,0.540531,2.2911,1.6517,-0.9593,2662.9485,2676.7485
Gabo-13,2677.9728,12.5935,109.5858,0.569042,2.2839,1.6417,-1.0306,2663.1008,2676.9008
Gabo-13,2678.1252,12.6129,105.3884,0.595688,2.2789,1.618,-1.0328,2663.253,2677.053
Gabo-13,2678.2776,12.6563,102.2409,0.615788,2.2719,1.5928,-0.8954,2663.4052,2677.2052
Gabo-13,2678.43,12.6774,103.1572,0.616433,2.2605,1.573,-0.782,2663.5574,2677.3574
Gabo-13,2678.5824,12.6892,106.9441,0.589156,2.2479,1.555,-0.8601,2663.7096,2677.5096
Gabo-13,2678.7348,12.7052,108.0539,0.548968,2.2398,1.5338,-1.0503,2663.8618,2677.6618
Gabo-13,2678.8872,12.788,105.1498,0.518738,2.2438,1.5087,-1.1429,2664.0141,2677.8141
Gabo-13,2679.0396,12.9312,104.2387,0.508464,2.2609,1.4834,-1.123,2664.1663,2677.9663
Gabo-13,2679.192,13.0567,106.5962,0.515673,2.2853,1.4604,-1.0504,2664.3185,2678.1185
Gabo-13,2679.3444,12.987,106.4033,0.53609,2.3063,1.4391,-0.9042,2664.4707,2678.2707
Gabo-13,2679.4968,12.9696,105.1417,0.577323,2.3152,1.4182,-0.8489,2664.623,2678.423
Gabo-13,2679.6492,12.9833,104.581,0.636244,2.312,1.4068,-1.9186,2664.7752,2678.5752
Gabo-13,2679.8016,12.9736,104.7247,0.663504,2.3059,1.4107,-5.7428,2664.9274,2678.7274
Gabo-13,2679.954,12.9591,105.2025,0.613812,2.3123,1.4342,-10.1015,2665.0796,2678.8796
Gabo-13,2680.1064,12.8133,108.1292,0.553443,2.3422,1.4898,-6.8595,2665.2318,2679.0318
Gabo-13,2680.2588,12.6595,111.3095,0.538944,2.383,1.5671,-1.6214,2665.3841,2679.1841
Gabo-13,2680.4112,12.5732,112.113,0.557977,2.4173,1.6502,0.3498,2665.5363,2679.3363
Gabo-13,2680.5636,12.5474,108.8821,0.575692,2.4317,1.7282,0.5881,2665.6885,2679.4885
Gabo-13,2680.716,12.2337,106.1158,0.576556,2.4147,1.7915,0.5883,2665.8407,2679.6407
Gabo-13,2680.8684,11.9649,106.5432,0.579163,2.3741,1.8436,0.5851,2665.993,2679.793
Gabo-13,2681.0208,11.8675,107.0797,0.598081,2.3277,1.903,0.5835,2666.1452,2679.9452
Gabo-13,2681.1732,11.8851,104.6207,0.615703,2.3017,2.0061,0.5821,2666.2974,2680.0974
Gabo-13,2681.3256,11.9534,100.7654,0.593633,2.3288,2.2084,0.5707,2666.4496,2680.2496
Gabo-13,2681.478,11.9383,99.353,0.555537,2.393,2.5091,0.5531,2666.6019,2680.4019
Gabo-13,2681.6304,11.8886,99.3421,0.530999,2.4483,2.8375,0.541,2666.7541,2680.5541
Gabo-13,2681.7828,11.8795,99.1573,0.525146,2.4688,3.1163,0.538,2666.9063,2680.7063
Gabo-13,2681.9352,11.9491,98.7569,0.536085,2.4623,3.2959,0.5367,2667.0585,2680.8585
Gabo-13,2682.0876,12.0344,99.8167,0.56103,2.4535,3.3846,0.5337,2667.2108,2681.0108
Gabo-13,2682.24,12.0933,100.2324,0.59394,2.4547,3.3856,0.5336,2667.363,2681.163
Gabo-13,2682.3924,12.1138,99.2538,0.623484,2.4656,3.2675,0.5394,2667.5152,2681.3152
Gabo-13,2682.5448,12.0855,99.0847,0.631985,2.4791,3.014,0.5464,2667.6674,2681.4674
Gabo-13,2682.6972,12.0972,97.7308,0.615151,2.4825,2.7323,0.5451,2667.8197,2681.6197
Gabo-13,2682.8496,12.1445,94.2007,0.601521,2.4767,2.5438,0.5329,2667.9719,2681.7719
Gabo-13,2683.002,12.1909,89.5601,0.59242,2.4688,2.4621,0.5178,2668.1241,2681.9241
Gabo-13,2683.1544,12.203,85.748,0.566967,2.4616,2.4304,0.5078,2668.2763,2682.0763
Gabo-13,2683.3068,12.217,84.6599,0.542875,2.4491,2.4067,0.4983,2668.4286,2682.2286
Gabo-13,2683.4592,12.2319,84.2928,0.533613,2.4217,2.3842,0.4924,2668.5808,2682.3808
Gabo-13,2683.6116,12.1685,83.6851,0.534181,2.3829,2.3685,0.4926,2668.733,2682.533
Gabo-13,2683.764,11.9421,82.8852,0.54476,2.3465,2.3615,0.4954,2668.8852,2682.6852
Gabo-13,2683.9164,11.7476,81.8595,0.575888,2.3231,2.3554,0.4966,2669.0375,2682.8375
Gabo-13,2684.0688,11.8796,80.744,0.609287,2.3082,2.3476,0.4916,2669.1897,2682.9897
Gabo-13,2684.2212,12.1832,79.6449,0.627868,2.2931,2.3446,0.4891,2669.3419,2683.1419
Gabo-13,2684.3736,12.4138,78.656,0.632324,2.2758,2.3496,0.4927,2669.4941,2683.2941
