depth_m,gamma_ray_api,NP,PHIE,density_gcc,resistivity_ohmm,micro_resistivity_ohmm,SWE,VCL,FACIES,SW_RBB,PERM_ARI_5NN,PERM_GEO_5NN,PHIT,NTG_15_35,LOGPERM_ARI,LOGPERM_GEO,caliper_in
1699.8697,100.38040161,0.43325001,0.0270339996,2.2599999905,1.0398999453,1.1160999537,1.0,0.6773999929,,,,,0.2281659991,0.0,,,8.5
1700.0221,100.21779633,0.4477010071,0.0064730002,2.2809000015,1.0349999666,1.1073999405,1.0,0.7026000023,,,,,0.2150849998,0.0,,,8.5
1700.1745,100.13819885,0.4900969863,0.0001,2.2651000023,1.030099988,1.0994999409,1.0,0.7675999999,,,,,0.2280039936,0.0,,,8.5
1700.3269,100.50779724,0.4792850018,0.000578,2.2693998814,1.0242999792,1.0960999727,1.0,0.7511000037,,,,,0.2235549986,0.0,,,8.5
1700.4793,100.87789917,0.4823249876,0.0001,2.2755000591,1.018599987,1.0928000212,1.0,0.7566000223,,,,,0.2246980071,0.0,,,8.5
1700.6317,101.24759674,0.4580230117,0.0183729995,2.2565000057,1.0127999783,1.0894999504,1.0,0.7160999775,,,,,0.2309270054,0.0,,,8.5
1700.7841,101.16110229,0.4607920051,0.0287209991,2.23939991,1.0151000023,1.0885000229,1.0,0.7185000181,,,,,0.2419669926,0.0,,,8.5
1700.9365,100.99880219,0.4374350011,0.0533920005,2.2184000015,1.0187000036,1.0879000425,1.0,0.6791999936,,,,,0.254963994,0.0,,,8.5
1701.0889,100.83499908,0.4304899871,0.0466400012,2.2330000401,1.022300005,1.087299943,1.0,0.6699000001,,,,,0.2454549968,0.0,,,8.5
1701.2413,100.64089966,0.4460510015,0.0441530012,2.2263998985,1.023900032,1.0867999792,1.0,0.6937000155,,,,,0.2500120103,0.0,,,8.5
1701.3937,100.42410278,0.4510209858,0.0569549985,2.2033998966,1.0240000486,1.0865000486,1.0,0.6988999844,,,,,0.2643330097,0.0,,,8.5
1701.5461,100.20629883,0.3946819901,0.0533920005,2.2184000015,1.0240000486,1.0861999989,0.9610999823,0.6049000025,,,,,0.254963994,0.0,,,8.5
1701.6985,100.11509705,0.3950119913,0.0466400012,2.2263998985,1.0238000154,1.0866999626,1.0,0.6071000099,,,,,0.2500120103,0.0,,,8.5
1701.8509,100.32230377,0.4318589866,0.0565420017,2.2174999714,1.0233000517,1.0889999866,1.0,0.6703000069,,,,,0.2554070055,0.0,,,8.5
1702.0033,100.55220032,0.4534910023,0.0357230008,2.2339999676,1.0226999521,1.0914000273,1.0,0.7063999772,,,,,0.2452699989,0.0,,,8.5
1702.1557,100.77220154,0.4570110142,0.0277169999,2.2435998917,1.0220999718,1.0937999487,1.0,0.7131000161,,,,,0.2392300069,0.0,,,8.5
1702.3081,100.49980164,0.4290089905,0.036621999,2.2488999367,1.0250999928,1.0957000256,1.0,0.6694999933,,,,,0.2352070063,0.0,,,8.5
1702.4605,100.17289734,0.4296450019,0.0272259992,2.2623999119,1.0283999443,1.0974999666,1.0,0.6721000075,,,,,0.2265650034,0.0,,,8.5
1702.6129,99.845199585,0.4555279911,0.009606,2.2713999748,1.0317000151,1.0993000269,1.0,0.7139999866,,,,,0.2213529944,0.0,,,8.5
1702.7653,100.50679779,0.4576349854,0.000861,2.2839999199,1.0363999605,1.1013000011,1.0,0.7188000083,,,,,0.2140180022,0.0,,,8.5
1702.9177,101.65720367,0.4778639972,0.0001,2.2757000923,1.0418000221,1.103399992,1.0,0.7497000098,,,,,0.2224210054,0.0,,,8.5
1703.0701,102.86229706,0.4410620034,0.0226879995,2.2616000175,1.0471999645,1.1054999828,1.0,0.6901000142,,,,,0.2272959948,0.0,,,8.5
1703.2225,102.99759674,0.4286389947,0.034630999,2.2521998882,1.0485999584,1.1068999767,1.0,0.6693999767,,,,,0.2330919951,0.0,,,8.5
1703.3749,101.6894989,0.412458986,0.0349510014,2.2623999119,1.0447000265,1.1073999405,1.0,0.6449999809,,,,,0.2261860073,0.0,,,8.5
1703.5273,100.13870239,0.4130119979,0.0310420003,2.2678000927,1.0398999453,1.1076999903,1.0,0.646600008,,,,,0.2227140069,0.0,,,8.5
1703.6797,98.935501099,0.4247919917,0.0236109998,2.2711000443,1.0358999968,1.1080000401,1.0,0.6654999852,,,,,0.2208919972,0.0,,,8.5
1703.8321,99.386703491,0.42642501,0.0291189998,2.2618999481,1.035599947,1.1082999706,1.0,0.6669999957,,,,,0.2268339992,0.0,,,8.5
1703.9845,100.20899963,0.4259769917,0.018313,2.2781999111,1.0362000465,1.1086000204,1.0,0.668200016,,,,,0.2163719982,0.0,,,8.5
1704.1369,101.03119659,0.4418520033,0.0132240001,2.2751998901,1.0368000269,1.108899951,1.0,0.6930000186,,,,,0.218592003,0.0,,,8.5
1704.2893,101.61569977,0.4657439888,0.001043,2.2778000832,1.0389000177,1.1109000444,1.0,0.7308999896,,,,,0.2176579982,0.0,,,8.5
1704.4417,102.10500336,0.4813480079,0.000136,2.2701001167,1.0415999889,1.1136000156,1.0,0.7547000051,,,,,0.2237669975,0.0,,,8.5
1704.5941,102.5868988,0.4529489875,0.006027,2.2785999775,1.0442999601,1.1162999868,1.0,0.7109000087,,,,,0.2166659981,0.0,,,8.5
1704.7465,102.47239685,0.4293160141,0.0182429999,2.2760999203,1.0505000353,1.1203000546,1.0,0.6733000278,,,,,0.2177380025,0.0,,,8.5
1704.8989,101.79879761,0.4119989872,0.0225900002,2.2811000347,1.0600999594,1.1253999472,1.0,0.646600008,,,,,0.2141530067,0.0,,,8.5
1705.0513,101.00099945,0.4206559956,0.016446,2.2844998837,1.070299983,1.1309000254,1.0,0.6606000066,,,,,0.2121610045,0.0,,,8.5
1705.2037,100.52320099,0.4094859958,0.0289760008,2.2734000683,1.0769000053,1.1345000267,1.0,0.6417000294,,,,,0.2190749943,0.0,,,8.5
1705.3561,100.79199982,0.4117659926,0.0428530015,2.2513999939,1.0749000311,1.1338000298,1.0,0.6427999735,,,,,0.2332459986,0.0,,,8.5
1705.5085,101.30570221,0.4527890086,0.0223389994,2.2546999454,1.0700999498,1.1316000223,1.0,0.7078999877,,,,,0.2320050001,0.0,,,8.5
1705.6609,101.79100037,0.4622910023,0.0001,2.2864999771,1.0652999878,1.1296000481,1.0,0.7265999913,,,,,0.2152930051,0.0,,,8.5
1705.8133,101.78739929,0.46074301,0.0001,2.2946000099,1.0628999472,1.1282999516,1.0,0.7250999808,,,,,0.2148379982,0.0,,,8.5
1705.9657,101.57099915,0.4161779881,0.0123279998,2.2936999798,1.0614000559,1.1274000406,1.0,0.6546999812,,,,,0.2062020004,0.0,,,8.5
1706.1181,101.35500336,0.4349679947,0.0205099992,2.2692000866,1.0599000454,1.1265000105,1.0,0.6815000176,,,,,0.2223059982,0.0,,,8.5
1706.2705,101.09549713,0.4331519902,0.0398170017,2.2418999672,1.0563000441,1.1267999411,1.0,0.6754000187,,,,,0.2398090065,0.0,,,8.5
1706.4229,100.80220032,0.4522970021,0.0372439995,2.2330999374,1.0512000322,1.1282000542,1.0,0.7045999765,,,,,0.2458630055,0.0,,,8.5
1706.5753,100.5019989,0.4258230031,0.0430929996,2.2418999672,1.0457999706,1.1296999454,1.0,0.6639000177,,,,,0.2396389991,0.0,,,8.5
1706.7277,100.4095993,0.4314239919,0.0305579994,2.2567999363,1.0499999523,1.1338000298,1.0,0.6744999886,,,,,0.230223,0.0,,,8.5
1706.8801,100.64499664,0.4024829865,0.061209999,2.2304999828,1.0694999695,1.1418999434,1.0,0.6258000135,,,,,0.2464399934,0.0,,,8.5
1707.0325,101.00489807,0.4067740142,0.0653079972,2.2216999531,1.0950000286,1.1516000032,1.0,0.6315000057,,,,,0.2522239983,0.0,,,8.5
1707.1849,101.38089752,0.4104340076,0.056214001,2.2327001095,1.1157000065,1.15989995,1.0,0.6385999918,,,,,0.2452110052,0.0,,,8.5
1707.3373,101.82759857,0.4235489964,0.0362170003,2.2537000179,1.1168999672,1.1627999544,1.0,0.6617000103,,,,,0.2320519984,0.0,,,8.5
1707.4897,102.31349945,0.4041419923,0.0571490005,2.2355000973,1.1068999767,1.1625000238,1.0,0.6290000081,,,,,0.2432840019,0.0,,,8.5
1707.6421,102.79930115,0.3884159923,0.0506489985,2.2555000782,1.0968999863,1.1620999575,1.0,0.6065000296,,,,,0.2301210016,0.0,,,8.5
1707.7945,103.03179932,0.3892470002,0.0257249996,2.2918000221,1.0937000513,1.1629999876,1.0,0.6121000051,,,,,0.2068299949,0.0,,,8.5
1707.9469,103.05770111,0.4167129993,0.0001,2.3317000866,1.0960999727,1.1647000313,1.0,0.6600999832,,,,,0.1953980029,0.0,,,8.5
1708.0993,103.06950378,0.3980349898,0.0001,2.339099884,1.0987999439,1.1664999723,1.0,0.6315000057,,,,,0.1869210005,0.0,,,8.5
1708.2517,102.66699982,0.3886260092,0.0001,2.3455998898,1.0964000225,1.165899992,1.0,0.6173999906,,,,,0.1827439964,0.0,,,8.5
1708.4041,101.70120239,0.3863320053,0.0001,2.3389000893,1.0868999958,1.1619000435,1.0,0.6129999757,,,,,0.1814319938,0.0,,,8.5
1708.5565,100.54789734,0.4301530123,0.0001,2.3275001049,1.0750999451,1.1567000151,1.0,0.6808000207,,,,,0.201481998,0.0,,,8.5
1708.7089,99.700698853,0.4522759914,0.0001,2.2932999134,1.0671000481,1.15260005,1.0,0.7117000222,,,,,0.2106129974,0.0,,,8.5
1708.8613,99.643600464,0.4529150128,0.0001,2.2994999886,1.0688999891,1.1510000229,1.0,0.7135000229,,,,,0.211116001,0.0,,,8.5
1709.0137,100.07569885,0.4204869866,0.000518,2.302200079,1.0767999887,1.1510000229,1.0,0.6625999808,,,,,0.200861007,0.0,,,8.5
1709.1661,100.47389984,0.4172450006,0.0014440001,2.3111999035,1.0849000216,1.1511000395,1.0,0.6585999727,,,,,0.1961939931,0.0,,,8.5
1709.3185,100.49610138,0.4089320004,0.000777,2.3092000484,1.0959999561,1.15260005,1.0,0.6452000141,,,,,0.1961050034,0.0,,,8.5
1709.4709,100.15499878,0.4211870134,0.000518,2.3118000031,1.1098999977,1.1553000212,1.0,0.6649000049,,,,,0.1971070021,0.0,,,8.5
1709.6233,99.813697815,0.4158459902,0.000777,2.2960000038,1.1237000227,1.1579999924,1.0,0.6546000242,,,,,0.2047140002,0.0,,,8.5
1709.7757,99.550003052,0.430994004,0.000777,2.3039999008,1.1258000135,1.160400033,1.0,0.6794999838,,,,,0.2016489953,0.0,,,8.5
1709.9281,99.397201538,0.4415389895,0.0001,2.3066000938,1.1110999584,1.1622999907,1.0,0.6963999867,,,,,0.2059690058,0.0,,,8.5
1710.0805,99.266700745,0.433156997,0.0001,2.3099000454,1.0930000544,1.1641000509,1.0,0.6836000085,,,,,0.2021639943,0.0,,,8.5
1710.2329,99.389198303,0.4476360083,0.0001,2.2999999523,1.0815000534,1.1670999527,1.0,0.7052999735,,,,,0.2085639983,0.0,,,8.5
1710.3853,100.06929779,0.4234609902,0.0001,2.3039000034,1.0845999718,1.1726000309,1.0,0.6675999761,,,,,0.1998089999,0.0,,,8.5
1710.5377,101.05660248,0.4420630038,0.0001,2.3080999851,1.0958000422,1.1796000004,1.0,0.6974999905,,,,,0.2062209994,0.0,,,8.5
1710.6901,101.84809875,0.4423129857,0.0001,2.3243000507,1.1071000099,1.1864999533,1.0,0.6998000145,,,,,0.2068849951,0.0,,,8.5
1710.8425,101.76370239,0.4472930133,0.0001,2.320499897,1.118999958,1.193500042,1.0,0.7071999907,,,,,0.2090660036,0.0,,,8.5
1710.9949,100.77829742,0.4159319997,0.0001,2.3199000359,1.1312999725,1.2003999949,1.0,0.6575999856,,,,,0.1944060028,0.0,,,8.5
1711.1473,99.791999817,0.3680000007,0.0001,2.3169000149,1.1437000036,1.2073999643,1.0,0.5816000104,,,,,0.1902830005,0.0,,,8.5
1711.2997,99.511703491,0.3822720051,0.0141070001,2.3138999939,1.1533000469,1.2157000303,1.0,0.6037999988,,,,,0.1924919933,0.0,,,8.5
1711.4521,100.48239899,0.4085739851,0.0036539999,2.3120999336,1.1579999924,1.2265000343,1.0,0.6450999975,,,,,0.1942290068,0.0,,,8.5
1711.6045,101.49510193,0.4305630028,0.0001,2.3187000751,1.1626000404,1.2374000549,1.0,0.6805999875,,,,,0.2011439949,0.0,,,8.5
1711.7569,102.33840179,0.4454480112,0.008347,2.3078000546,1.1704000235,1.2482000589,1.0,0.6834999919,,,,,0.2102430016,0.0,,,8.5
1711.9093,102.77420044,0.4086129963,0.0068780002,2.3073999882,1.1861000061,1.2590999603,1.0,0.6446999907,,,,,0.1972769946,0.0,,,8.5
1712.0617,103.05519867,0.4001199901,0.0131780002,2.3036999702,1.2048000097,1.2699999809,1.0,0.6308000088,,,,,0.1994780004,0.0,,,8.5
1712.2141,103.28450012,0.3987950087,0.0188170001,2.296200037,1.219900012,1.2788000107,1.0,0.6279000044,,,,,0.2042320073,0.0,,,8.5
1712.3665,103.32460022,0.413248986,0.0108719999,2.298500061,1.2215000391,1.2804000378,1.0,0.6510000229,,,,,0.2030919939,0.0,,,8.5
1712.5189,103.19270325,0.4233250022,0.007549,2.3010001183,1.2108999491,1.2752000093,1.0,0.6607000232,,,,,0.202620998,0.0,,,8.5
1712.6713,103.06240082,0.4020040035,0.001702,2.3213999271,1.2003999949,1.2700999975,1.0,0.6359000206,,,,,0.1894499958,0.0,,,8.5
1712.8237,102.9437027,0.4053820074,0.001455,2.3199000359,1.1904000044,1.2653000355,1.0,0.6410999894,,,,,0.1907159984,0.0,,,8.5
1712.9761,102.84750366,0.4025599957,0.003122,2.3169999123,1.1813000441,1.2611000538,1.0,0.6363000274,,,,,0.1909579933,0.0,,,8.5
1713.1285,102.75150299,0.431652993,0.0155469999,2.279599905,1.1721999645,1.2568999529,1.0,0.6777999997,,,,,0.2156369984,0.0,,,8.5
1713.2809,102.52490234,0.4535090029,0.0174860004,2.2874000072,1.1664999723,1.2531000376,1.0,0.6858000159,,,,,0.2199099958,0.0,,,8.5
1713.4333,101.87989807,0.4732140005,0.0261209998,2.3327000141,1.1715999842,1.2510000467,1.0,0.6827999949,,,,,0.2276619971,0.0,,,8.5
1713.5857,101.16020203,0.4549350142,0.0128389997,2.3636000156,1.1785000563,1.2491999865,1.0,0.6787999868,,,,,0.2131779939,0.0,,,8.5
1713.7381,100.58409882,0.4336760044,0.0001,2.3297998905,1.1826000214,1.2463999987,1.0,0.6765000224,,,,,0.1997310072,0.0,,,8.5
1713.8905,100.61769867,0.421243012,0.000705,2.3115999699,1.1744999886,1.239199996,1.0,0.665199995,,,,,0.1969940066,0.0,,,8.5
1714.0429,101.04930115,0.440290004,0.0099879997,2.2827999592,1.1584999561,1.2293000221,1.0,0.690500021,,,,,0.2137410045,0.0,,,8.5
1714.1953,101.40149689,0.4666649997,0.0516309999,2.2090001106,1.1440999508,1.2201999426,1.0,0.6992999911,,,,,0.2579500079,0.0,,,8.5
1714.3477,101.23239899,0.4887950122,0.0676010028,2.1789000034,1.1396000385,1.2173999548,1.0,0.7020000219,,,,,0.274702996,0.0,,,8.5
1714.5001,100.21089935,0.4933759868,0.0231229998,2.2781999111,1.1517000198,1.2245999575,1.0,0.6945999861,,,,,0.2280399948,0.0,,,8.5
1714.6525,99.189498901,0.4802399874,0.0389610007,2.2781999111,1.1638000011,1.2318999767,1.0,0.6873999834,,,,,0.2417349964,0.0,,,8.5
1714.8049,98.378196716,0.4615559876,0.027857,2.2781999111,1.1770000458,1.2371000051,1.0,0.679700017,,,,,0.2283529937,0.0,,,8.5
1714.9573,98.691902161,0.438823998,0.01394,2.3008999825,1.1957000494,1.2316999435,1.0,0.6690999866,,,,,0.2112810016,0.0,,,8.5
1715.1097,99.005599976,0.4334180057,0.0162569992,2.3006000519,1.214400053,1.2263000011,1.0,0.6588000059,,,,,0.2105430067,0.0,,,8.5
1715.2621,99.327102661,0.45994699,0.0333489999,2.3152999878,1.2267999649,1.2196999788,1.0,0.6521000266,,,,,0.225654006,0.0,,,8.5
1715.4145,99.703102112,0.450812012,0.0168590005,2.314800024,1.1953999996,1.2049000263,1.0,0.6692000031,,,,,0.2142120004,0.0,,,8.5
1715.5669,100.10009766,0.4538620114,0.0024679999,2.314800024,1.147300005,1.1871000528,1.0,0.6973000169,,,,,0.208069995,0.0,,,8.5
1715.7193,100.42919922,0.3909159899,0.0027069999,2.3259000778,1.1007000208,1.1694999933,1.0,0.6190999746,,,,,0.1852380037,0.0,,,8.5
1715.8717,100.08889771,0.3886350095,0.003791,2.3255000114,1.0680999756,1.1541999578,1.0,0.6154000163,,,,,0.185236007,0.0,,,8.5
1716.0241,98.984397888,0.375169009,0.0235040002,2.3052000999,1.0514999628,1.1414999962,1.0,0.5917999744,,,,,0.1979710013,0.0,,,8.5
1716.1765,97.910202026,0.4170520008,0.0241190009,2.2767999172,1.0349999666,1.1289000511,1.0,0.6546000242,,,,,0.2170940042,0.0,,,8.5
1716.3289,97.297897339,0.4287439883,0.0374080017,2.2495000362,1.0206999779,1.1167000532,1.0,0.6699000001,,,,,0.2348729968,0.0,,,8.5
1716.4813,98.491203308,0.4181250036,0.0265009999,2.2725999355,1.0149999857,1.106400013,1.0,0.6557999849,,,,,0.2198089957,0.0,,,8.5
1716.6337,99.683601379,0.3944500089,0.0235040002,2.2804000378,1.0091999769,1.0960999727,1.0,0.6194000244,,,,,0.2143100053,0.0,,,8.5
1716.7861,100.81929779,0.4047619998,0.0234069992,2.2860000134,1.0037000179,1.0861999989,1.0,0.6363000274,,,,,0.210935995,0.0,,,8.5
1716.9385,100.5766983,0.4272699952,0.0195020009,2.2771000862,1.0022000074,1.0850000381,1.0,0.6707999706,,,,,0.2171850055,0.0,,,8.5
1717.0909,100.13960266,0.4266290069,0.006509,2.2857999802,1.0012999773,1.0850000381,1.0,0.6707999706,,,,,0.2119050026,0.0,,,8.5
1717.2433,99.713401794,0.4274779856,0.0139009999,2.285200119,1.0003999472,1.0850000381,1.0,0.6721000075,,,,,0.2119400054,0.0,,,8.5
1717.3957,100.11519623,0.4266290069,0.0044869999,2.2997000217,1.0015000105,1.0851999521,1.0,0.6725000143,,,,,0.2026190013,0.0,,,8.5
1717.5481,101.08200073,0.4368470013,0.0001,2.2897000313,1.0039000511,1.0855000019,1.0,0.6893000007,,,,,0.2031670064,0.0,,,8.5
1717.7005,102.05079651,0.4171350002,0.0053010001,2.2897000313,1.0062999725,1.0858000517,1.0,0.658100009,,,,,0.2083459944,0.0,,,8.5
1717.8529,102.54589844,0.3934339881,0.0260349996,2.2897000313,1.0104999542,1.0855000019,1.0,0.618900001,,,,,0.2083459944,0.0,,,8.5
1718.0053,102.02100372,0.3621850014,0.038927,2.2911000252,1.018599987,1.0839999914,1.0,0.5697000027,,,,,0.2067430019,0.0,,,8.5
1718.1577,101.47019958,0.3727540076,0.0362339988,2.2881999016,1.0267000198,1.0824999809,1.0,0.5860999823,,,,,0.2088550031,0.0,,,8.5
1718.3101,100.91159821,0.3988159895,0.0245099999,2.2883999348,1.0340000391,1.0808999538,1.0,0.627300024,,,,,0.2092519999,0.0,,,8.5
1718.4625,100.09770203,0.4213050008,0.0199379995,2.2860000134,1.0177999735,1.075600028,1.0,0.6618999839,,,,,0.2115609944,0.0,,,8.5
1718.6149,99.271499634,0.4319359958,0.011523,2.2860000134,1.0002000332,1.0701999664,1.0,0.6793000102,,,,,0.2115609944,0.0,,,8.5
1718.7673,98.444297791,0.4199520051,0.0210350007,2.2797999382,0.9826999903,1.064800024,1.0,0.6596999764,,,,,0.2152760029,0.0,,,8.5
1718.9197,98.696800232,0.425725013,0.0233670007,2.2725999355,0.9894999862,1.0656000376,1.0,0.6679999828,,,,,0.2200320065,0.0,,,8.5
1719.0721,99.391098022,0.4325259924,0.0570570007,2.2625999451,1.0062999725,1.0691000223,1.0,0.6723999977,,,,,0.226602003,0.0,,,8.5
1719.2245,100.11769867,0.4446359873,0.0742190033,2.1821000576,1.0238000154,1.0727000237,1.0,0.6873000264,,,,,0.226602003,0.0,,,8.5
1719.3769,100.58979797,0.4503679872,0.0001,2.1749000549,1.030099988,1.0760999918,1.0,0.6723999977,,,,,0.2287109941,0.0,,,8.5
1719.5293,100.7480011,0.4579269886,0.0401920006,2.2267000675,1.0226999521,1.0791000128,1.0,0.7135000229,,,,,0.2502050102,0.0,,,8.5
1719.6817,100.8707962,0.4340850115,0.026447,2.2625999451,1.0135999918,1.0821000338,1.0,0.6800000072,,,,,0.226602003,0.0,,,8.5
1719.8341,100.96920013,0.4051530063,0.0155339995,2.2976999283,1.0103000402,1.0853999853,1.0,0.6384999752,,,,,0.2034370005,0.0,,,8.5
1719.9865,100.96350098,0.3921659887,0.0170549992,2.3039999008,1.0319999456,1.0894999504,1.0,0.6187000275,,,,,0.1991270036,0.0,,,8.5
1720.1389,100.94110107,0.3934929967,0.0204409994,2.2980999947,1.057700038,1.0937000513,1.0,0.6201000214,,,,,0.2029179931,0.0,,,8.5
1720.2913,100.91880035,0.4057419896,0.0129500004,2.301199913,1.0834000111,1.097900033,1.0,0.6398000121,,,,,0.201214999,0.0,,,8.5
1720.4437,100.9414978,0.4254119992,0.0162150003,2.2834999561,1.0656000376,1.0938999653,1.0,0.6687999964,,,,,0.2130019963,0.0,,,8.5
1720.5961,100.97769928,0.475308001,0.00091,2.2736001015,1.0348000526,1.0873999596,1.0,0.7465000153,,,,,0.2205300033,0.0,,,8.5
1720.7485,101.01490021,0.4761750102,0.0112680001,2.2576999664,1.003000021,1.0808000565,1.0,0.7459999919,,,,,0.2307309955,0.0,,,8.5
1720.9009,101.0326004,0.4467220008,0.0224149991,2.2604999542,0.9886000156,1.0784000158,1.0,0.6998000145,,,,,0.2282769978,0.0,,,8.5
1721.0533,101.03430176,0.4149389863,0.0384470001,2.257600069,0.988499999,1.0795999765,1.0,0.6492999792,,,,,0.2294310033,0.0,,,8.5
1721.2057,101.03309631,0.4062390029,0.035978999,2.2669000626,0.9908999801,1.0814000368,1.0,0.6366000175,,,,,0.2232329994,0.0,,,8.5
1721.3581,100.82759857,0.4170419872,0.0393889993,2.2548000813,0.9975000024,1.0831999779,1.0,0.6523000002,,,,,0.2312339991,0.0,,,8.5
1721.5105,100.18650055,0.4443730116,0.0332549997,2.2460999489,1.013299942,1.0850000381,1.0,0.6944000125,,,,,0.2374839932,0.0,,,8.5
1721.6629,99.430702209,0.4518939853,0.0156440008,2.2671999931,1.0313999653,1.0867999792,1.0,0.7088000178,,,,,0.2240809947,0.0,,,8.5
1721.8153,98.722198486,0.4574010074,0.0088280002,2.2736999989,1.0473999977,1.0881999731,1.0,0.7182999849,,,,,0.220036,0.0,,,8.5
1721.9677,98.651100159,0.4415810108,0.0129469996,2.2780001163,1.0339000225,1.0834000111,1.0,0.6937999725,,,,,0.2169419974,0.0,,,8.5
1722.1201,98.79650116,0.4387620091,0.0202949997,2.2690000534,1.0104000568,1.0764000416,1.0,0.6883000135,,,,,0.2226590067,0.0,,,8.5
1722.2725,98.942100525,0.4437290132,0.0199250001,2.266299963,0.986800015,1.0694999695,1.0,0.6958000064,,,,,0.2244919986,0.0,,,8.5
1722.4249,99.514602661,0.4157409966,0.0364950001,2.2600998878,0.986199975,1.067800045,1.0,0.6509000063,,,,,0.2278410047,0.0,,,8.5
1722.5773,100.37400055,0.3926180005,0.03895,2.271600008,1.0008000135,1.0695999861,1.0,0.6157000065,,,,,0.2199440002,0.0,,,8.5
1722.7297,101.28119659,0.381990999,0.0376809984,2.2804999352,1.0181000233,1.0720000267,1.0,0.6000000238,,,,,0.2140350044,0.0,,,8.5
1722.8821,101.67700195,0.4001680017,0.0240519997,2.2887001038,1.0252000093,1.0707000494,1.0,0.6297000051,,,,,0.2091200054,0.0,,,8.5
1723.0345,101.35250092,0.4321309924,0.0063390001,2.2941000462,1.0180000067,1.0638999939,1.0,0.6808000207,,,,,0.206419006,0.0,,,8.5
1723.1869,100.79489899,0.4488300085,0.0013370001,2.2909998894,1.0061999559,1.0555000305,1.0,0.706799984,,,,,0.2090519965,0.0,,,8.5
1723.3393,100.18260193,0.4363020062,0.0081780003,2.288599968,0.9951999784,1.0477999449,1.0,0.6868000031,,,,,0.2099850029,0.0,,,8.5
1723.4917,99.358398438,0.4430859983,0.003581,2.2909998894,0.9873999953,1.0433000326,1.0,0.6977999806,,,,,0.2086080015,0.0,,,8.5
1723.6441,98.433601379,0.4275180101,0.001256,2.3062999249,0.9811000228,1.0403000116,1.0,0.6750000119,,,,,0.1995700002,0.0,,,8.5
1723.7965,97.509803772,0.4651510119,0.0032939999,2.3025999069,0.9746999741,1.0372999907,1.0,0.719900012,,,,,0.2148060054,0.0,,,8.5
1723.9489,97.4375,0.4534960091,0.0001,2.318500042,0.9733999968,1.0372999907,1.0,0.7174999714,,,,,0.2108670026,0.0,,,8.5
1724.1013,97.929199219,0.4395830035,0.0001,2.3175001144,0.975300014,1.0392999649,1.0,0.6953999996,,,,,0.2043659985,0.0,,,8.5
1724.2537,98.452102661,0.411650002,0.0001,2.3271000385,0.9774000049,1.0413999557,1.0,0.6524000168,,,,,0.1917189956,0.0,,,8.5
1724.4061,98.169898987,0.4402540028,0.0001,2.3257000446,0.9769999981,1.0420999527,1.0,0.6973999739,,,,,0.204934001,0.0,,,8.5
1724.5585,96.945297241,0.4641320109,0.0053019999,2.3160998821,0.9736999869,1.0411000252,1.0,0.7089999914,,,,,0.2135320008,0.0,,,8.5
1724.7109,95.4375,0.5004789829,0.0455770008,2.3159000874,0.9695000052,1.0396000147,1.0,0.6801000237,,,,,0.2452889979,0.0,,,8.5
1724.8633,93.982398987,0.4841530025,0.0505390018,2.3259000778,0.9656999707,1.0374000072,1.0,0.6521000266,,,,,0.2420330048,0.0,,,8.5
1725.0157,92.645500183,0.4952459931,0.0586830005,2.331099987,0.9629999995,1.0334000587,1.0,0.6263999939,,,,,0.2426249981,0.0,,,8.5
1725.1681,91.37210083,0.4561499953,0.0570649989,2.3215999603,0.9609000087,1.0285999775,1.0,0.6019999981,,,,,0.2338140011,0.0,,,8.5
1725.3205,90.293899536,0.4200359881,0.0472030006,2.3046998978,0.9593999982,1.0245000124,1.0,0.5813000202,,,,,0.2178619951,0.0,,,8.5
1725.4729,91.029296875,0.3727459908,0.038931001,2.28489995,0.9638000131,1.0271999836,1.0,0.5860000253,,,,,0.2109709978,0.0,,,8.5
1725.6253,93.212898254,0.3702029884,0.034359999,2.2934000492,0.9728000164,1.0353000164,1.0,0.5830000043,,,,,0.2055010051,0.0,,,8.5
1725.7777,95.396499634,0.392787993,0.059638001,2.2411999702,0.9818999767,1.0434999466,1.0,0.6126000285,,,,,0.2394540012,0.0,,,8.5
1725.9301,96.511398315,0.4052290022,0.0925029963,2.184499979,0.9883000255,1.0491000414,1.0,0.6255999804,,,,,0.2761310041,0.0,,,8.5
1726.0825,96.356399536,0.418204993,0.0217589997,2.2411999702,0.991599977,1.0518000126,1.0,0.6974999905,,,,,0.2264720052,0.0,,,8.5
1726.2349,95.970199585,0.395889014,0.0866409987,2.1993000507,0.9943000078,1.0539000034,1.0,0.6126000285,,,,,0.2664250135,0.0,,,8.5
1726.3873,95.760803223,0.4182829857,0.0411950015,2.2518999577,0.9961000085,1.0556999445,1.0,0.6542000175,,,,,0.233160004,0.0,,,8.5
1726.5397,95.888702393,0.4487180114,0.0290750004,2.2558999062,0.9961000085,1.0569000244,1.0,0.6884999871,,,,,0.2310959995,0.0,,,8.5
1726.6921,96.181900024,0.4929180145,0.0584789999,2.2139000893,0.9951999784,1.0578000546,1.0,0.6941000223,,,,,0.2621310055,0.0,,,8.5
1726.8445,96.486801147,0.4808990061,0.0618820004,2.1993000507,0.9921000004,1.057199955,0.9517999887,0.6998999715,,,,,0.2672300041,0.0,,,8.5
1726.9969,96.839401245,0.4530250132,0.0597949997,2.2016999722,0.9805999994,1.0505000353,0.9919999838,0.7031999826,,,,,0.2660979927,0.0,,,8.5
1727.1493,97.234901428,0.4444400072,0.0601110011,2.2070000172,0.9616000056,1.038400054,1.0,0.6902999878,,,,,0.2626039982,0.0,,,8.5
1727.3017,97.629402161,0.4025380015,0.0575309992,2.2381999493,0.9424999952,1.0262999535,1.0,0.6276999712,,,,,0.2416590005,0.0,,,8.5
1727.4541,97.731903076,0.3877350092,0.0502349995,2.2585999966,0.9315999746,1.0163999796,1.0,0.6067000031,,,,,0.2281939983,0.0,,,8.5
1727.6065,97.416496277,0.4439469874,0.049761001,2.2606999874,0.9322999716,1.0096999407,1.0,0.6036999822,,,,,0.2268220037,0.0,,,8.5
1727.7589,97.092002869,0.430539012,0.044342,2.2474000454,0.9332000017,1.0031000376,1.0,0.6730999947,,,,,0.2363619953,0.0,,,8.5
1727.9113,96.885696411,0.4527429938,0.0435860008,2.226099968,0.931400001,0.9963999987,1.0,0.7056999803,,,,,0.250526011,0.0,,,8.5
1728.0637,96.914802551,0.4496630132,0.044342,2.2269999981,0.9241999984,0.9894999862,1.0,0.7009000182,,,,,0.2498739958,0.0,,,8.5
1728.2161,97.025299072,0.4439469874,0.0429159999,2.2328999043,0.9150999784,0.9825000167,1.0,0.6926000118,,,,,0.2459879965,0.0,,,8.5
1728.3685,97.010002136,0.4578059912,0.0402450003,2.2295999527,0.9067999721,0.9764000177,1.0,0.709800005,,,,,0.2483370006,0.0,,,8.5
1728.5209,96.601600647,0.4742789865,0.0507600009,2.2167000771,0.9010000229,0.9728000164,1.0,0.7019000053,,,,,0.2565349936,0.0,,,8.5
1728.6733,95.875999451,0.4866989851,0.0619120002,2.2053999901,0.8970000148,0.9713000059,1.0,0.6880000234,,,,,0.2635889947,0.0,,,8.5
1728.8257,95.212898254,0.4811089933,0.0717070028,2.1956999302,0.8939999938,0.9697999954,1.0,0.6751999855,,,,,0.2696369886,0.0,,,8.5
1728.9781,95.038101196,0.4844200015,0.0744550005,2.1928999424,0.8978000283,0.9684000015,1.0,0.6718999743,,,,,0.2713829875,0.0,,,8.5
1729.1305,95.629402161,0.4819819927,0.0681589991,2.197799921,0.9126999974,0.9671999812,1.0,0.6832000017,,,,,0.2683919966,0.0,,,8.5
1729.2829,96.220703125,0.4628809988,0.0530960001,2.2163999081,0.9275000095,0.9660000205,1.0,0.6945000291,,,,,0.2566330135,0.0,,,8.5
1729.4353,96.714401245,0.431261003,0.0488880016,2.2323999405,0.9330999851,0.9639999866,1.0,0.6725000143,,,,,0.2459789962,0.0,,,8.5
1729.5877,96.962600708,0.4353460073,0.0566349998,2.2183001041,0.9156000018,0.959800005,1.0,0.6773999929,,,,,0.2551229894,0.0,,,8.5
1729.7401,97.171096802,0.4319440126,0.0695459992,2.201499939,0.8945000172,0.9552000165,1.0,0.6700000167,,,,,0.2658689916,0.0,,,8.5
1729.8925,97.248802185,0.4319440126,0.0557629988,2.2107999325,0.8772000074,0.950600028,1.0,0.6980000138,,,,,0.260273993,0.0,,,8.5
1730.0449,96.87840271,0.4311119914,0.0596969984,2.2165999413,0.8733000159,0.9456999898,1.0,0.6704999804,,,,,0.2561320066,0.0,,,8.5
1730.1973,96.24369812,0.4312230051,0.0613210015,2.2142000198,0.8772000074,0.940500021,1.0,0.6704000235,,,,,0.2577120066,0.0,,,8.5
1730.3497,95.607398987,0.4319440126,0.0597800016,2.2263000011,0.8802000284,0.9355000257,1.0,0.6478999853,,,,,0.2495619953,0.0,,,8.5
1730.5021,94.963897705,0.4433229864,0.0584239997,2.2188000679,0.8779000044,0.9312000275,1.0,0.6701999903,,,,,0.25474599,0.0,,,8.5
1730.6545,94.30909729,0.4432640076,0.0599020012,2.2218999863,0.8682000041,0.9279000163,1.0,0.6577000022,,,,,0.2525289953,0.0,,,8.5
1730.8069,93.656196594,0.4411909878,0.0692019984,2.2128999233,0.8586000204,0.9246000051,1.0,0.6450999975,,,,,0.258145988,0.0,,,8.5
1730.9593,93.160598755,0.4432640076,0.0891340002,2.1861000061,0.8535000086,0.9225999713,1.0,0.6355999708,,,,,0.2752769887,0.0,,,8.5
1731.1117,93.235801697,0.4433769882,0.0846749991,2.1923999786,0.8647000194,0.9253000021,1.0,0.6370000243,,,,,0.2712219954,0.0,,,8.5
1731.2641,93.310997009,0.4684390128,0.0740879998,2.2139000893,0.8758000135,0.9279999733,1.0,0.6384999752,,,,,0.2610389888,0.0,,,8.5
1731.4165,93.380897522,0.4658280015,0.0623780005,2.2411000729,0.8853999972,0.9305999875,1.0,0.6398000121,,,,,0.2497040033,0.0,,,8.5
1731.5689,93.424301147,0.4421319962,0.0516179986,2.2423000336,0.8869000077,0.932099998,1.0,0.6406000257,,,,,0.2391690016,0.0,,,8.5
1731.7213,93.45880127,0.3960390091,0.0632620007,2.234400034,0.8856999874,0.9333000183,1.0,0.6406000257,,,,,0.2439520061,0.0,,,8.5
1731.8737,93.513397217,0.4262979925,0.0540799983,2.2377998829,0.8841999769,0.9343000054,1.0,0.6423000097,,,,,0.2420939952,0.0,,,8.5
1732.0261,93.703102112,0.4479219913,0.0559989996,2.2332999706,0.8809000254,0.9340999722,1.0,0.6459000111,,,,,0.2450589985,0.0,,,8.5
1732.1785,94.029800415,0.5160179734,0.083287999,2.2318000793,0.8758000135,0.9326000214,1.0,0.6521000266,,,,,0.2741630077,0.0,,,8.5
1732.3309,94.353500366,0.5014179945,0.0700820014,2.2353999615,0.8708999753,0.9311000109,1.0,0.6582999825,,,,,0.2627539933,0.0,,,8.5
1732.4833,94.639801025,0.4816969931,0.0577769987,2.2421000004,0.8687999845,0.9301999807,1.0,0.6638000011,,,,,0.2520360053,0.0,,,8.5
1732.6357,94.815299988,0.4395399988,0.0368679985,2.2539000511,0.8751999736,0.9308000207,1.0,0.6671000123,,,,,0.2320919931,0.0,,,8.5
1732.7881,94.99079895,0.4649719894,0.0429009981,2.2318000793,0.8815000057,0.931400001,1.0,0.6704999804,,,,,0.2390899956,0.0,,,8.5
1732.9405,95.087402344,0.5065389872,0.0681150034,2.2295000553,0.8877000213,0.9305999875,1.0,0.6722999811,,,,,0.264827013,0.0,,,8.5
1733.0929,94.381797791,0.5219550133,0.084867999,2.2249000072,0.8920999765,0.9157999754,1.0,0.6588000059,,,,,0.2776049972,0.0,,,8.5
1733.2453,93.577102661,0.5033419728,0.0809160024,2.225399971,0.8963999748,0.8991000056,1.0,0.6432999969,,,,,0.2691250145,0.0,,,8.5
1733.3977,92.888702393,0.5000650287,0.0895230025,2.2144999504,0.899699986,0.8806999922,1.0,0.6301000118,,,,,0.2738539875,0.0,,,8.5
1733.5501,93.990196228,0.5047850013,0.0891430005,2.1963000298,0.8901000023,0.8338999748,1.0,0.6511999965,,,,,0.2796289921,0.0,,,8.5
1733.7025,96.216796875,0.5032299757,0.0698959976,2.1965999603,0.8723000288,0.7691000104,1.0,0.6938999891,,,,,0.2728410065,0.0,,,8.5
1733.8549,98.406196594,0.4946579933,0.0499409996,2.2040998936,0.8539000154,0.7050999999,1.0,0.7358000278,,,,,0.2651349902,0.0,,,8.5
1734.0073,99.657203674,0.4937010109,0.0001,2.2044000626,0.8177000284,0.6571000218,1.0,0.7597000003,,,,,0.2222809941,0.0,,,8.5
1734.1597,99.063499451,0.4830990136,0.0001,2.1858000755,0.7470999956,0.6403999925,1.0,0.7483000159,,,,,0.2189339995,0.0,,,8.5
1734.3121,98.470199585,0.5014349818,0.003205,2.176199913,0.6764000058,0.6238999963,1.0,0.736899972,,,,,0.2186940014,0.0,,,8.5
1734.4645,97.896598816,0.5245770216,0.0083849998,2.1888000965,0.6136999726,0.6105999947,1.0,0.7258999944,,,,,0.2206410021,0.0,,,8.5
1734.6169,97.719802856,0.5393019915,0.0099879997,2.1944000721,0.7131000161,0.6646000147,1.0,0.7225000262,,,,,0.2212339938,0.0,,,8.5
1734.7693,97.543197632,0.530978024,0.0104430001,2.2130000591,0.8125,0.7186999917,1.0,0.7190999985,,,,,0.2213339955,0.0,,,8.5
1734.9217,97.366500854,0.4802950025,0.0116010001,2.196199894,0.9118999839,0.7728000283,1.0,0.7156999707,,,,,0.2217870057,0.0,,,8.5
1735.0741,97.41809845,0.4636049867,0.0127370004,2.1626999378,0.9088000059,0.7846999764,1.0,0.7167000175,,,,,0.222231999,0.0,,,8.5
1735.2265,97.545196533,0.4482769966,0.0116010001,2.1589000225,0.871900022,0.7828000188,1.0,0.7190999985,,,,,0.2217870057,0.0,,,8.5
1735.3789,97.674697876,0.4775480032,0.0104430001,2.1728000641,0.8338000178,0.7803999782,1.0,0.7215999961,,,,,0.2213339955,0.0,,,8.5
1735.5313,97.524200439,0.4766300023,0.0118089998,2.1925001144,0.8149999976,0.7745000124,1.0,0.7186999917,,,,,0.2218369991,0.0,,,8.5
1735.6837,97.06300354,0.4725959897,0.0636039972,2.1944000721,0.8176000118,0.7648000121,1.0,0.709800005,,,,,0.2710300088,0.0,,,8.5
1735.8361,96.582000732,0.4759300053,0.0645269975,2.1970000267,0.8215000033,0.7548000216,1.0,0.700600028,,,,,0.2692419887,0.0,,,8.5
1735.9885,96.130897522,0.4653579891,0.0528969988,2.2188000679,0.8252999783,0.7519000173,1.0,0.6919000149,,,,,0.2550680041,0.0,,,8.5
1736.1409,95.795402527,0.4653370082,0.0451660007,2.2335999012,0.8284000158,0.7767000198,1.0,0.6855000257,,,,,0.2454400063,0.0,,,8.5
1736.2933,95.471702576,0.4438529909,0.0414349996,2.2421000004,0.8313999772,0.8041999936,1.0,0.6793000102,,,,,0.2398779988,0.0,,,8.5
1736.4457,95.148200989,0.4654270113,0.042121999,2.2546000481,0.8343999982,0.831700027,1.0,0.6729999781,,,,,0.238737002,0.0,,,8.5
1736.5981,94.827598572,0.4478760064,0.0403460003,2.2492001057,0.8360000253,0.8497999907,1.0,0.6668999791,,,,,0.2351489961,0.0,,,8.5
1736.7505,94.507598877,0.4600499868,0.0522210002,2.2348999977,0.837199986,0.8658999801,1.0,0.668200016,,,,,0.2452149987,0.0,,,8.5
1736.9029,94.187698364,0.4455280006,0.0643209964,2.2172999382,0.8384000063,0.8819000125,1.0,0.668200016,,,,,0.2555080056,0.0,,,8.5
1737.0553,94.365501404,0.4449220002,0.0475400016,2.2418999672,0.8443999887,0.8952999711,1.0,0.668200016,,,,,0.2397020012,0.0,,,8.5
1737.2077,94.901397705,0.4380939901,0.0459010005,2.2400999069,0.8539000154,0.9067000151,1.0,0.668200016,,,,,0.2410410047,0.0,,,8.5
1737.3601,95.486801147,0.4432420135,0.0549289994,2.2211999893,0.8639000058,0.9179000258,1.0,0.6794000268,,,,,0.2533229887,0.0,,,8.5
1737.5125,96.214797974,0.4702579975,0.0531160012,2.218100071,0.8740000129,0.9268000126,1.0,0.6933000088,,,,,0.2555609941,0.0,,,8.5
1737.6649,97.217796326,0.4574559927,0.0531160012,2.239000082,0.8845000267,0.9312999845,1.0,0.6930000186,1.0,,0.0099999998,0.0099999998,0.2423830032,0.0,-2.0,-2.0,8.5
1737.8173,98.274398804,0.4620330036,0.0547749996,2.2414999008,0.8950999975,0.9348999858,1.0,0.6930000186,1.0,,0.0099999998,0.0099999998,0.2409349978,0.0,-2.0,-2.0,8.5
1737.9697,99.291999817,0.4493519962,0.0570689999,2.2095999718,0.9053000212,0.9387000203,1.0,0.6988999844,1.0,,0.0099999998,0.0099999998,0.2611060143,0.0,-2.0,-2.0,8.5
1738.1221,99.840301514,0.4451569915,0.0547749996,2.2156999111,0.9120000005,0.9440000057,1.0,0.6930000186,1.0,,0.0099999998,0.0099999998,0.2570739985,0.0,-2.0,-2.0,8.5
1738.2745,100.26899719,0.4233480096,0.057438001,2.2260000706,0.9178000093,0.9498000145,1.0,0.6596999764,1.0,,0.0099999998,0.0099999998,0.250007987,0.0,-2.0,-2.0,8.5
1738.4269,100.69779968,0.4120680094,0.0842010006,2.1937000751,0.9235000014,0.9555000067,1.0,0.638100028,1.0,,0.0099999998,0.0099999998,0.270449996,0.0,-2.0,-2.0,8.5
1738.5793,101.19339752,0.4169239998,0.0923329964,2.1786000729,0.9204000235,0.9571999907,1.0,0.6439999938,1.0,,0.0099999998,0.0099999998,0.2802950144,0.0,-2.0,-2.0,8.5
1738.7317,101.72609711,0.4181300104,0.0931539983,2.1765999794,0.9122999907,0.9566000104,1.0,0.6456999779,1.0,,0.0099999998,0.0099999998,0.2815949917,0.0,-2.0,-2.0,8.5
1738.8841,102.26370239,0.4179889858,0.0829249993,2.1918001175,0.9035000205,0.9556999803,1.0,0.647300005,1.0,,0.0099999998,0.0099999998,0.2718110085,0.0,-2.0,-2.0,8.5
1739.0365,102.02690125,0.4310800135,0.0659999996,2.2084000111,0.9007999897,0.9534999728,1.0,0.6699000001,1.0,,0.0099999998,0.0099999998,0.2614820004,0.0,-2.0,-2.0,8.5
1739.1889,100.80470276,0.433867991,0.0646499991,2.2086000443,0.9057000279,0.9496999979,1.0,0.674399972,1.0,,0.0099999998,0.0099999998,0.2614139915,0.0,-2.0,-2.0,8.5
1739.3413,99.318397522,0.4529109895,0.0538979992,2.212100029,0.9125999808,0.9455000162,1.0,0.7049000263,1.0,,0.0099999998,0.0099999998,0.259559989,0.0,-2.0,-2.0,8.5
1739.4937,98.197303772,0.4403469861,0.0791359991,2.1830000877,0.9161999822,0.9426000118,1.0,0.6815999746,1.0,,0.0099999998,0.0099999998,0.2779929936,0.0,-2.0,-2.0,8.5
1739.6461,98.375999451,0.4356490076,0.0043959999,2.1642000675,0.9075000286,0.9444000125,1.0,0.7343999743,1.0,,0.0099999998,0.0099999998,0.2186309993,0.0,-2.0,-2.0,8.5
1739.7985,99.043899536,0.4023529887,0.0998739973,2.1770000458,0.894200027,0.9480000138,1.0,0.6208999753,1.0,,0.0099999998,0.0099999998,0.280975014,0.0,-2.0,-2.0,8.5
1739.9509,99.712898254,0.3917089999,0.0789970011,2.214799881,0.8809000254,0.9516999722,1.0,0.6085000038,1.0,,0.0099999998,0.0099999998,0.256467998,0.0,-2.0,-2.0,8.5
1740.1033,99.766601563,0.421875,0.069381997,2.2095000744,0.8787000179,0.9528999925,1.0,0.6556000113,1.0,,0.0099999998,0.0099999998,0.2605769932,0.0,-2.0,-2.0,8.5
1740.2557,99.49659729,0.4433290064,0.0438509993,2.2332999706,0.8823999763,0.9530000091,1.0,0.6923000216,1.0,,0.0099999998,0.0099999998,0.245747,0.0,-2.0,-2.0,8.5
1740.4081,99.213600159,0.4579110146,0.0082660001,2.2764999866,0.8863000274,0.9530000091,1.0,0.7203999758,1.0,,0.0099999998,0.0099999998,0.2183520049,0.0,-2.0,-2.0,8.5
1740.5605,99.389198303,0.4440949857,0.0001,2.2458000183,0.8884999752,0.9538000226,1.0,0.7024000287,1.0,,0.0099999998,0.0099999998,0.2049099952,0.0,-2.0,-2.0,8.5
1740.7129,100.03220367,0.4521360099,0.0151319997,2.2702000141,0.8889999986,0.9553999901,1.0,0.7106000185,1.0,,0.0099999998,0.0099999998,0.2223130018,0.0,-2.0,-2.0,8.5
1740.8653,100.79789734,0.4619730115,0.0249760002,2.2492001057,0.8889999986,0.9571999907,1.0,0.7236999869,1.0,,0.0099999998,0.0099999998,0.2359679937,0.0,-2.0,-2.0,8.5
1741.0177,101.20749664,0.4447759986,0.0348480009,2.2458000183,0.8901000023,0.9589999914,1.0,0.6960999966,1.0,,0.0099999998,0.0099999998,0.2377800047,0.0,-2.0,-2.0,8.5
1741.1701,100.86329651,0.4379529953,0.0411989987,2.2409000397,0.893599987,0.9607999921,1.0,0.6847000122,1.0,,0.0099999998,0.0099999998,0.2408040017,0.0,-2.0,-2.0,8.5
1741.3225,100.17769623,0.4254299998,0.0424799994,2.2471001148,0.8981000185,0.9625999928,1.0,0.6657000184,1.0,,0.0099999998,0.0099999998,0.2365120053,0.0,-2.0,-2.0,8.5
1741.4749,99.530296326,0.4300009906,0.0309829991,2.2611999512,0.9031000137,0.9646000266,1.0,0.6744999886,1.0,,0.0099999998,0.0099999998,0.2275920063,0.0,-2.0,-2.0,8.5
1741.6273,99.186897278,0.426485002,0.0285839997,2.2669999599,0.9115999937,0.9672999978,1.0,0.6697000265,1.0,,0.0099999998,0.0099999998,0.2237599939,0.0,-2.0,-2.0,8.5
1741.7797,99.04360199,0.4425109923,0.0471369997,2.2291998863,0.9225000143,0.970600009,1.0,0.690599978,1.0,,0.0099999998,0.0099999998,0.2483990043,0.0,-2.0,-2.0,8.5
1741.9321,98.900398254,0.4803879857,0.0397569984,2.2176001072,0.9333999753,0.9739999771,1.0,0.7440999746,1.0,,0.0099999998,0.0099999998,0.2566049993,0.0,-2.0,-2.0,8.5
1742.0845,98.591300964,0.4847300053,0.0274170004,2.23939991,0.9401999712,0.9772999883,1.0,0.7382000089,1.0,,0.0099999998,0.0099999998,0.2425210029,0.0,-2.0,-2.0,8.5
1742.2369,98.116699219,0.4702669978,0.0086049996,2.2780001163,0.942900002,0.9805999994,1.0,0.7290999889,1.0,,0.0099999998,0.0099999998,0.221044004,0.0,-2.0,-2.0,8.5
1742.3893,97.616203308,0.4308910072,0.0132170003,2.2869999409,0.9451000094,0.9839000106,1.0,0.67900002,1.0,,0.0099999998,0.0099999998,0.2110500038,0.0,-2.0,-2.0,8.5
1742.5417,97.461799622,0.4182890058,0.0213089995,2.2832000256,0.9427999854,0.9869999886,1.0,0.6585999727,1.0,,0.0099999998,0.0099999998,0.2131929994,0.0,-2.0,-2.0,8.5
1742.6941,97.889602661,0.4183659852,0.0228649992,2.2809000015,0.9333000183,0.9896000028,1.0,0.6585000157,1.0,,0.0099999998,0.0099999998,0.2146939933,0.0,-2.0,-2.0,8.5
1742.8465,98.570297241,0.4361610115,0.0183940008,2.2760000229,0.920599997,0.9919999838,1.0,0.6861000061,1.0,,0.0099999998,0.0099999998,0.218245998,0.0,-2.0,-2.0,8.5
1742.9989,99.247596741,0.453399986,0.0154670002,2.2690999508,0.9110000134,0.9944999814,1.0,0.7125999928,1.0,,0.0099999998,0.0099999998,0.2230190039,0.0,-2.0,-2.0,8.5
1743.1513,99.910202026,0.4514249861,0.0157379992,2.2699999809,0.9124000072,0.9973000288,1.0,0.7095999718,1.0,,0.0099999998,0.0099999998,0.222397998,0.0,-2.0,-2.0,8.5
1743.3037,100.56400299,0.4480139911,0.0195649993,2.2665998936,0.9221000075,1.0003000498,1.0,0.7038000226,1.0,,0.0099999998,0.0099999998,0.2245250046,0.0,-2.0,-2.0,8.5
1743.4561,101.21920013,0.4283120036,0.0252500009,2.2709999084,0.9318000078,1.0033999681,1.0,0.6730999947,1.0,,0.0099999998,0.0099999998,0.221269995,0.0,-2.0,-2.0,8.5
1743.6085,101.49330139,0.4356440008,0.0194189996,2.2748999596,0.9427000284,1.0062999725,1.0,0.685199976,1.0,,0.0099999998,0.0099999998,0.2189390063,0.0,-2.0,-2.0,8.5
1743.7609,101.32559967,0.4253099859,0.0244750008,2.2741000652,0.9550999999,1.0089999437,1.0,0.6687999964,1.0,,0.0099999998,0.0099999998,0.2191960067,0.0,-2.0,-2.0,8.5
1743.9133,101.15750122,0.4166679978,0.0323799998,2.2679998875,0.9674000144,1.0117000341,1.0,0.654399991,1.0,,0.0099999998,0.0099999998,0.222902,0.0,-2.0,-2.0,8.5
1744.0657,101.09860229,0.4177080095,0.0230749995,2.2811000347,0.9725999832,1.013299942,1.0,0.6575999856,1.0,,0.0099999998,0.0099999998,0.2145120054,0.0,-2.0,-2.0,8.5
1744.2181,101.22329712,0.4121280015,0.0262969993,2.2799999714,0.9654999971,1.0130000114,1.0,0.6485999823,1.0,,0.0099999998,0.0099999998,0.2151139975,0.0,-2.0,-2.0,8.5
1744.3705,101.40579987,0.431659013,0.0257169995,2.2681999207,0.9545999765,1.0120999813,1.0,0.6780999899,1.0,,0.0099999998,0.0099999998,0.2231180072,0.0,-2.0,-2.0,8.5
1744.5229,101.42749786,0.4194439948,0.0296969991,2.2702999115,0.9442999959,1.0116000175,1.0,0.6590999961,1.0,,0.0099999998,0.0099999998,0.2215300053,0.0,-2.0,-2.0,8.5
1744.6753,101.01069641,0.4308179915,0.0270799994,2.2667999268,0.935199976,1.0125000477,1.0,0.676699996,1.0,,0.0099999998,0.0099999998,0.224022001,0.0,-2.0,-2.0,8.5
1744.8277,100.28710175,0.4183140099,0.0216600001,2.282900095,0.9269999862,1.0142999887,1.0,0.6588000059,1.0,,0.0099999998,0.0099999998,0.2133830041,0.0,-2.0,-2.0,8.5
1744.9801,99.646003723,0.4270550013,0.0128969997,2.2902998924,0.9211000204,1.016299963,1.0,0.6735000014,1.0,,0.0099999998,0.0099999998,0.2088840008,0.0,-2.0,-2.0,8.5
1745.1325,99.599601746,0.398728013,0.0270530004,2.2876999378,0.9315000176,1.0198999643,1.0,0.6283000112,1.0,,0.0099999998,0.0099999998,0.209897995,0.0,-2.0,-2.0,8.5
1745.2849,100.31739807,0.3969660103,0.0293470006,2.2853999138,0.9629999995,1.0253000259,1.0,0.6252999902,1.0,,0.0099999998,0.0099999998,0.211292997,0.0,-2.0,-2.0,8.5
1745.4373,101.03710175,0.3843579888,0.0417600013,2.2753000259,0.9944000244,1.0306999683,1.0,0.6042000055,1.0,,0.0099999998,0.0099999998,0.2175440043,0.0,-2.0,-2.0,8.5
1745.5897,101.44680023,0.4176400006,0.0300859995,2.2709999084,1.0090999603,1.0322999954,1.0,0.6563000083,1.0,,0.0099999998,0.0099999998,0.2210370004,0.0,-2.0,-2.0,8.5
1745.7421,101.23239899,0.4209029973,0.0224459991,2.2802000046,0.9900000095,1.0262000561,1.0,0.6625999808,1.0,,0.0099999998,0.0099999998,0.2152020037,0.0,-2.0,-2.0,8.5
1745.8945,100.92900085,0.421344012,0.0136850001,2.2753000259,0.9660999775,1.0189000368,1.0,0.6647999883,1.0,,0.0099999998,0.0099999998,0.2070659995,0.0,-2.0,-2.0,8.5
1746.0469,100.58640289,0.3991509974,0.0216930006,2.2725999355,0.9470999837,1.0132000446,1.0,0.6299999952,1.0,,0.0099999998,0.0099999998,0.2196779996,0.0,-2.0,-2.0,8.5
1746.1993,100.13529968,0.4021889865,0.0358290002,2.2725999355,0.9416000247,1.011500001,1.0,0.6320999861,1.0,,0.0099999998,0.0099999998,0.2196779996,0.0,-2.0,-2.0,8.5
1746.3517,99.625,0.4095489979,0.0370290019,2.2660000324,0.9434999824,1.0121999979,1.0,0.6430000067,1.0,,0.0099999998,0.0099999998,0.2240329981,0.0,-2.0,-2.0,8.5
1746.5041,99.192100525,0.4164009988,0.0381279998,2.2599999905,0.9444000125,1.0119999647,1.0,0.6531000137,1.0,,0.0099999998,0.0099999998,0.2280690074,0.0,-2.0,-2.0,8.5
1746.6565,99.112503052,0.423819989,0.0347540006,2.2602000237,0.9415000081,1.00849998,1.0,0.6649000049,1.0,,0.0099999998,0.0099999998,0.2281049937,0.0,-2.0,-2.0,8.5
1746.8089,99.457298279,0.4368770123,0.0456850007,2.2595000267,0.9340000153,1.0010000467,1.0,0.6826999784,1.0,,0.0099999998,0.0099999998,0.2292090058,0.0,-2.0,-2.0,8.5
1746.9613,99.795196533,0.4640130103,0.0301350001,2.2585000992,0.9264000058,0.9934999943,1.0,0.7263000011,1.0,,0.0099999998,0.0099999998,0.2296790034,0.0,-2.0,-2.0,8.5
1747.1137,99.893600464,0.4744099975,0.0138269998,2.2585000992,0.9199000001,0.9879000187,1.0,0.7447999716,1.0,,0.0099999998,0.0099999998,0.2303629965,0.0,-2.0,-2.0,8.5
1747.2661,99.351097107,0.453260988,0.0223789997,2.2595000267,0.9160000086,0.9876000285,1.0,0.711499989,1.0,,0.0099999998,0.0099999998,0.2292090058,0.0,-2.0,-2.0,8.5
1747.4185,98.80960083,0.4365479946,0.0305950008,2.2581999302,0.9120000005,0.9872999787,1.0,0.6848999858,1.0,,0.0099999998,0.0099999998,0.2296790034,0.0,-2.0,-2.0,8.5
1747.5709,98.279296875,0.4276050031,0.0392949991,2.2585000992,0.9110000134,0.9864000082,1.0,0.6699000001,1.0,,0.0099999998,0.0099999998,0.2296790034,0.0,-2.0,-2.0,8.5
1747.7233,97.793899536,0.4382709861,0.0294310004,2.2588000298,0.9203000069,0.9835000038,1.0,0.6876999736,1.0,,0.0099999998,0.0099999998,0.2293069959,0.0,-2.0,-2.0,8.5
1747.8757,97.322799683,0.4244810045,0.0289980005,2.2683999538,0.9330000281,0.9797999859,1.0,0.7014999986,1.0,,0.0099999998,0.0099999998,0.2296790034,0.0,-2.0,-2.0,8.5
1748.0281,96.899200439,0.4484249949,0.0234099999,2.2611999512,0.9426000118,0.9757999778,1.0,0.7039999962,1.0,,0.0099999998,0.0099999998,0.2280150056,0.0,-2.0,-2.0,8.5
1748.1805,96.714599609,0.4487499893,0.0273400005,2.2562000751,0.9368000031,0.9693999887,1.0,0.7014999986,1.0,,0.0099999998,0.0099999998,0.2311919928,0.0,-2.0,-2.0,8.5
1748.3329,96.747299194,0.4545289874,0.0285609998,2.2541000843,0.9168000221,0.9609000087,1.0,0.7020999789,1.0,,0.0099999998,0.0099999998,0.232574001,0.0,-2.0,-2.0,8.5
1748.4853,96.769996643,0.4618499875,0.0271380004,2.2560999393,0.8970000148,0.9523000121,1.0,0.7024999857,1.0,,0.0099999998,0.0099999998,0.2312580049,0.0,-2.0,-2.0,8.5
1748.6377,96.704299927,0.4770689905,0.0360389985,2.2513000965,0.8784000278,0.9423999786,1.0,0.701300025,1.0,,0.0099999998,0.0099999998,0.239775002,0.0,-2.0,-2.0,8.5
1748.7901,96.429702759,0.4838219881,0.0356759988,2.2699000835,0.8622999787,0.9294000268,1.0,0.69599998,1.0,,0.0099999998,0.0099999998,0.2378679961,0.0,-2.0,-2.0,8.5
1748.9425,96.154800415,0.4688740075,0.0278469995,2.2804999352,0.8463000059,0.9164000154,1.0,0.6906999946,1.0,,0.0099999998,0.0099999998,0.2284940034,0.0,-2.0,-2.0,8.5
1749.0949,95.864700317,0.4576539993,0.0256820004,2.276900053,0.8338000178,0.9049000144,1.0,0.685199976,1.0,,0.0099999998,0.0099999998,0.2246990055,0.0,-2.0,-2.0,8.5
1749.2473,95.480003357,0.4628620148,0.0396820009,2.2535998821,0.8427000046,0.9021000266,1.0,0.6777999997,1.0,,0.0099999998,0.0099999998,0.2365449965,0.0,-2.0,-2.0,8.5
1749.3997,95.084503174,0.4650749862,0.0621390007,2.2158000469,0.8537999988,0.9003000259,1.0,0.6701999903,1.0,,0.0099999998,0.0099999998,0.2567889988,0.0,-2.0,-2.0,8.5
1749.5521,94.677696228,0.4701350033,0.0814350024,2.1891000271,0.8636000156,0.8982999921,1.0,0.6624000072,1.0,,0.0099999998,0.0099999998,0.2738089859,0.0,-2.0,-2.0,8.5
1749.7045,94.178703308,0.4580830038,0.0835750028,2.1898999214,0.8614000082,0.8946999907,1.0,0.6528999805,1.0,,0.0099999998,0.0099999998,0.2731640041,0.0,-2.0,-2.0,8.5
1749.8569,93.62840271,0.4423460066,0.0919369981,2.181499958,0.8522999883,0.8902000189,1.0,0.6423000097,1.0,,0.0099999998,0.0099999998,0.2784540057,0.0,-2.0,-2.0,8.5
1750.0093,93.0963974,0.4462310076,0.0525129996,2.1591000557,0.8434000015,0.8856999874,1.0,0.6322000027,1.0,,0.0099999998,0.0099999998,0.2360620052,0.0,-2.0,-2.0,8.5
1750.1617,92.814598083,0.4468620121,0.0550549999,2.1452999115,0.8356999755,0.8826000094,1.0,0.6268000007,1.0,,0.0099999998,0.0099999998,0.2370229959,0.0,-2.0,-2.0,8.5
1750.3141,92.951301575,0.4433510005,0.0538339987,2.1526999474,0.8302999735,0.8816999793,1.0,0.6294000149,1.0,,0.0099999998,0.0099999998,0.2365429997,0.0,-2.0,-2.0,8.5
1750.4665,93.086196899,0.4448820055,0.0837249979,2.198800087,0.8248999715,0.8808000088,1.0,0.6319000125,1.0,,0.0099999998,0.0099999998,0.2671639919,0.0,-2.0,-2.0,8.5
1750.6189,93.159698486,0.4468620121,0.0777039975,2.2076001167,0.820900023,0.8798000216,1.0,0.6333000064,1.0,,0.0099999998,0.0099999998,0.2615320086,0.0,-2.0,-2.0,8.5
1750.7713,92.707000732,0.449357003,0.0951360017,2.1842000484,0.8291000128,0.878000021,1.0,0.6245999932,1.0,,0.0099999998,0.0099999998,0.2764379978,0.0,-2.0,-2.0,8.5
1750.9237,92.254402161,0.4511759877,0.1013730019,2.1782999039,0.837199986,0.8762000203,1.0,0.6159999967,1.0,,0.0099999998,0.0099999998,0.2801490128,0.0,-2.0,-2.0,8.5
1751.0761,91.831100464,0.4540179968,0.1034630015,2.1784999371,0.844900012,0.8743000031,1.0,0.6079000235,1.0,,0.0099999998,0.0099999998,0.2798750103,0.0,-2.0,-2.0,8.5
1751.2285,92.673797607,0.4637700021,0.0959189981,2.1833999157,0.8338999748,0.8682000041,1.0,0.6238999963,1.0,,0.0099999998,0.0099999998,0.2769840062,0.0,-2.0,-2.0,8.5
1751.3809,93.876998901,0.4510509968,0.0845090002,2.1912999153,0.8176000118,0.8608999848,1.0,0.6468999982,1.0,,0.0099999998,0.0099999998,0.2722229958,0.0,-2.0,-2.0,8.5
1751.5333,95.079101563,0.4547120035,0.0703400001,2.2035000324,0.8012999892,0.8536999822,1.0,0.6697999835,1.0,,0.0099999998,0.0099999998,0.264696002,0.0,-2.0,-2.0,8.5
1751.6857,95.596199036,0.4523090124,0.0688820034,2.201499939,0.7949000001,0.8482999802,1.0,0.679700017,1.0,,0.0099999998,0.0099999998,0.2660839856,0.0,-2.0,-2.0,8.5
1751.8381,95.426803589,0.4643130004,0.0654589981,2.2083001137,0.7983999848,0.8446000218,1.0,0.6686000228,1.0,,0.0099999998,0.0099999998,0.2617030144,0.0,-2.0,-2.0,8.5
1751.9905,95.247802734,0.4580790102,0.0677379966,2.2114999294,0.8019999862,0.8410000205,1.0,0.6686000228,1.0,,0.0099999998,0.0099999998,0.2617030144,0.0,-2.0,-2.0,8.5
1752.1429,95.019798279,0.4488820136,0.0565330014,2.2114999294,0.804099977,0.8378999829,1.0,0.6686000228,1.0,,0.0099999998,0.0099999998,0.250485003,0.0,-2.0,-2.0,8.5
1752.2953,94.615196228,0.4450480044,0.0677379966,2.2114999294,0.8004000187,0.8366000056,1.0,0.6608999968,1.0,,0.0099999998,0.0099999998,0.2594310045,0.0,-2.0,-2.0,8.5
1752.4477,94.204101563,0.4676400125,0.0649119988,2.223400116,0.7964000106,0.8353999853,1.0,0.6529999971,1.0,,0.0099999998,0.0099999998,0.2543100119,0.0,-2.0,-2.0,8.5
1752.6001,93.792503357,0.4863620102,0.0790460035,2.2156000137,0.7925000191,0.8342000246,1.0,0.6450999975,1.0,,0.0099999998,0.0099999998,0.2661469877,0.0,-2.0,-2.0,8.5
1752.7525,93.515602112,0.4866420031,0.0857810006,2.2044000626,0.7870000005,0.831099987,1.0,0.6398000121,1.0,,0.0099999998,0.0099999998,0.2713310122,0.0,-2.0,-2.0,8.5
1752.9049,93.257598877,0.4734899998,0.0840009972,2.2016999722,0.7813000083,0.8277999759,1.0,0.6348999739,1.0,,0.0099999998,0.0099999998,0.268103987,0.0,-2.0,-2.0,8.5
1753.0573,93.00050354,0.4439930022,0.0761910006,2.2116999626,0.7754999995,0.8245000243,1.0,0.6299999952,1.0,,0.0099999998,0.0099999998,0.2588529885,0.0,-2.0,-2.0,8.5
1753.2097,92.662597656,0.4825730026,0.0877920017,2.2137000561,0.7756999731,0.8238000274,1.0,0.6234999895,1.0,,0.0099999998,0.0099999998,0.2685660124,0.0,-2.0,-2.0,8.5
1753.3621,92.274398804,0.4511980116,0.0799629986,2.2118000984,0.7796000242,0.8248999715,1.0,0.6161000133,1.0,,0.0099999998,0.0099999998,0.2585720122,0.0,-2.0,-2.0,8.5
1753.5145,91.879898071,0.4696289897,0.0892850012,2.214400053,0.7838000059,0.8260999918,1.0,0.6085000038,1.0,,0.0099999998,0.0099999998,0.2656930089,0.0,-2.0,-2.0,8.5
1753.6669,91.595901489,0.4431549907,0.0775049999,2.223400116,0.7886999846,0.8270000219,1.0,0.6085000038,1.0,,0.0099999998,0.0099999998,0.2523249984,0.0,-2.0,-2.0,8.5
1753.8193,91.506401062,0.4615890086,0.0828270018,2.214400053,0.7949000001,0.8274000287,1.0,0.6085000038,1.0,,0.0099999998,0.0099999998,0.2571350038,0.0,-2.0,-2.0,8.5
1753.9717,91.444198608,0.4898029864,0.0919499993,2.214400053,0.8012999892,0.8277000189,1.0,0.6085000038,1.0,,0.0099999998,0.0099999998,0.2658970058,0.0,-2.0,-2.0,8.5
1754.1241,91.448898315,0.4782240093,0.0874499977,2.214400053,0.8069000244,0.8280000091,1.0,0.6085000038,1.0,,0.0099999998,0.0099999998,0.2614049911,0.0,-2.0,-2.0,8.5
1754.2765,92.099601746,0.4782240093,0.1049730033,2.2126998901,0.8054999709,0.8288000226,1.0,0.6126000285,1.0,,0.0099999998,0.0099999998,0.2825100124,0.0,-2.0,-2.0,8.5
1754.4289,92.869102478,0.48141101,0.0828270018,2.2074000835,0.8026999831,0.8298000097,1.0,0.627300024,1.0,,0.0099999998,0.0099999998,0.2700270116,0.0,-2.0,-2.0,8.5
1754.5813,93.638702393,0.4823940098,0.0811619982,2.2100999355,0.8000000119,0.8306999803,1.0,0.6420000196,1.0,,0.0099999998,0.0099999998,0.2671760023,0.0,-2.0,-2.0,8.5
1754.7337,95.064498901,0.4597850144,0.0350980014,2.1703999043,0.7911000252,0.8277999759,1.0,0.6692000031,1.0,,0.0099999998,0.0099999998,0.2289779931,0.0,-2.0,-2.0,8.5
1754.8861,96.783203125,0.4628709853,0.0196720008,2.1563000679,0.779399991,0.8230999708,1.0,0.7019000053,1.0,,0.0099999998,0.0099999998,0.2230349928,0.0,-2.0,-2.0,8.5
1755.0385,98.541000366,0.4507359862,0.0038960001,2.1563000679,0.7673000097,0.8183000088,1.0,0.7354999781,1.0,,0.0099999998,0.0099999998,0.2169570029,0.0,-2.0,-2.0,8.5
1755.1909,99.511703491,0.4451749921,0.0038960001,2.1563000679,0.7642999887,0.8181999922,1.0,0.7354999781,1.0,,0.0099999998,0.0099999998,0.2185059935,0.0,-2.0,-2.0,8.5
1755.3433,99.584396362,0.4423229992,0.0001,2.155299902,0.7717000246,0.823300004,1.0,0.7354999781,1.0,,0.0099999998,0.0099999998,0.2188860029,0.0,-2.0,-2.0,8.5
1755.4957,99.462303162,0.4597339928,0.0001,2.1549999714,0.7814000249,0.8296999931,1.0,0.753000021,1.0,,0.0099999998,0.0099999998,0.2181899995,0.0,-2.0,-2.0,8.5
1755.6481,98.772499084,0.4825460017,0.0018570001,2.1724998951,0.7929999828,0.8357999921,1.0,0.7397999763,1.0,,0.0099999998,0.0099999998,0.2161139995,0.0,-2.0,-2.0,8.5
1755.8005,96.238296509,0.4934709966,0.0246210005,2.173199892,0.8106999993,0.8411999941,1.0,0.6913999915,1.0,,0.0099999998,0.0099999998,0.2248540074,0.0,-2.0,-2.0,8.5
1755.9529,93.144500732,0.4887680113,0.065467,2.1998999119,0.8303999901,0.8463000059,1.0,0.6323999763,1.0,,0.0099999998,0.0099999998,0.2394610047,0.0,-2.0,-2.0,8.5
1756.1053,90.050796509,0.4724940062,0.092174001,2.2578001022,0.8500000238,0.8514000177,1.0,0.573300004,1.0,,0.0099999998,0.0099999998,0.2581860125,0.0,-2.0,-2.0,8.5
1756.2577,89.759803772,0.4548450112,0.0772809982,2.3010001183,0.8467000127,0.8537999988,1.0,0.6205999851,1.0,,0.0099999998,0.0099999998,0.2416699976,0.0,-2.0,-2.0,8.5
1756.4101,90.615196228,0.4561640024,0.0716200024,2.2841999531,0.8339999914,0.8550000191,1.0,0.6205999851,1.0,,0.0099999998,0.0099999998,0.2407180071,0.0,-2.0,-2.0,8.5
1756.5625,91.504898071,0.4430580139,0.065467,2.2595000267,0.82099998,0.8562999964,1.0,0.6205999851,1.0,,0.0099999998,0.0099999998,0.2394610047,0.0,-2.0,-2.0,8.5
1756.7149,92.529296875,0.4591430128,0.0772660002,2.2214999199,0.8198000193,0.8616999984,1.0,0.6205999851,1.0,,0.0099999998,0.0099999998,0.256900996,0.0,-2.0,-2.0,8.5
1756.8673,93.673797607,0.4471049905,0.0797030032,2.2014000416,0.8288999796,0.8708000183,1.0,0.6424000263,1.0,,0.0099999998,0.0099999998,0.2656399906,0.0,-2.0,-2.0,8.5
1757.0197,94.844703674,0.4353919923,0.0774979964,2.1953001022,0.8403999805,0.8808000088,1.0,0.6646999717,1.0,,0.0099999998,0.0099999998,0.2698819935,0.0,-2.0,-2.0,8.5
1757.1721,95.741203308,0.4335649908,0.0395379998,2.2481000423,0.850399971,0.8898000121,1.0,0.6794999838,1.0,,0.0099999998,0.0099999998,0.2361820042,0.0,-2.0,-2.0,8.5
1757.3245,96.107696533,0.4481599927,0.0275059994,2.2750999928,0.8578000069,0.8970999718,1.0,0.6887000203,1.0,,0.0099999998,0.0099999998,0.228718996,0.0,-2.0,-2.0,8.5
1757.4769,96.272598267,0.4656459987,0.0275059994,2.2762000561,0.864199996,0.9038000107,1.0,0.6919000149,1.0,,0.0099999998,0.0099999998,0.2277150005,0.0,-2.0,-2.0,8.5
1757.6293,96.545898438,0.4489159882,0.0267430004,2.2604999542,0.8708000183,0.9106000066,1.0,0.6970999837,1.0,,0.0099999998,0.0099999998,0.228441,0.0,-2.0,-2.0,8.5
1757.7817,97.601600647,0.4425530136,0.0272720009,2.2604999542,0.8791999817,0.9185000062,1.0,0.695200026,1.0,,0.0099999998,0.0099999998,0.2284120023,0.0,-2.0,-2.0,8.5
1757.9341,99.070297241,0.4516690075,0.023418,2.260299921,0.8884999752,0.9269000292,1.0,0.7095999718,1.0,,0.0099999998,0.0099999998,0.228718996,0.0,-2.0,-2.0,8.5
1758.0865,100.53910065,0.4400759935,0.0267430004,2.2453999519,0.8978999853,0.9354000092,1.0,0.6894999743,1.0,,0.0099999998,0.0099999998,0.238045007,0.0,-2.0,-2.0,8.5
1758.2389,100.22660065,0.4309140146,0.0426299982,2.2453000546,0.9064999819,0.9440000057,1.0,0.6750000119,1.0,,0.0099999998,0.0099999998,0.2378879935,0.0,-2.0,-2.0,8.5
1758.3913,98.447303772,0.4214969873,0.0234270003,2.2797999382,0.9143999815,0.9527000189,1.0,0.6640999913,1.0,,0.0099999998,0.0099999998,0.2155299932,0.0,-2.0,-2.0,8.5
1758.5437,96.455101013,0.4221229851,0.010849,2.2980999947,0.9222999811,0.961499989,1.0,0.6672999859,1.0,,0.0099999998,0.0099999998,0.2038459927,0.0,-2.0,-2.0,8.5
1758.6961,95.668296814,0.452955991,0.0227760002,2.2888000011,0.9296000004,0.969900012,1.0,0.6801999807,1.0,,0.0099999998,0.0099999998,0.2194969952,0.0,-2.0,-2.0,8.5
1758.8485,96.667999268,0.4434109926,0.0111220004,2.2839999199,0.9362000227,0.9779999852,1.0,0.6991999745,1.0,,0.0099999998,0.0099999998,0.2133360058,0.0,-2.0,-2.0,8.5
1759.0009,98.353500366,0.4494790137,0.0108099999,2.2804999352,0.9426000118,0.9858000278,1.0,0.7085999846,1.0,,0.0099999998,0.0099999998,0.2157109976,0.0,-2.0,-2.0,8.5
1759.1533,99.688499451,0.4255779982,0.0177989993,2.285599947,0.9480000138,0.9927999973,1.0,0.671299994,1.0,,0.0099999998,0.0099999998,0.2119120061,0.0,-2.0,-2.0,8.5
1759.3057,99.886199951,0.4236060083,0.0397859998,2.2544000149,0.9502999783,0.996999979,1.0,0.6644999981,1.0,,0.0099999998,0.0099999998,0.2319239974,0.0,-2.0,-2.0,8.5
1759.4581,99.364303589,0.4265660048,0.0505530015,2.2365000248,0.950600028,0.9994000196,1.0,0.6671000123,1.0,,0.0099999998,0.0099999998,0.2434320003,0.0,-2.0,-2.0,8.5
1759.6105,98.842300415,0.4353809953,0.0762699991,2.2365000248,0.9509000182,1.0017999411,1.0,0.675999999,1.0,,0.0099999998,0.0099999998,0.2716929913,0.0,-2.0,-2.0,8.5
1759.7629,98.341796875,0.4713799953,0.0059850002,2.2365000248,0.9524000287,1.0025000572,1.0,0.7310000062,1.0,,0.0099999998,0.0099999998,0.2173070014,0.0,-2.0,-2.0,8.5
1759.9153,97.861297607,0.4912190139,0.0103059998,2.1896998882,0.9550999999,1.0016000271,1.0,0.7218999863,1.0,,0.0099999998,0.0099999998,0.2189590037,0.0,-2.0,-2.0,8.5
1760.0677,97.38130188,0.4952099919,0.0589050017,2.2040998936,0.9578999877,1.0006999969,0.9904999733,0.7127000093,1.0,,0.0099999998,0.0099999998,0.2648929954,0.0,-2.0,-2.0,8.5
1760.2201,96.93409729,0.4611310065,0.0376119986,2.2409999371,0.9606999755,1.0011999607,1.0,0.7041000128,1.0,,0.0099999998,0.0099999998,0.2411160022,0.0,-2.0,-2.0,8.5
1760.3725,96.533203125,0.4292080104,0.0338700004,2.2595999241,0.9636999965,1.0037000179,1.0,0.6740999818,1.0,,0.0099999998,0.0099999998,0.2286749929,0.0,-2.0,-2.0,8.5
1760.5249,96.146499634,0.4343290031,0.0136909997,2.2862000465,0.9667000175,1.0067000389,1.0,0.6852999926,1.0,,0.0099999998,0.0099999998,0.2117310017,0.0,-2.0,-2.0,8.5
1760.6773,95.805397034,0.436089009,0.0154109998,2.2848000526,0.9682999849,1.0095000267,1.0,0.6826000214,1.0,,0.0099999998,0.0099999998,0.2126380056,0.0,-2.0,-2.0,8.5
1760.8297,95.574203491,0.4482829869,0.0237939991,2.2797000408,0.9664999843,1.0116000175,1.0,0.6780999899,1.0,,0.0099999998,0.0099999998,0.219727993,0.0,-2.0,-2.0,8.5
1760.9821,95.410896301,0.4310449958,0.0326990001,2.2611999512,0.9624999762,1.0133999586,1.0,0.6750000119,1.0,,0.0099999998,0.0099999998,0.2277159989,0.0,-2.0,-2.0,8.5
1761.1345,95.241203308,0.4391469955,0.0455389991,2.2425999641,0.959100008,1.0147000551,1.0,0.6717000008,1.0,,0.0099999998,0.0099999998,0.2396010011,0.0,-2.0,-2.0,8.5
1761.2869,95.029098511,0.4620530009,0.0488330014,2.2427000999,0.9585999846,1.0127999783,1.0,0.6676999927,1.0,,0.0099999998,0.0099999998,0.2417089939,0.0,-2.0,-2.0,8.5
1761.4393,94.771697998,0.4894889891,0.0652230009,2.2367999554,0.9613000154,1.0074000359,1.0,0.662800014,1.0,,0.0099999998,0.0099999998,0.2566640079,0.0,-2.0,-2.0,8.5
1761.5917,94.514396667,0.4831140041,0.0589210019,2.2534000874,0.9639999866,1.0018999577,1.0,0.6578000188,1.0,,0.0099999998,0.0099999998,0.2489259988,0.0,-2.0,-2.0,8.5
1761.7441,93.900398254,0.4779759943,0.0583949983,2.2637000084,0.9625999928,0.9973000288,1.0,0.6460999846,1.0,,0.0099999998,0.0099999998,0.2450020015,0.0,-2.0,-2.0,8.5
1761.8965,92.702102661,0.4718399942,0.0788199976,2.2286000252,0.954400003,0.9940999746,1.0,0.6233000159,1.0,,0.0099999998,0.0099999998,0.2588129938,0.0,-2.0,-2.0,8.5
1762.0489,91.428703308,0.4809879959,0.1011819988,2.2063000202,0.945299983,0.9911000133,1.0,0.6233000159,1.0,,0.0099999998,0.0099999998,0.2741490006,0.0,-2.0,-2.0,8.5
1762.2013,90.642700195,0.4585050046,0.1015340015,2.2012999058,0.9387999773,0.986899972,1.0,0.6233000159,1.0,,0.0099999998,0.0099999998,0.2701590061,0.0,-2.0,-2.0,8.5
1762.3537,90.995101929,0.4329069853,0.0834679976,2.2184000015,0.9380000234,0.9797999859,1.0,0.6233000159,1.0,,0.0099999998,0.0099999998,0.254016012,0.0,-2.0,-2.0,8.5
1762.5061,91.903297424,0.4334850013,0.0656749979,2.238699913,0.9401999712,0.9714000225,1.0,0.6233000159,1.0,,0.0099999998,0.0099999998,0.2412029952,0.0,-2.0,-2.0,8.5
1762.6585,92.852500916,0.4464719892,0.0499770008,2.2764999866,0.9409999847,0.9634000063,1.0,0.6259999871,1.0,,0.0099999998,0.0099999998,0.2307099998,0.0,-2.0,-2.0,8.5
1762.8109,93.958000183,0.4749149978,0.0552170016,2.2683999538,0.9369999766,0.9574000239,1.0,0.6470999718,1.0,,0.0099999998,0.0099999998,0.2420130074,0.0,-2.0,-2.0,8.5
1762.9633,95.228500366,0.4735679924,0.0530159995,2.2421000004,0.9279999733,0.9534999728,1.0,0.671299994,1.0,,0.0099999998,0.0099999998,0.2467830032,0.0,-2.0,-2.0,8.5
1763.1157,96.479499817,0.463714987,0.0228969995,2.1763000488,0.918900013,0.9495000243,1.0,0.6951000094,1.0,,0.0099999998,0.0099999998,0.2235240042,0.0,-2.0,-2.0,8.5
1763.2681,97.266799927,0.4376569986,0.0158459991,2.1208000183,0.9103000164,0.9449999928,1.0,0.6951000094,1.0,,0.0099999998,0.0099999998,0.2207839936,0.0,-2.0,-2.0,8.5
1763.4205,97.099899292,0.4470399916,0.0173530001,2.0764000416,0.9024000168,0.9393000007,1.0,0.6951000094,1.0,,0.0099999998,0.0099999998,0.2213519961,0.0,-2.0,-2.0,8.5
1763.5729,96.932899475,0.4719490111,0.0188590009,2.1066999435,0.8945999742,0.9334999919,1.0,0.6951000094,1.0,,0.0099999998,0.0099999998,0.2219209969,0.0,-2.0,-2.0,8.5
1763.7253,96.549797058,0.4805290103,0.0223030001,2.1582999229,0.8913000226,0.929700017,1.0,0.6963999867,1.0,,0.0099999998,0.0099999998,0.2232390046,0.0,-2.0,-2.0,8.5
1763.8777,95.543899536,0.4583019912,0.0585989989,2.220400095,0.9014000297,0.9311000109,1.0,0.6772000194,1.0,,0.0099999998,0.0099999998,0.253986001,0.0,-2.0,-2.0,8.5
1764.0301,94.360397339,0.4641439915,0.0545740016,2.2479000092,0.9153000116,0.9341999888,1.0,0.6546000242,1.0,,0.0099999998,0.0099999998,0.2434359938,0.0,-2.0,-2.0,8.5
1764.1825,93.343803406,0.4811179936,0.0689079985,2.2513000965,0.9275000095,0.9372000098,1.0,0.6352000237,1.0,,0.0099999998,0.0099999998,0.2521649897,0.0,-2.0,-2.0,8.5
1764.3349,92.990501404,0.5015829802,0.0839049965,2.2553999424,0.9327999949,0.9404000044,1.0,0.6420000196,1.0,,0.0099999998,0.0099999998,0.2652029991,0.0,-2.0,-2.0,8.5
1764.4873,93.178497314,0.4777579904,0.0638960004,2.2695000172,0.9325000048,0.9437000155,1.0,0.6420000196,1.0,,0.0099999998,0.0099999998,0.2462089956,0.0,-2.0,-2.0,8.5
1764.6397,93.382301331,0.4712150097,0.0621099994,2.2590000629,0.932099998,0.9470999837,1.0,0.6359000206,1.0,,0.0099999998,0.0099999998,0.2455250025,0.0,-2.0,-2.0,8.5
1764.7921,93.704597473,0.4378120005,0.0536530018,2.2432000637,0.9309999943,0.9509000182,1.0,0.6420000196,1.0,,0.0099999998,0.0099999998,0.2388209999,0.0,-2.0,-2.0,8.5
1764.9445,94.254898071,0.4436810017,0.0444109999,2.2530999184,0.9286000133,0.9553999901,1.0,0.6524999738,1.0,,0.0099999998,0.0099999998,0.2325830013,0.0,-2.0,-2.0,8.5
1765.0969,94.805198669,0.4468629956,0.0322320014,2.2767000198,0.9261999726,0.9599000216,1.0,0.662899971,1.0,,0.0099999998,0.0099999998,0.2234099954,0.0,-2.0,-2.0,8.5
1765.2493,95.243400574,0.4436810017,0.044098001,2.2744998932,0.9240000248,0.9646999836,1.0,0.671299994,1.0,,0.0099999998,0.0099999998,0.2376630008,0.0,-2.0,-2.0,8.5
1765.4017,95.196800232,0.4633460045,0.0535439998,2.231400013,0.9229999781,0.9707000256,1.0,0.6704000235,1.0,,0.0099999998,0.0099999998,0.2468349934,0.0,-2.0,-2.0,8.5
1765.5541,95.106201172,0.4405969977,0.0767330006,2.1960999966,0.9221000075,0.9767000079,1.0,0.6686000228,1.0,,0.0099999998,0.0099999998,0.2695080042,0.0,-2.0,-2.0,8.5
1765.7065,95.133300781,0.4429320097,0.0681150034,2.2093000412,0.9225999713,0.9829000235,1.0,0.6690999866,1.0,,0.0099999998,0.0099999998,0.2610200047,0.0,-2.0,-2.0,8.5
1765.8589,95.826202393,0.4337159991,0.0460119992,2.23939991,0.9308000207,0.9897999763,1.0,0.679099977,1.0,,0.0099999998,0.0099999998,0.2417899966,0.0,-2.0,-2.0,8.5
1766.0113,96.871101379,0.4295729995,0.0245140009,2.273900032,0.9431999922,0.996999979,1.0,0.6765999794,1.0,,0.0099999998,0.0099999998,0.2195540071,0.0,-2.0,-2.0,8.5
1766.1637,97.859901428,0.4107469916,0.0243379995,2.2862999439,0.9549000263,1.0046999454,1.0,0.6481999755,1.0,,0.0099999998,0.0099999998,0.2111860067,0.0,-2.0,-2.0,8.5
1766.3161,98.398399353,0.4140889943,0.0394559987,2.2618000507,0.9607999921,1.015599966,1.0,0.6506999731,1.0,,0.0099999998,0.0099999998,0.2269909978,0.0,-2.0,-2.0,8.5
1766.4685,98.283401489,0.4243560135,0.0489809997,2.2411000729,0.9584000111,1.0312999487,1.0,0.6644999981,1.0,,0.0099999998,0.0099999998,0.2404949963,0.0,-2.0,-2.0,8.5
1766.6209,98.152297974,0.4451079965,0.0113120005,2.2836000919,0.9571999907,1.0480999947,1.0,0.7024000287,1.0,,0.0099999998,0.0099999998,0.2137289941,0.0,-2.0,-2.0,8.5
1766.7733,97.699203491,0.4605320096,0.0001,2.3257000446,0.9803000093,1.0860999823,1.0,0.7178999782,1.0,,0.0099999998,0.0099999998,0.2069520056,0.0,-2.0,-2.0,8.5
1766.9257,95.552696228,0.4143410027,0.0114630004,2.3299000263,1.1324000359,1.2359999418,1.0,0.6769999862,1.0,,0.0099999998,0.0099999998,0.2065179944,0.0,-2.0,-2.0,8.5
1767.0781,93.400398254,0.4143410027,0.0203649998,2.3254001141,1.2843999863,1.3856999874,1.0,0.6227999926,1.0,,0.0099999998,0.0099999998,0.1998160034,0.0,-2.0,-2.0,8.5
1767.2305,90.765602112,0.3716009855,0.0340100005,2.3297998905,1.464400053,1.5414999723,1.0,0.546299994,1.0,,0.0099999998,0.0099999998,0.1914000064,0.0,-2.0,-2.0,8.5
1767.3829,81.734397888,0.3325630128,0.0979809985,2.2913999557,2.008300066,1.7755999565,0.9272999763,0.4032000005,1.0,,,,0.2141180038,0.0,,,8.5
1767.5353,71.070297241,0.3092930019,0.1601919979,2.2430999279,2.6454999447,2.0295000076,0.679799974,0.283100009,1.0,,,,0.2417480052,1.0,,,8.5
1767.6877,60.593799591,0.2810089886,0.205253005,2.1956999302,3.2987999916,2.2925000191,0.4783000052,0.1967000067,9.0,,0.0099999998,0.0099999998,0.2619149983,1.0,-2.0,-2.0,8.5
1767.8401,54.472698212,0.258325994,0.2207449973,2.1826999187,4.2725000381,2.7592999935,0.4463999867,0.1386999935,9.0,,,,0.2681779861,1.0,,,8.5
1767.9925,52.400398254,0.2538850009,0.2362100035,2.1872999668,5.5430002213,3.4154999256,0.3890999854,0.0995000005,9.0,,,,0.2648549974,1.0,,,8.5
1768.1449,50.324199677,0.2524929941,0.2246699929,2.1926999092,6.814499855,4.0707998276,0.2944999933,0.127700001,9.0,0.2944999933,,,0.2614499927,1.0,,,8.5
1768.2973,47.996101379,0.258325994,0.2207449973,2.1947000027,8.0839996338,4.7084999084,0.2307000011,0.1386999935,9.0,0.2307000011,,,0.2606979907,1.0,,,8.5
1768.4497,44.84469986,0.2457119972,0.242614001,2.1768000126,9.3528003693,5.2897000313,0.2508000135,0.0940999985,9.0,0.2508000135,,,0.2696990073,1.0,,,8.5
1768.6021,41.6875,0.2262520045,0.2756569982,2.1540000439,10.622099876,5.8716001511,0.3116999865,0.0232999995,7.0,0.3116999865,2041.9396973,1990.3376465,0.2823790014,1.0,3.3101334572,3.2990181446,8.5
1768.7545,44.84469986,0.2482910007,0.2900629938,2.1394000053,11.890600204,6.4526000023,0.3181000054,0.0776999965,7.0,0.3181000054,2691.152832,2628.0163574,0.2900629938,1.0,3.4299383163,3.4196281433,8.5
1768.9069,41.335899353,0.2370669991,0.275624007,2.1459000111,11.813500404,6.6835999489,0.266900003,0.0390000008,7.0,0.266900003,2689.4589844,2626.572998,0.2868480086,1.0,,,8.5
1769.0593,44.484401703,0.2482910007,0.2580200136,2.157200098,11.662400246,6.8983998299,0.2190999985,0.0776999965,7.0,0.2190999985,,,0.2803860009,1.0,,,8.5
1769.2117,47.695301056,0.2541860044,0.2638779879,2.1463999748,11.497799873,7.1100997925,0.215200007,0.0789000019,7.0,0.215200007,,,0.286597997,1.0,,,8.5
1769.3641,50.347698212,0.2634710073,0.2756519914,2.1264998913,11.317399979,7.2354001999,0.2117999941,0.0776000023,7.0,0.2117999941,,,0.2979899943,1.0,,,8.5
1769.5165,52.017601013,0.2861349881,0.2943989933,2.0887999535,11.109399796,7.2066998482,0.1888000071,0.0869000033,7.0,0.1888000071,2064.3928223,1745.4256592,0.3193979859,1.0,3.3148133755,3.241922617,8.5
1769.6689,53.130901337,0.2951169908,0.3101670146,2.0645999908,10.885700226,7.0908999443,0.1934999973,0.0799999982,9.0,0.1934999973,1373.7121582,1154.039917,0.3331870139,1.0,3.1378808022,3.062202692,8.5
1769.8213,54.245098114,0.2867060006,0.3273879886,2.1131000519,10.661899567,6.9752998352,0.2354000062,0.0789000019,9.0,0.2354000062,1697.5577393,1484.6715088,0.306171,1.0,3.2298307419,3.1716349125,8.5
1769.9737,55.746101379,0.2702830136,0.3154689968,2.1131000519,10.132800102,6.7990999222,0.2646999955,0.0799999982,9.0,0.2646999955,1530.4388428,1376.0029297,0.306171,1.0,3.1848258972,3.1386282444,8.5
1770.1261,57.798801422,0.2679010034,0.2853040099,2.1131000519,9.1698999405,6.5356001854,0.2520999908,0.0869000033,9.0,0.2520999908,1289.8845215,1183.7089844,0.306171,1.0,3.1105763912,3.0732700825,8.5
1770.2785,60.138698578,0.2816140056,0.2623719871,2.1289000511,7.9784998894,6.2266001701,0.2222000062,0.1221000031,9.0,0.2222000062,766.82342529,712.25201416,0.2974950075,1.0,2.8845887184,2.8525402546,8.5
1770.4309,62.396499634,0.2907370031,0.2513299882,2.1350998878,6.8066000938,5.9198999405,0.2255000025,0.150000006,9.0,0.2255000025,480.40164185,479.38684082,0.2944889963,1.0,2.6815364361,2.6806275845,8.5
1770.5833,64.269500732,0.3014599979,0.2273489982,2.154599905,5.7245998383,5.6208000183,0.2188999951,0.1968999952,9.0,0.2188999951,1000.8845825,926.49102783,0.2839840055,1.0,3.0003042221,2.9667608738,8.5
1770.7357,63.134799957,0.2907820046,0.2014169991,2.2012999058,5.3481001854,5.3867001534,0.2587000132,0.2060000002,3.0,0.2587000132,720.28137207,665.49310303,0.2606599927,1.0,2.8575191498,2.8231606483,8.5
1770.8881,61.999000549,0.2757920027,0.1860889941,2.2130000591,4.9711999893,5.1528000832,0.3161999881,0.2126999944,3.0,0.3161999881,525.4263916,484.66864014,0.2521579862,1.0,2.720512867,2.6854457855,8.5
1771.0405,60.863300323,0.2605679929,0.1860889941,2.2130000591,4.5946998596,4.918900013,0.3776000142,0.2128999978,3.0,0.3776000142,516.44732666,477.25628662,0.2521579862,1.0,2.7130255699,2.6787512302,8.5
1771.1929,60.340099335,0.2666069865,0.1860889941,2.2130000591,4.334499836,4.7410998344,0.3867000043,0.2159000039,3.0,0.3867000043,520.26904297,480.48995972,0.2521579862,1.0,2.7162268162,2.6816833019,8.5
1771.3453,60.648399353,0.2798900008,0.179952994,2.2242999077,4.2328000069,4.6399002075,0.3553000093,0.2265000045,3.0,0.3553000093,530.13867188,488.72113037,0.2450869977,1.0,2.724366188,2.6890377998,8.5
1771.4977,61.172901154,0.2882379889,0.1860889941,2.2130000591,4.1721000671,4.5583000183,0.3409000039,0.2298000008,3.0,0.3409000039,725.99981689,669.94470215,0.2521579862,1.0,2.8609371185,2.8260395527,8.5
1771.6501,61.696300507,0.2852990031,0.1902810037,2.2088999748,4.1114001274,4.4766998291,0.3569999933,0.2214999944,3.0,0.3569999933,719.39343262,664.59747314,0.2539640069,1.0,2.8569676876,2.8225598335,8.5
1771.8025,61.115200043,0.273378998,0.200729996,2.2058000565,4.1619000435,4.4390001297,0.3937000036,0.1905000061,3.0,0.3937000036,705.74822998,653.40447998,0.2555049956,1.0,2.8486580849,2.815192461,8.5
1771.9549,59.646499634,0.2754369974,0.2248860002,2.177200079,4.3017997742,4.4368000031,0.3844999969,0.1627999991,3.0,0.3844999969,612.29785156,544.80737305,0.2716810107,1.0,2.7869608402,2.7362413406,8.5
1772.1073,57.822299957,0.2781319916,0.200729996,2.2058000565,4.4773001671,4.448800087,0.3731000125,0.1420000046,3.0,0.3731000125,630.75134277,559.47363281,0.2555049956,1.0,2.7998578548,2.7477793694,8.5
1772.2597,56.5,0.2801870108,0.200729996,2.2058000565,4.6319999695,4.4492998123,0.350699991,0.1572999954,3.0,0.350699991,633.81817627,561.25732422,0.2555049956,1.0,2.8020935059,2.7492628098,8.5
1772.4121,56.906200409,0.2681159973,0.200729996,2.1953001022,4.7136998177,4.4105000496,0.3643999994,0.1665000021,3.0,0.3643999994,612.29785156,544.80737305,0.2610679865,1.0,2.7869608402,2.7362413406,8.5
1772.5645,61.953098297,0.2603029907,0.191091001,2.2256999016,4.5996999741,4.2652997971,0.3871999979,0.1831,3.0,0.3871999979,504.80300903,467.94219971,0.2437140048,1.0,2.7029759884,2.6700434685,8.5
1772.7169,67.0,0.2579930127,0.1875389963,2.231400013,4.4857001305,4.1201000214,0.404399991,0.1843000054,3.0,0.404399991,246.21803284,223.74000549,0.2404900044,1.0,2.3913207054,2.3497447968,8.5
1772.8693,72.054702759,0.2530330122,0.1895540059,2.2327001095,4.3716001511,3.9749999046,0.4320000112,0.1744000018,3.0,0.4320000112,242.70829773,219.90962219,0.2396689951,1.0,2.3851065636,2.3422782421,8.5
1773.0217,75.689498901,0.2603029907,0.1844149977,2.246999979,4.1746001244,3.785900116,0.4912999868,0.1633999944,3.0,0.4912999868,158.06123352,100.70582581,0.2313539982,1.0,2.1988451481,2.0030899048,8.5
1773.1741,77.871101379,0.2512469888,0.1615689993,2.2655000687,3.8921000957,3.5520000458,0.4999000132,0.2074999958,3.0,0.4999000132,108.59394073,44.494728088,0.2211930007,1.0,2.0358068943,1.6483111382,8.5
1773.3265,80.023399353,0.2618820071,0.1430950016,2.2811000347,3.6082000732,3.3171000481,0.5151000023,0.2450000048,3.0,0.5151000023,106.21469879,42.633747101,0.2134909928,1.0,2.0262274742,1.6390540599999999,8.5
1773.4789,82.175796509,0.2885279953,0.1548160017,2.2683999538,3.3239998817,3.0820000172,0.4963000119,0.2542000115,3.0,0.4963000119,106.21469879,42.633747101,0.2278520018,1.0,2.0262274742,1.6297969818,8.5
1773.6313,82.955101013,0.2794010043,0.1674479991,2.23939991,3.1022999287,2.9728999138,0.5248000026,0.2425999939,3.0,0.5248000026,70.1709346765,27.947336197,0.2371290028,1.0,1.77968031165,1.3762021660500001,8.5
1773.7837,83.14730072,0.2784720063,0.1654600054,2.242399931,2.9077000618,2.9177000523,0.5705000162,0.243900001,3.0,0.5705000162,33.817298889,13.187720299,0.2355100065,0.0,1.5291374922,1.1201690435,8.5
1773.9361,83.158996582,0.2608140111,0.1312520057,2.2931001186,2.7211999893,2.8787999153,0.5289999843,0.2450000048,3.0,0.5289999843,,,0.2061769962,0.0,,,8.5
1774.0885,82.332000732,0.283197999,0.1120550036,2.3471000195,2.6593999863,2.8612999916,0.5289999843,0.2441000044,3.0,0.5289999843,,,0.1931580007,0.0,,,8.5
1774.2409,79.304702759,0.2789280117,0.1186420023,2.3547000885,2.9237999916,2.8993999958,0.7310000062,0.243900001,3.0,0.7310000062,,,0.1961130053,0.0,,,8.5
1774.3933,73.242202759,0.2784720063,0.1391170025,2.3347001076,3.6396000385,3.0144000053,0.5289999843,0.2441000044,3.0,0.5289999843,,,0.2092069983,0.0,,,8.5
1774.5457,67.179702759,0.2789280117,0.1430370063,2.3241999149,4.3555002213,3.1294000149,0.4519999921,0.2255000025,3.0,0.4519999921,,,0.2077790052,0.0,,,8.5
1774.6981,61.148399353,0.2784410119,0.1548980027,2.3066999912,5.0215001106,3.2262001038,0.3707000017,0.2117999941,3.0,0.3707000017,,,0.2157050073,1.0,,,8.5
1774.8505,55.304698944,0.2701820135,0.166178003,2.2762000561,5.4495000839,3.2351999283,0.4519999921,0.2040999979,3.0,0.4519999921,,,0.2247619927,1.0,,,8.5
1775.0029,49.593799591,0.2533490062,0.2024209946,2.2232999802,5.6943001747,3.1768000126,0.4519999921,0.1528999954,3.0,0.4519999921,,,0.2212039977,1.0,,,8.5
1775.1553,43.890598297,0.2146030068,0.2022850066,2.206799984,5.9391999245,3.1182999611,0.4383000135,0.0566999987,3.0,0.4383000135,,,0.2530660033,1.0,,,8.5
1775.3077,43.890598297,0.1993979961,0.2022850066,2.2128000259,6.1841001511,3.0599000454,0.5016000271,0.0566999987,7.0,0.5016000271,,,0.2470249981,1.0,,,8.5
1775.4601,38.981399536,0.1993979961,0.2022850066,2.2516999245,5.7372999191,3.0413999557,0.5695000291,0.0566999987,7.0,0.5695000291,,,0.2212039977,1.0,,,8.5
1775.6125,41.183601379,0.1993979961,0.2022850066,2.2902998924,5.148900032,3.0320000648,0.6463000178,0.0566999987,7.0,0.6463000178,,,0.2022850066,1.0,,,8.5
1775.7649,43.476600647,0.1993979961,0.180746004,2.3053998947,4.5513000488,3.0232000351,0.6777999997,0.0527999997,7.0,0.6777999997,,,0.1958909929,1.0,,,8.5
1775.9173,47.003898621,0.1993979961,0.1758890003,2.2860999107,4.1592001915,3.0710000992,0.6291999817,0.1119000018,10.0,0.6291999817,,,0.2079900056,1.0,,,8.5
1776.0697,51.613300323,0.2161660045,0.1776639968,2.2723999023,3.945800066,3.1684999466,0.6015999913,0.134800002,7.0,0.6015999913,,,0.2163410038,1.0,,,8.5
1776.2221,56.410198212,0.2235720009,0.1668169945,2.2792999744,3.7660999298,3.2750000954,0.6144000292,0.1597000062,7.0,0.6144000292,,,0.2126310021,1.0,,,8.5
1776.3745,60.1875,0.2321940064,0.1416479945,2.3013000488,3.6698999405,3.367399931,0.6312999725,0.1726000011,7.0,0.6312999725,,,0.2003030032,1.0,,,8.5
1776.5269,61.298000336,0.2552269995,0.1427579969,2.2837998867,3.7909998894,3.4228999615,0.5055999756,0.2373999953,3.0,0.5055999756,,,0.2108650059,1.0,,,8.5
1776.6793,61.40650177,0.2594830096,0.1770000011,2.2425000668,3.9941000938,3.4646999836,0.4523000121,0.2002000064,6.0,0.4523000121,248.05844116,225.47171021,0.234435007,1.0,2.3945536613,2.3530917168,8.5
1776.8317,61.543201447,0.2554799914,0.1940049976,2.2262001038,4.1918997765,3.5055999756,0.4426999986,0.1726000011,3.0,0.4426999986,249.22723389,227.11013794,0.2435009927,1.0,2.3965959549,2.3562371731,8.5
1776.9841,63.103500366,0.2514469922,0.1876370013,2.2362000942,4.1259999275,3.5065999031,0.462500006,0.1747000068,6.0,0.462500006,247.40498352,225.02468872,0.2377389967,1.0,2.3934092522,2.3522312641,8.5
1777.1365,65.675796509,0.2532129884,0.1610849947,2.2648000717,3.8728001118,3.4793000221,0.4943000078,0.2111999989,6.0,0.4943000078,243.9443512,220.80090332,0.2216430008,1.0,2.3873124123,2.3440344334,8.5
1777.2889,68.246101379,0.2504400015,0.1585620046,2.2697000504,3.6198999882,3.4519999027,0.5460000038,0.2104000002,3.0,0.5460000038,247.40498352,225.02468872,0.2188899964,1.0,2.3934092522,2.3522312641,8.5
1777.4413,68.132797241,0.2502360046,0.1618120074,2.266299963,3.4985001087,3.4444000721,0.564800024,0.2060000002,3.0,0.564800024,160.70858765,103.66172028,0.2208890021,1.0,2.2060055733,2.0155456066,8.5
1777.5937,64.082000732,0.2552239895,0.1761569977,2.2467000484,3.5706999302,3.4658000469,0.5256999731,0.1951999962,6.0,0.5256999731,246.6615448,223.9438324,0.232137993,1.0,2.3920333385,2.3500685692,8.5
1777.7461,58.875,0.2634330094,0.184266001,2.2316999435,3.6998000145,3.4958000183,0.4767999947,0.1970999986,6.0,0.4767999947,512.52722168,474.32635498,0.2407760024,1.0,2.7097244263,2.676087141,8.5
1777.8985,55.19039917,0.2535200119,0.2104450017,2.2095000744,3.774600029,3.4951999187,0.4930999875,0.1491000056,9.0,0.4930999875,450.34100342,400.2489624,0.2531810105,1.0,2.6535422802,2.6023309231,8.5
1778.0509,55.921901703,0.2473579943,0.2146490067,2.2093000412,3.6928999424,3.4066998959,0.5182999969,0.1345999986,9.0,0.5182999969,444.68920898,396.21072388,0.2532399893,1.0,2.6480841637,2.5979528427,8.5
1778.2033,60.156200409,0.2341859937,0.2117049992,2.2219998837,3.4867999554,3.2485001087,0.5792000294,0.118900001,9.0,0.5792000294,249.99180603,228.51390076,0.2457789928,1.0,2.3979210854,2.3589062691,8.5
1778.3557,64.480499268,0.2418220043,0.1874909997,2.2437000275,3.2790999413,3.0889000893,0.6061999798,0.1611000001,9.0,0.6061999798,245.75036621,223.37623596,0.233664006,1.0,2.3905160427,2.3490707874,8.5
1778.5081,69.445297241,0.2493000031,0.1689900011,2.2592000961,3.0578999519,2.9184999466,0.6423000097,0.1958000064,9.0,0.6423000097,160.09649658,102.98200226,0.2251210064,1.0,2.204293251,2.0126028061,8.5
1778.6605,75.789100647,0.2663620114,0.1592569947,2.2581999302,2.8083000183,2.7249000072,0.6460999846,0.233799994,3.0,0.6460999846,110.3351059,45.708656311,0.2262759954,1.0,2.0427570343,1.660042882,8.5
1778.8129,82.140602112,0.2643379867,0.1727519929,2.2448000908,2.5585999489,2.5315001011,0.6973000169,0.2140000015,3.0,0.6973000169,34.384788513,13.47219944,0.2340659946,1.0,1.5364003181,1.1294734478,8.5
1778.9653,88.867202759,0.2599920034,0.1701200008,2.2509999275,2.3096001148,2.3405001163,0.7883999944,0.2109999955,3.0,0.7883999944,15.766534805,5.9809288979,0.2305870056,1.0,1.1977825165,0.7768051028,8.5
1779.1177,99.515602112,0.267087996,0.1490170062,2.2695999146,2.0671000481,2.1758999825,0.9045000076,0.2485000044,3.0,0.9045000076,,,0.2202219963,0.0,,,8.5
1779.2701,99.515602112,0.2878560126,0.1088820025,2.2995998859,1.8250000477,2.0141999722,0.8571000099,0.3303000033,4.0,0.8571000099,,,0.2035119981,0.0,,,8.5
1779.4225,99.515602112,0.3145140111,0.0884260014,2.3162000179,1.5828000307,1.8524999619,0.8571000099,0.3874000013,4.0,0.8571000099,,,0.1994159967,0.0,,,8.5
1779.5749,99.515602112,0.3289110065,0.0972990021,2.3236999512,1.641100049,1.8552999496,0.8571000099,0.3768000007,4.0,0.8571000099,,,0.2052489966,0.0,,,8.5
1779.7273,99.515602112,0.3145140111,0.1416199952,2.3132998943,1.894299984,1.9674999714,0.8571000099,0.3109999895,4.0,0.8571000099,0.0099999998,0.0099999998,0.2217530012,0.0,-2.0,-2.0,8.5
1779.8797,95.429702759,0.3145140111,0.1416199952,2.3132998943,2.2109000683,2.0940001011,0.6970000267,0.3109999895,2.0,0.6970000267,,,0.2307139933,0.0,,,8.5
1780.0321,82.156196594,0.3145140111,0.1481859982,2.3217000961,2.8241999149,2.2871000767,0.5784000158,0.274300009,2.0,0.5784000158,,,0.2267369926,0.0,,,8.5
1780.1845,67.984397888,0.3001550138,0.1581880003,2.2834999561,3.6415998936,2.5264000893,0.4535000026,0.2440000027,3.0,0.4535000026,,,0.228075996,1.0,,,8.5
1780.3369,54.281200409,0.2768940032,0.201263994,2.203099966,4.4502000809,2.7720000744,0.3540999889,0.1947000027,3.0,0.3540999889,2118.12805175,1851.92822265,0.2570190132,1.0,3.325873971,3.26754307745,8.5
1780.4893,50.974601746,0.2707970142,0.2645590007,2.1359000206,5.1118001938,3.1528000832,0.3610000014,0.1050999984,7.0,0.3610000014,2447.9655762,2168.310791,0.2946409881,1.0,3.388771534,3.3360846043,8.5
1780.6417,49.804698944,0.2708599865,0.2844569981,2.1059999466,5.7437000275,3.5625,0.349999994,0.0838999972,7.0,0.349999994,2158.779541,1888.300415,0.3113789856,1.0,3.3342063427,3.276068449,8.5
1780.7941,48.774898529,0.2740640044,0.2844569981,2.110699892,6.2216000557,3.9556000233,0.3185000122,0.0838999972,7.0,0.3185000122,2221.8745117,1966.6536865,0.3084920049,1.0,3.3467235565,3.2937326431,8.5
1780.9465,48.407699585,0.2705189884,0.2896899879,2.1075999737,5.9751000404,4.2726998329,0.3402999938,0.0722000003,7.0,0.3402999938,2077.4765625,1815.5560303,0.3103660047,1.0,3.3175415993,3.2590177059,8.5
1781.0989,48.18970108,0.2728660107,0.2972559929,2.0975999832,5.5640001297,4.5729999542,0.358099997,0.0662999973,7.0,0.358099997,1897.7923584,1584.989502,0.3162350059,1.0,3.2782502174,3.2000267506,8.5
1781.2513,48.734401703,0.2680630088,0.3020200133,2.0959000587,5.3972997665,4.8449997902,0.3790000081,0.0533000007,7.0,0.3790000081,,,0.3172709942,1.0,,,8.5
1781.4037,50.857398987,0.2647889853,0.2636350095,2.1410000324,5.7354001999,5.059899807,0.342599988,0.0970000029,7.0,0.342599988,,,0.2914020121,1.0,,,8.5
1781.5561,53.443401337,0.2653859854,0.2282769978,2.179899931,6.2217001915,5.2574000359,0.288500011,0.1425999999,9.0,0.288500011,875.35308838,774.74176025,0.2690860033,1.0,3.2782502174,2.8891642094,8.5
1781.7085,54.884799957,0.2564960122,0.218550995,2.1970000267,6.722700119,5.4373998642,0.2800000012,0.1415999979,9.0,0.2800000012,,,0.259074986,1.0,,,8.5
1781.8609,52.339801788,0.253452003,0.2343290001,2.1812999249,7.2725000381,5.5556998253,0.2815999985,0.1168000028,9.0,0.2815999985,,,0.2677600086,1.0,,,8.5
1782.0133,49.798801422,0.2628709972,0.2514289916,2.1631000042,7.8213000298,5.6739997864,0.2843999863,0.0926999971,9.0,0.2843999863,,,0.277967006,1.0,,,8.5
1782.1657,48.259899139,0.2611930072,0.2660599947,2.1398000717,8.4033002853,5.7362999916,0.2619999945,0.0874999985,9.0,0.2619999945,,,0.2910859883,1.0,,,8.5
1782.3181,48.306999207,0.269739002,0.2852990031,2.1119000912,9.0370998383,5.7101998329,0.2495999932,0.0753000006,7.0,0.2495999932,2079.9526367,1818.4345703,0.3068540096,1.0,3.3180603981,3.2597060204,8.5
1782.4705,48.445098877,0.2628709972,0.305550009,2.0941998959,9.6732997894,5.678899765,0.2761999965,0.0394000001,7.0,0.2761999965,1853.5894775,1578.8811035,0.3168309927,1.0,3.2679853439,3.19830966,8.5
1782.6229,47.743198395,0.2645660043,0.3070420027,2.0912001133,9.910200119,5.5960998535,0.2700999975,0.0399000011,7.0,0.2700999975,1669.5686035,1358.4713135,0.3184700012,1.0,3.2225973606,3.1330401897,8.5
1782.7753,46.255901337,0.266241014,0.2963629961,2.1019001007,9.7732000351,5.4651999474,0.256099999,0.0560000017,7.0,0.256099999,1855.5539551,1580.9146729,0.3123700023,1.0,3.268458128,3.1988894939,8.5
1782.9277,45.009799957,0.2642939985,0.2907780111,2.1096000671,9.5453996658,5.3196001053,0.258100003,0.0603,7.0,0.258100003,2312.46875,2060.2597656,0.3080160022,1.0,3.3640723228,3.313914299,8.5
1783.0801,46.820301056,0.2511259913,0.3078239858,2.1005001068,8.7256002426,5.0661997795,0.3226999938,0.0197000001,7.0,0.3226999938,2443.4523926,2307.71875,0.3134459853,1.0,3.3880178928,3.3631966114,8.5
1783.2325,51.640598297,0.250221014,0.3243589997,2.0822000504,7.3213000298,4.7062997818,0.3691000044,0.0,7.0,0.3691000044,1901.5522461,1798.1784668,0.3243589997,1.0,3.2791080475,3.2548325062,8.5
1783.3849,56.8125,0.2445960045,0.3279649913,2.0776000023,5.939499855,4.355700016,0.4061999917,0.0,7.0,0.4061999917,1905.4873047,1803.2042236,0.3108089864,1.0,3.2800433636,3.2560827732,8.5
1783.5373,66.859397888,0.2776539922,0.2854039967,2.1078000069,4.8779001236,4.1314997673,0.3720000088,0.0887999982,7.0,0.3720000088,777.43615723,719.10675049,0.3108089864,1.0,2.8905878067,3.2560827732,8.5
1783.6897,66.859397888,0.3280969858,0.21514,2.1712999344,4.0009999275,3.980700016,0.2948000133,0.2340999991,7.0,0.2948000133,,,0.2820659876,1.0,,,8.5
1783.8421,66.859397888,0.3519960046,0.1858990043,2.2393000126,3.125,3.8296999931,0.4156000018,0.261500001,3.0,0.4156000018,,,0.2606709898,1.0,,,8.5
1783.9945,66.859397888,0.3260639906,0.1555570066,2.3078999519,3.3959999084,3.9184999466,0.4844000041,0.2518000007,3.0,0.4844000041,,,0.2606709898,1.0,,,8.5
1784.1469,66.859397888,0.2840949893,0.1991319954,2.2049999237,3.9282000065,4.0633997917,0.4968999922,0.2228000015,3.0,0.4968999922,,,0.2606709898,1.0,,,8.5
1784.2993,65.195297241,0.2800000012,0.1991319954,2.2049999237,4.4731001854,4.2108998299,0.3882000148,0.2228000015,3.0,0.3882000148,,,0.2606709898,1.0,,,8.5
1784.4517,57.0625,0.2880550027,0.1991319954,2.2049999237,5.3262000084,4.3959999084,0.2612999976,0.2063000053,3.0,0.2612999976,1321.5762939,1084.2105713,0.2581120133,1.0,3.121573925,3.0356559753,8.5
1784.6041,51.531200409,0.280321002,0.2631419897,2.1298999786,6.4862999916,4.6188998222,0.2736999989,0.120099999,3.0,0.2736999989,1352.0773926000002,1117.6411742999999,0.2974709868,1.0,3.1310015917,3.048302412,8.5
1784.7565,46.335899353,0.2757230103,0.3089410067,2.0815999508,7.6884999275,4.8461999893,0.2931999862,0.0546000004,7.0,0.2931999862,1352.1102295,1117.5858154,0.3245539963,1.0,3.1310122013,3.0482809544,8.5
1784.9089,42.386699677,0.2714430094,0.3245719969,2.0671000481,8.9307003021,5.1350002289,0.2919999957,0.0408999994,7.0,0.2919999957,1352.0445557,1117.5845947,0.3326649964,1.0,3.1309909821,3.0482804775,8.5
1785.0613,42.433601379,0.2710080147,0.3245170116,2.071199894,10.316399574,5.6206002235,0.2698999941,0.0271000005,7.0,0.2698999941,1352.0314941,1117.6977539,0.3322620094,1.0,3.1309866905,3.0483243465,8.5
1785.2137,43.480499268,0.2746149898,0.3179509938,2.071199894,11.734399796,6.1553001404,0.2345000058,0.0403000005,7.0,0.2345000058,1352.1102295,1117.5170898,0.3294579983,1.0,3.1310122013,3.0482542515,8.5
1785.3661,44.527301788,0.2780840099,0.3235040009,2.0620999336,13.154299736,6.6904001236,0.2178999931,0.0379000008,7.0,0.2178999931,1352.1466064,1117.5858154,0.3343400061,1.0,3.1310238838,3.0482809544,8.5
1785.5185,44.167999268,0.2766749859,0.3194409907,2.0676000118,13.636199951,7.1112999916,0.2106000036,0.0408999994,7.0,0.2106000036,1352.7287598,1118.1903076,0.3311290145,1.0,3.1311738491,3.0484688282,8.5
1785.6709,43.176799774,0.2635189891,0.3208799958,2.075799942,13.698300362,7.4809999466,0.240899995,0.0199999996,7.0,0.240899995,2142.0251465,1950.4874268,0.3265950084,1.0,3.3308053017,3.2901184559,8.5
1785.8233,42.16109848,0.2567450106,0.2994660139,2.1045999527,13.744000435,7.8491001129,0.2269999981,0.0372000001,7.0,0.2269999981,2796.1965332,2715.6672363,0.3100950122,1.0,3.4465432167,3.4338512421,8.5
1785.9757,41.305698395,0.2480310053,0.2895979881,2.1219000816,14.45510006,8.1640996933,0.2264000028,0.0368999988,7.0,0.2264000028,2554.9899902,2475.4223633,0.3114629984,1.0,3.4073863029,3.3936457634,8.5
1786.1281,40.616199493,0.2499890029,0.3075389862,2.1013000011,15.859399796,8.4245996475,0.1930000037,0.0529999994,7.0,0.1930000037,2669.1086426,2618.7990723,0.3114629984,1.0,3.4264144897,3.418150425,8.5
1786.2805,39.974098206,0.2481970042,0.295329988,2.1150000095,17.464799881,8.6691999435,0.2084999979,0.0294000003,7.0,0.2084999979,3120.0358887,3061.890625,0.3037180007,1.0,3.4941766262,3.4860084057,8.5
1786.4329,39.533000946,0.248157993,0.3075389862,2.1013000011,18.737300873,8.8978996277,0.2178999931,0.0137,7.0,0.2178999931,2271.1391602,2151.9692383,0.3114629984,1.0,3.3562438488,3.3328361511,8.5
1786.5853,39.546100616,0.2469969988,0.3174850047,2.0905001163,19.255300522,9.0913000107,0.2313999981,0.0,7.0,0.2313999981,2270.6796875,2151.503418,0.3174850047,1.0,3.3561553955,3.3327412605,8.5
1786.7377,39.825698853,0.2484170049,0.3222950101,2.0799999237,19.330999374,9.2638998032,0.2282000035,0.0,7.0,0.2282000035,2285.4626465,2180.34375,0.3222950101,1.0,3.3589692116,3.3385195732,8.5
1786.8901,40.295898438,0.2616370022,0.3349719942,2.0592999458,19.365800858,9.4277000427,0.2210000008,0.0,7.0,0.2210000008,2466.0407715,2370.7177734,0.3349719942,1.0,3.392023325,3.3749029636,8.5
1787.0425,42.273399353,0.2781539857,0.3460260034,2.0364000797,19.074699402,9.5243997574,0.2032999992,0.0088999998,7.0,0.2032999992,1561.3116455,1501.694458,0.3485679924,1.0,3.1934967041,3.1765918732,8.5
1787.1949,45.933601379,0.287586987,0.3547179997,2.0204999447,18.419900894,9.5466995239,0.1976999938,0.0125000002,7.0,0.1976999938,1385.6435547,1258.2731934,0.3582819998,1.0,3.1416451931,3.0997679234,8.5
1787.3473,49.593799591,0.2920239866,0.3349330127,2.0381000042,17.765600204,9.5689001083,0.1662999988,0.0425999984,7.0,0.1662999988,1525.0412598,1396.5270996,0.3471019864,1.0,3.1832830906,3.1450564861,8.5
1787.4997,45.933601379,0.2821519971,0.3141939938,2.0685999393,17.341400146,9.6000995636,0.1601999998,0.0546999983,7.0,0.1601999998,1487.8950195,1240.2653809,0.3297959864,1.0,3.1725647449,3.0935087204,8.5
1787.6521,49.671901703,0.2694579959,0.2876850069,2.1075999737,17.381500244,9.6490001678,0.1483999938,0.0450999998,7.0,0.1483999938,1668.4456787,1357.0380859,0.3076040149,1.0,3.2222878933,3.1325595379,8.5
1787.8045,47.240200043,0.2561779916,0.2833499908,2.1224000454,17.505500793,9.7012996674,0.171299994,0.0560999997,7.0,0.171299994,2312.5598145,2060.5532227,0.29934901,1.0,3.3641343117,3.3140535355,8.5
1787.9569,45.15719986,0.2508600056,0.2859430015,2.1233999729,17.599500656,9.7468004227,0.1870999932,0.0450999998,7.0,0.1870999932,2647.2229004,2564.581543,0.2988039851,1.0,3.4227869511,3.4090127945,8.5
1788.1093,44.259601593,0.25721699,0.2913950086,2.1126000881,17.59180069,9.7694997787,0.180399999,0.0474000014,7.0,0.180399999,2796.887207,2716.3366699,0.3049210012,1.0,3.446649313,3.4339511395,8.5
1788.2617,44.129798889,0.2618469894,0.3017309904,2.097700119,17.518199921,9.7776002884,0.1855999976,0.0410999991,7.0,0.1855999976,2543.7407227,2405.1779785,0.3134500086,1.0,3.4054899216,3.3811688423,8.5
1788.4141,43.962898254,0.2661989927,0.3159779906,2.0785999298,17.400100708,9.7803001404,0.1974000037,0.0294000003,7.0,0.1974000037,1853.7625732,1579.1912842,0.3243699968,1.0,3.2680552006,3.1984326839,8.5
1788.5665,43.556598663,0.2654820085,0.3203589916,2.0743999481,16.993200302,9.7483997345,0.208100006,0.0229000002,7.0,0.208100006,1819.7473145,1633.0531006,0.3268969953,1.0,3.2599895,3.2129740715,8.5
1788.7189,42.729499817,0.2557800114,0.3144010007,2.0882999897,16.078100204,9.6554002762,0.2285999954,0.0164999999,7.0,0.2285999954,2445.4226074,2310.1223145,0.3191150129,1.0,3.388351202,3.3636305332,8.5
1788.8713,41.90140152,0.2461359948,0.2940540016,2.1182000637,15.163100243,9.5626001358,0.2301999927,0.0284000002,7.0,0.2301999927,2555.4650879,2475.7375488,0.3021410108,1.0,3.4074544907,3.3936879635,8.5
1789.0237,41.005901337,0.2484859973,0.2758319974,2.1368999481,14.334500313,9.4799003601,0.2070000023,0.0549999997,7.0,0.2070000023,2555.4650879,3130.4321289,0.2915099859,1.0,3.5022993088,3.4956088066,8.5
1789.1761,39.349601746,0.2577160001,0.2726280093,2.1459999084,14.515099525,9.5165996552,0.197300002,0.0610000007,7.0,0.197300002,2922.3708496,2904.1938477,0.290012002,1.0,3.4657502174,3.4630508423,8.5
1789.3285,37.6875,0.2573780119,0.2802540064,2.1426000595,14.696499825,9.5535001755,0.2148000002,0.0461000018,7.0,0.2148000002,3159.9936523,2904.1938477,0.2934010029,1.0,3.4996829033,3.4630508423,8.5
1789.4809,36.025398254,0.247589007,0.2821449935,2.1458001137,14.877900124,9.5902996063,0.2362000048,0.0311999992,7.0,0.2362000048,3159.9936523,2879.026123,0.2910549939,1.0,3.4996829033,3.4592387676,8.5
1789.6333,36.693401337,0.2413409948,0.2732689977,2.1561000347,15.623000145,9.6835002899,0.2250999957,0.0372000001,7.0,0.2250999957,3326.9118652,3187.9482422,0.2838810086,1.0,3.5220413208,3.5035111904,8.5
1789.7857,38.261699677,0.2435559928,0.2694250047,2.1519999504,16.583999634,9.7987003326,0.1949999928,0.0511999987,7.0,0.1949999928,3326.4248047,3187.5168457,0.2840310037,1.0,3.5220015049,3.5034763813,8.5
1789.9381,39.853500366,0.2414160073,0.2805170119,2.1364998817,17.549800873,9.9144001007,0.2018000036,0.0381999984,7.0,0.2018000036,3605.4460449,3454.1203613,0.2914130092,1.0,3.5569558144,3.5383327007,8.5
1790.0905,40.204101563,0.2330850065,0.2760969996,2.1249001026,17.734500885,9.9411001205,0.2444999963,0.0060000001,7.0,0.2444999963,3783.045166,3714.1538086,0.2981050014,1.0,3.5778281689,3.5698399544,8.5
1790.2429,38.882801056,0.2364470065,0.2759549916,2.1322999001,16.863300323,9.8482999802,0.2299000025,0.0220999997,7.0,0.2299000025,3607.6120605,3456.1103516,0.2939470112,1.0,3.5572082996,3.5385758877,8.5
1790.3953,37.365200043,0.2414759994,0.2749379873,2.1454999447,15.872099876,9.7412996292,0.2114000022,0.0432000011,7.0,0.2114000022,4267.418457,4100.5195313,0.2849040031,1.0,3.6301791668,3.6128528118,8.5
1790.5477,35.987300873,0.2438109964,0.2760969996,2.1580998898,15.074199677,9.6543998718,0.2390999943,0.0308999997,7.0,0.2390999943,3327.4523926,3188.5349121,0.2849040031,1.0,3.5221083164,3.5035860538,8.5
1790.7001,35.366699219,0.2385990024,0.2759549916,2.1600000858,15.338399887,9.6772003174,0.2460000068,0.0253999997,7.0,0.2460000068,3518.2028809,3442.2565918,0.2831810117,1.0,3.5463376045,3.5368607044,8.5
1790.8525,34.920898438,0.2312420011,0.2744190097,2.1617999077,15.845700264,9.7250003815,0.2492000014,0.0214000009,7.0,0.2492000014,2587.4147949,2489.1577148,0.2805100083,1.0,3.4128661156,3.3960523605,8.5
1791.0049,34.474098206,0.2292660028,0.2753109932,2.1621000767,16.353500366,9.7728004456,0.2509000003,0.0174000002,7.0,0.2509000003,2585.0556641,2486.7580566,0.2802639902,1.0,3.4124848843,3.3956484795,8.5
1791.1573,34.003898621,0.2161860019,0.2759549916,2.1607999802,16.569599152,9.8522996902,0.2603000104,0.0131999999,7.0,0.2603000104,1972.5784912,1894.7390137,0.2805100083,1.0,3.2950344086,3.2775495052,8.5
1791.3097,33.520500183,0.2092480063,0.2759549916,2.1607999802,16.635700226,9.9483995438,0.2804999948,0.0,7.0,0.2804999948,1972.5698242,1894.6781006,0.2805100083,1.0,3.2950322628,3.2775354385,8.5
1791.4621,33.034198761,0.2176059932,0.2766120136,2.1607999802,16.684400558,10.046299934,0.277700007,0.0,7.0,0.277700007,1973.2346191,1895.279541,0.2805100083,1.0,3.2951586246,3.2776529789,8.5
1791.6145,33.448200226,0.2143599987,0.2820720077,2.1512000561,17.356399536,10.136599541,0.2680000067,0.0,7.0,0.2680000067,2599.4768066,2501.5275879,0.2820720077,1.0,3.4148857594,3.3982052803,8.5
1791.7669,34.949199677,0.2176059932,0.2839489877,2.1489999294,18.78319931,10.21780014,0.2561999857,0.0,7.0,0.2561999857,2602.8041992,2504.923584,0.2839489877,1.0,3.4156196117,3.3989453316,8.5
1791.9193,36.820301056,0.2379229963,0.2889040112,2.1294000149,20.46680069,10.295800209,0.2036000043,0.0221999995,7.0,0.2036000043,2368.7751465,3831.0002441,0.2952220142,1.0,3.6262795925,3.583329916,8.5
1792.0717,38.689498901,0.2606030107,0.3056119978,2.0938000679,21.789100647,10.38599968,0.1684000045,0.0337999985,7.0,0.1684000045,2814.3149414,2752.1723633,0.3152329922,1.0,3.4493277073,3.4396207333,8.5
1792.2241,40.576198578,0.2772029936,0.3333899975,2.0490000248,22.087400436,10.51099968,0.167899996,0.0253999997,7.0,0.167899996,2368.7751465,2222.5820313,0.3406159878,1.0,3.3745453358,3.3468782902,8.5
1792.3765,42.46680069,0.2790960073,0.3353329897,2.0278999805,21.739299774,10.6583004,0.1984000057,0.0,7.0,0.1984000057,1561.8330078,1502.2786865,0.3523379862,1.0,3.1936426163,3.1767594814,8.5
1792.5289,44.367198944,0.2885940075,0.3483839929,2.0257000923,21.40430069,10.801400185,0.1720999926,0.0207000002,7.0,0.1720999926,1364.7095947,1288.7861328,0.3525100052,1.0,3.1350278854,3.110172987,8.5
1792.6813,46.468799591,0.2964160144,0.3406290114,2.0278999805,21.475599289,10.82349968,0.1448999941,0.0410999991,9.0,0.1448999941,1630.5300293,1451.2225342,0.3523379862,1.0,3.2123286724,3.1617338657,8.5
1792.8337,48.802700043,0.3053309917,0.3353329897,2.0267999172,22.016599655,10.704999924,0.1167000011,0.0603,9.0,0.1167000011,1632.9053955,1453.2072754,0.3525100052,1.0,3.2129588127,3.1623225212,8.5
1792.9861,51.136699677,0.2996299863,0.3523179889,2.0130999088,22.558099747,10.586500168,0.1492999941,0.0317000002,9.0,0.1492999941,1693.6856689,1569.0247803,0.3613409996,1.0,3.2288198471,3.1956174374,8.5
1793.1385,52.306598663,0.3058240116,0.3633469939,1.9968999624,23.128400803,10.500900269,0.1491000056,0.0274999999,9.0,0.1491000056,,,0.3711749911,1.0,,,8.5
1793.2909,51.15819931,0.3033980131,0.3834440112,1.9778000116,23.757799149,10.48029995,0.1782000065,0.0003,9.0,0.1782000065,,,0.3835250139,1.0,,,8.5
1793.4433,49.330101013,0.3015080094,0.388549,1.9854999781,24.40430069,10.478899956,0.1743000001,0.0,9.0,0.1743000001,,,0.388549,1.0,,,8.5
1793.5957,47.775398254,0.2961379886,0.3860870004,1.9854999781,25.099599838,10.509599686,0.1728000045,0.0,9.0,0.1728000045,,,0.3784160018,1.0,,,8.5
1793.7481,47.164199829,0.2941049933,0.3803609908,1.9824999571,25.959999084,10.652299881,0.1719000041,0.0,9.0,0.1719000041,,,0.3803609908,1.0,,,8.5
1793.9005,47.331798553,0.2884649932,0.3784160018,1.9854999781,26.958999634,10.887499809,0.1694000065,0.0,9.0,0.1694000065,,,0.3784160018,1.0,,,8.5
1794.0529,47.503398895,0.2858169973,0.3755620122,1.9900000095,27.898399353,11.109900475,0.1676000059,0.0,9.0,0.1676000059,,,0.3755620122,1.0,,,8.5
1794.2053,47.705299377,0.2872869968,0.3746980131,1.9912999868,28.389200211,11.237799644,0.1664000005,0.0,9.0,0.1664000005,,,0.3746980131,1.0,,,8.5
1794.3577,47.975601196,0.2952750027,0.372830987,1.9940999746,27.875,11.154700279,0.1638000011,0.0,9.0,0.1638000011,,,0.3729769886,1.0,,,8.5
1794.5101,48.245399475,0.2913430035,0.372830987,1.9946000576,27.360799789,11.07159996,0.1702000052,0.0,9.0,0.1702000052,,,0.372830987,1.0,,,8.5
1794.6625,48.433601379,0.2973729968,0.3715550005,1.9940999746,27.009799957,11.003800392,0.1643999964,0.0049999999,9.0,0.1643999964,,,0.3729769886,1.0,,,8.5
1794.8149,47.883800507,0.2939299941,0.3724809885,1.9950000048,28.124000549,11.074700356,0.1679999977,0.0,9.0,0.1679999977,,,0.3724809885,1.0,,,8.5
1794.9673,47.257301331,0.3027209938,0.3654110134,1.9960000515,29.392599106,11.159700394,0.1383000016,0.0194000006,9.0,0.1383000016,,,0.3709369898,1.0,,,8.5
1795.1197,46.637199402,0.300808996,0.3630680144,1.9996999502,30.656200409,11.24600029,0.1357000023,0.0192000009,9.0,0.1357000023,2158.9570313,2007.6854248,0.3724809885,1.0,3.3342254162,3.3026745319,8.5
1795.2721,46.316200256,0.3079139888,0.3648439944,1.9923000336,31.855499268,11.393300056,0.1208999977,0.0270000007,9.0,0.1208999977,2022.2911377,1922.1691283999999,0.3725349903,1.0,3.3058344125500003,3.2837830782,8.5
1795.4245,46.174999237,0.300673008,0.3674849868,1.9950000048,33.015598297,11.577400208,0.1366000026,0.0135000004,9.0,0.1366000026,2022.2752686,1922.168457,0.3713360131,1.0,3.3058402538,3.2837915421,8.5
1795.5769,46.035400391,0.2975580096,0.3678539991,1.9968999624,34.174800873,11.761699677,0.141200006,0.0085000005,9.0,0.141200006,2020.7960205,1920.7652588,0.3702790141,1.0,3.3055224419,3.2834742069,8.5
1795.7293,45.737300873,0.2926810086,0.3730669916,1.9926999807,34.909198761,11.871600151,0.1506000012,0.0,9.0,0.1506000012,2020.22229,1920.230957,0.3730669916,1.0,3.3053994179,3.2833538055,8.5
1795.8817,45.138698578,0.2980670035,0.3649219871,1.9994000196,34.838600159,11.84070015,0.1345999986,0.0126,9.0,0.1345999986,2022.3070068,1922.1697998,0.368497014,1.0,3.3058285713,3.2837746143,8.5
1796.0341,44.511199951,0.3051570058,0.3507060111,2.0085999966,34.69039917,11.796099663,0.1002999991,0.0392000005,9.0,0.1002999991,2020.7960205,1920.7652588,0.361856997,1.0,3.3055224419,3.2834742069,8.5
1796.1865,43.958999634,0.3011189997,0.341309011,2.0220999718,34.456501007,11.742400169,0.0944000036,0.0452999994,9.0,0.0944000036,2297.7893066,2129.8208008,0.3541780114,1.0,3.361317873,3.3283493519,8.5
1796.3389,44.460899353,0.2950929999,0.3511829972,2.0160999298,33.017601013,11.559300423,0.1251000017,0.0245999992,9.0,0.1251000017,2018.925415,1918.9395752,0.3581880033,1.0,3.3051407337,3.2830820084,8.5
1796.4913,45.179698944,0.2859430015,0.360619992,2.0134999752,31.332000732,11.349399567,0.1621000022,0.0008,9.0,0.1621000022,1364.9678955,1289.1210938,0.360841006,1.0,3.1351225376,3.1102936268,8.5
1796.6437,45.896499634,0.2884109914,0.366317004,2.0048000813,29.644500732,11.1395998,0.1658000052,0.0,9.0,0.1658000052,1365.0316162,1289.1849365,0.366317004,1.0,3.1351428032,3.1103153229,8.5
1796.7961,45.472698212,0.291215986,0.3575940132,2.0220999718,28.413099289,11.074700356,0.1541000009,0.0122999996,9.0,0.1541000009,1365.0321045,1289.1741943,0.3541780114,1.0,3.1351332664,3.1103012562,8.5
1796.9485,44.357398987,0.2895210087,0.347597003,2.0248000622,27.455099106,11.097499847,0.1464000046,0.0218000002,9.0,0.1464000046,1574.6812744,1500.2685547,0.3537890017,1.0,3.1971886158,3.1761651039,8.5
1797.1009,43.125,0.2875689864,0.3395510018,2.0353000164,26.544900894,11.135199547,0.1412999928,0.0292000007,9.0,0.1412999928,1677.2484131,1592.90979,0.3478479981,1.0,3.2246017456,3.2021992207,8.5
1797.2533,42.28609848,0.2798460126,0.3332589865,2.048199892,25.802200317,11.157999992,0.1508000046,0.0262000002,9.0,0.1508000046,1560.7154541,1392.5292969,0.340692997,1.0,3.1933186054,3.1438097954,8.5
1797.4057,42.015098572,0.2779909968,0.3149839938,2.0699000359,25.300300598,11.159500122,0.1282999963,0.0465000011,7.0,0.1282999963,1686.1650391,1270.4080811,0.3281970024,1.0,3.2270495892,3.1042060852,8.5
1797.5581,41.955501556,0.2701610029,0.2978200018,2.0948998928,24.888700485,11.152899742,0.1199000031,0.0292000007,7.0,0.1199000031,2571.6618652,2442.6645508,0.3139869869,1.0,3.4102039337,3.387850523,8.5
1797.7105,41.433601379,0.2643109858,0.2954069972,2.1201999187,24.600599289,11.147500038,0.1033999994,0.0292000007,7.0,0.1033999994,2980.1015625,2961.1564941,0.299488008,1.0,3.4742794037,3.4714913368,8.5
1797.8629,39.042999268,0.2443470061,0.2954069972,2.1201999187,24.812999725,11.14659977,0.1368999928,0.0262000002,7.0,0.1368999928,3486.2670898,3273.0373535,0.299488008,1.0,3.5423622131,3.5149521828,8.5
1798.0153,35.417999268,0.2313729972,0.2788490057,2.1449999809,25.354499817,11.14869976,0.1787,0.0249000005,7.0,0.1787,3399.4165039,3214.1931152,0.2859129906,1.0,3.5313792229,3.5070338249,8.5
1798.1677,31.796899796,0.2147549987,0.2864759862,2.1391000748,25.896499634,11.150799751,0.2163999975,0.0,7.0,0.2163999975,3098.222168,2782.6315918,0.2864759862,1.0,3.4911160469,3.4444646835,8.5
1798.3201,30.072799683,0.2264650017,0.2954069972,2.1266999245,26.516599655,11.158599854,0.2085999995,0.0,7.0,0.2085999995,2929.6721191,2392.175293,0.2954069972,1.0,3.4667983055,3.378772974,8.5
1798.4725,30.557600021,0.2322030067,0.299977988,2.1201000214,27.229499817,11.173000336,0.2032999992,0.0,7.0,0.2032999992,3891.0146484,3156.0922852,0.299977988,1.0,3.5900924206,3.4991877079,8.5
1798.6249,31.177700043,0.2604669929,0.3124980032,2.1112999916,27.949199677,11.187800407,0.1941000074,0.0,7.0,0.1941000074,2070.0234375,1259.8353271,0.3124980032,1.0,3.3159751892,3.1003136635,8.5
1798.7773,31.679000854,0.2590160072,0.3154979944,2.1027998924,26.516599655,11.219900131,0.1921000034,0.0,7.0,0.1921000034,3083.9711914,1260.9024658,0.3154979944,1.0,3.4890871048,3.1006360054,8.5
1798.9297,31.937099457,0.2514649928,0.3116680086,2.1066000462,27.078100204,11.286899567,0.1976000071,0.0,7.0,0.1976000071,3083.9711914,2173.4616699,0.3116680086,1.0,3.4890871048,3.3371064663,8.5
1799.0821,32.096199036,0.2359800041,0.3004310131,2.1222000122,25.585899353,11.368200302,0.2093999982,0.0,7.0,0.2093999982,4228.8046875,3746.7485352,0.3004310131,1.0,3.6262345314,3.5736708641,8.5
1799.2345,32.395500183,0.2282620072,0.2910529971,2.139300108,24.180700302,11.455200195,0.2210000008,0.0,7.0,0.2210000008,3098.2734375,2782.4814453,0.2910529971,1.0,3.4911210537,3.4444327354,8.5
1799.3869,33.215801239,0.232773006,0.2860220075,2.1491000652,23.09569931,11.563099861,0.2184000015,0.0060999999,7.0,0.2184000015,3030.784668,2758.0773926,0.2877629995,1.0,3.4815690517,3.4406208992,8.5
1799.5393,34.564498901,0.2429179996,0.2882600129,2.138999939,22.333999634,11.692099571,0.1999000013,0.0182000007,7.0,0.1999000013,3179.8737793,2897.185791,0.2934139967,1.0,3.5024223328,3.4620049,8.5
1799.6917,35.893600464,0.254817009,0.2914609909,2.1280999184,21.606899261,11.814900398,0.1819999963,0.0299999993,7.0,0.1819999963,2549.8984375,1583.3765869,0.2999800146,1.0,3.406542778,3.1996252537,8.5
1799.8441,36.985401154,0.2605400085,0.2928070128,2.118999958,21.261699677,11.866700172,0.1673000008,0.0397000015,7.0,0.1673000008,2727.90625,1810.7255859,0.304087013,1.0,3.4358301163,3.2578544617,8.5
1799.9965,37.420898438,0.2529889941,0.2873249948,2.1222000122,21.979499817,11.720700264,0.1595000029,0.0436000004,7.0,0.1595000029,2701.1086426,1760.8134766,0.2997069955,1.0,3.4315469265,3.245796442,8.5
1800.1489,37.856899261,0.2592459917,0.2882130146,2.1205999851,22.697299957,11.574700356,0.1489000022,0.0474999994,7.0,0.1489000022,2748.4758301,2275.1477051,0.3016979992,1.0,3.4390866756,3.356991291,8.5
1800.3013,38.291500092,0.2661319971,0.2880060077,2.1222000122,23.443399429,11.454500198,0.1388999969,0.0513999984,7.0,0.1388999969,2975.4414063,2938.5690918,0.3025889993,1.0,3.4735555649,3.4681403637,8.5
1800.4537,38.727500916,0.2643919885,0.2895950079,2.1124999523,24.413099289,11.528400421,0.1273999959,0.0553000011,7.0,0.1273999959,2778.2277832,2728.3361816,0.30528,1.0,3.4437601566,3.4358901978,8.5
1800.6061,39.163600922,0.2479970008,0.2958729863,2.113699913,25.430700302,11.645600319,0.1653999984,0.0274999999,7.0,0.1653999984,3120.765625,3062.6235352,0.3036659956,1.0,3.4942786694,3.4861121178,8.5
1800.7585,39.599098206,0.2394350022,0.3031120002,2.1119999886,26.4185009,11.759200096,0.1942999959,0.0059000002,7.0,0.1942999959,2255.3308105,2160.6054688,0.3047850132,1.0,3.3531930447,3.3345565796,8.5
1800.9109,40.034198761,0.2506569922,0.3027530015,2.1040000916,26.64109993,11.780599594,0.1655000001,0.0225000009,7.0,0.1655000001,2867.6652832,2811.2019043,0.3091439903,1.0,3.4575185776,3.4488813877,8.5
1801.0633,40.46969986,0.2757000029,0.3031120002,2.0910000801,26.193799973,11.721199989,0.1017000005,0.065200001,7.0,0.1017000005,2400.4777832,3290.6674805,0.3158769906,1.0,3.3802995682,3.517321825,8.5
1801.2157,40.90530014,0.2875390053,0.3050720096,2.0910000801,25.74710083,11.661899567,0.0905999988,0.0724000037,7.0,0.0905999988,1836.4588623,1319.0324707,0.3158769906,1.0,3.2639684677,3.120228529,8.5
1801.3681,41.340801239,0.2811860144,0.3046750128,2.0789000988,25.399900436,11.597900391,0.1046999991,0.064000003,7.0,0.1046999991,2208.0393066,1883.3840332,0.322815001,1.0,3.3440315723,3.2749962807,8.5
1801.5205,41.776901245,0.2562560141,0.3118749857,2.089799881,25.338199615,11.520600319,0.1720000058,0.0192000009,7.0,0.1720000058,2400.4777832,2262.2800293,0.3173330128,1.0,3.3802995682,3.3545489311,8.5
1801.6729,42.212898254,0.2476090044,0.3141820133,2.0936999321,25.298099518,11.442199707,0.1965000033,0.0038999999,7.0,0.1965000033,2329.2753906,2167.7570801,0.3152810037,1.0,3.3672208786,3.3360106945,8.5
1801.8253,42.648899078,0.2365989983,0.3203600049,2.0815000534,25.25810051,11.363800049,0.200000003,0.0,7.0,0.200000003,2329.8457031,2168.2998047,0.3203600049,1.0,3.3673272133,3.3361194134,8.5
1801.9777,42.742099762,0.2407699972,0.3241400123,2.0754001141,24.877000809,11.439900398,0.1995999962,0.0,7.0,0.1995999962,2329.5195313,2167.9150391,0.3241400123,1.0,3.3672664165,3.3360421658,8.5
1802.1301,42.765499115,0.2345589995,0.3207199872,2.081099987,24.426300049,11.547400475,0.2031999975,0.0,7.0,0.2031999975,2330.2687988,2168.7568359,0.3207199872,1.0,3.3674061298,3.3362107277,8.5
1802.2825,42.787200928,0.2411690056,0.3074930012,2.1059999466,23.973600388,11.655900002,0.2069000006,0.0031000001,7.0,0.2069000006,2330.9306641,2169.6728516,0.3083719909,1.0,3.3675103188,3.3363697529,8.5
1802.4349,42.327098846,0.2667540014,0.2732459903,2.125,22.496099472,11.24849987,0.1995999962,0.0832000002,7.0,0.1995999962,3034.8129883,2752.7385254,0.2968409956,1.0,3.4821269512,3.4397652149,8.5
1802.5873,41.515598297,0.2885519862,0.2820659876,2.1245000362,20.277299881,10.463899612,0.1133999974,0.0800999999,7.0,0.1133999974,2814.8139648,2752.7385254,0.3047730029,1.0,3.5146205425,3.4397652149,8.5
1802.7397,40.632801056,0.2973510027,0.2950310111,2.1082999706,17.902299881,9.6024999619,0.136800006,0.0722000003,7.0,0.136800006,2938.0576172,2906.5334473,0.3155060112,1.0,3.4680521488,3.4633669853,8.5
1802.8921,39.749000549,0.2740769982,0.2990039885,2.092099905,15.527299881,8.7421998978,0.1691000015,0.0626000017,7.0,0.1691000015,3321.5698242,3291.9213867,0.3167540133,1.0,3.5213530064,3.5174598694,8.5
1803.0445,38.866199493,0.2563759983,0.3064549863,2.0973000526,13.154299736,7.8798999786,0.2424000055,0.0280000009,7.0,0.2424000055,2814.8139648,2752.7385254,0.3143860102,1.0,3.449450016,3.4397652149,8.5
1803.1969,37.984401703,0.257427007,0.3024829924,2.1013998985,13.154299736,7.8428001404,0.2653000057,0.0351000018,7.0,0.2653000057,2802.1298828,2742.1254883,0.3124299943,1.0,3.4474899769,3.4380905628,8.5
1803.3493,37.120098114,0.2652760148,0.3027260005,2.1019999981,13.154299736,7.8428001404,0.2915999889,0.0408999994,7.0,0.2915999889,2724.1467285,2603.9768066,0.3143219948,1.0,3.4352304935,3.4156370163,8.5
1803.5017,36.38130188,0.2690579891,0.3097980022,2.0940001011,9.529299736,7.8428001404,0.2816999853,0.0342999995,7.0,0.2816999853,2723.324707,2602.4638672,0.3195270002,1.0,3.435095787,3.4153940678,8.5
1803.6541,35.726100922,0.2605350018,0.3027260005,2.0989000797,12.0625,7.1308999062,0.2542999983,0.0285,7.0,0.2542999983,2876.7595215,2212.0629883,0.3151159883,1.0,3.4589262009,3.3447630405,8.5
1803.8065,35.070800781,0.2523179948,0.3024829924,2.1027998924,14.593799591,7.8428001404,0.2369000018,0.0351000018,7.0,0.2369000018,3105.1367188,1945.3553467,0.3113650084,1.0,3.4920623302,3.2889671326,8.5
1803.9589,36.156200409,0.2458589971,0.2983259857,2.1136000156,16.368200302,8.6620998383,0.2257999927,0.0408999994,7.0,0.2257999927,2774.9394531,2929.5202637,0.3046649992,1.0,3.4432530403,3.4668009281,8.5
1804.1113,39.3125,0.2524000108,0.2904010117,2.1175000668,17.240200043,9.6063995361,0.1919,0.0417999998,7.0,0.1919,2774.9394531,2724.8210449,0.3022350073,1.0,3.4432530403,3.4353382587,8.5
1804.2637,42.792999268,0.2579570115,0.2906860113,2.1129000187,17.971700668,10.570300102,0.1738999933,0.0494000018,7.0,0.1738999933,2797.369873,2716.9204102,0.304666996,1.0,3.4467642307,3.4340960979,8.5
1804.4161,45.980499268,0.2675009966,0.2905830145,2.1059000492,16.368200302,10.420900345,0.1511999965,0.0632999986,7.0,0.1511999965,2155.0915527,1881.083374,0.3085030019,1.0,3.3334732056,3.2744178772,8.5
1804.5685,48.541000366,0.2694590092,0.2903150022,2.1050000191,16.835899353,10.420900345,0.1555999964,0.0666999966,7.0,0.1555999964,1898.151123,1585.3400879,0.3091959953,1.0,3.2783250809,3.2001159191,8.5
1804.7209,50.773399353,0.2761070132,0.2886239886,2.1022999287,14.898400307,10.808099747,0.1551000029,0.0788000003,7.0,0.1551000029,2067.4660645,1748.8214111,0.3109480143,1.0,3.3154342175,3.2427349091,8.5
1804.8733,53.269500732,0.2988010049,0.2773300111,2.0982999802,13.072299957,10.420900345,0.1080000028,0.1263000071,9.0,0.1080000028,2202.0263672,2043.083252,0.3130869865,1.0,3.3428418636,3.3103096485,8.5
1805.0257,56.886699677,0.3117299974,0.2724449933,2.1073999405,11.733400345,10.0145998,0.1031000018,0.1428000033,9.0,0.1031000018,2067.4660645,1276.0065918,0.312887013,1.0,3.3154342175,3.1058292389,8.5
1805.1781,61.867198944,0.3123550117,0.2431849986,2.1844000816,10.978500366,9.5834999084,0.1213999987,0.1475999951,3.0,0.1213999987,,,0.2849619985,1.0,,,8.5
1805.3305,66.839797974,0.320818007,0.2431849986,2.1417000294,10.224599838,9.152299881,0.1544999927,0.152700007,3.0,0.1544999927,,,0.2944740057,1.0,,,8.5
1805.4829,71.464797974,0.3123550117,0.1898889989,2.1417000294,9.3779001236,8.6870002747,0.1800000072,0.1591999978,3.0,0.1800000072,,,0.2944740057,1.0,,,8.5
1805.6353,74.933601379,0.3117299974,0.2042749971,2.2527000904,8.2109003067,8.1044998169,0.1819999963,0.1694999933,3.0,0.1819999963,,,0.252256006,1.0,,,8.5
1805.7877,78.398399353,0.3137690127,0.2429780066,2.1417000294,7.045899868,7.521999836,0.1670999974,0.1818999946,6.0,0.1670999974,,,0.2944740057,1.0,,,8.5
1805.9401,81.378997803,0.3108969927,0.2938680053,2.0738999844,8.0186004639,7.006000042,0.25,0.1263999939,6.0,0.25,,,0.3296430111,1.0,,,8.5
1806.0925,81.213897705,0.313037008,0.303640008,2.0617001057,8.0186004639,6.9198999405,0.2433000058,0.117399998,6.0,0.2433000058,,,0.3368630111,1.0,,,8.5
1806.2449,79.900398254,0.321393013,0.2850399911,2.0752999783,7.2002000809,6.9904999733,0.1799000055,0.1519999951,6.0,0.1799000055,,,0.3280580044,1.0,,,8.5
1806.3973,78.640602112,0.3319590092,0.2739030123,2.089099884,8.0186004639,7.0668997765,0.1335999966,0.1713999957,6.0,0.1335999966,,,0.3224009871,1.0,,,8.5
1806.5497,78.262702942,0.3335810006,0.2768970132,2.092799902,9.2265996933,7.247300148,0.119599998,0.1604000032,6.0,0.119599998,,,0.3222930133,1.0,,,8.5
1806.7021,78.959999084,0.321393013,0.2756919861,2.1047000885,10.906200409,7.5539999008,0.1070000008,0.1379999965,6.0,0.1070000008,,,0.3175750077,1.0,,,8.5
1806.8545,79.658203125,0.3242189884,0.2689029872,2.1263999939,12.585900307,7.8605999947,0.0996000022,0.1379999965,6.0,0.0996000022,1809.5209961,898.36175537,0.3079349995,1.0,3.2575781345,2.9534578323,8.5
1807.0069,79.418502808,0.3203380108,0.2756919861,2.1047000885,14.380900383,8.2075004578,0.0921000019,0.1290999949,6.0,0.0921000019,1391.6744385,804.0446167,0.3175750077,1.0,3.1435375214,2.9052791595,8.5
1807.1593,74.238296509,0.3113900125,0.2768970132,2.1047000885,16.328100204,8.6836004257,0.0835999995,0.1209999993,6.0,0.0835999995,1393.2415771,817.73937988,0.3175750077,1.0,3.1440322399,2.9125900269,8.5
1807.3117,69.050796509,0.3035329878,0.279388994,2.1064999104,18.277299881,9.160200119,0.0756999999,0.1142000034,6.0,0.0756999999,1264.8895264,1140.8079834,0.3116759956,1.0,3.1021587849,3.057305336,8.5
1807.4641,63.847698212,0.2967540026,0.2907119989,2.0831000805,20.197299957,9.6455001831,0.074500002,0.1044000015,9.0,0.074500002,1736.7730713,1512.151123,0.3202440143,1.0,3.2397413254,3.1795887947,8.5
1807.6165,58.492198944,0.2967909873,0.3070240021,2.0648999214,21.65719986,10.265600204,0.0922999978,0.0838000029,9.0,0.0922999978,1787.6853027,1665.0196533,0.3307229877,1.0,3.2523434162,3.2214574814,8.5
1807.7689,53.125,0.304764986,0.3214809895,2.0425000191,23.060499191,10.903800011,0.0918999985,0.076700002,9.0,0.0918999985,2115.2980957,1886.8978271,0.3431760073,1.0,3.3253860474,3.2757627964,8.5
1807.9213,48.132801056,0.297401011,0.3238689899,2.0418000221,24.389600754,11.502400398,0.124499999,0.0707999989,9.0,0.124499999,1632.543335,1452.7490234,0.3436129987,1.0,3.2128536701,3.1621797085,8.5
1808.0737,46.103801727,0.3018060029,0.3238689899,2.0418000221,25.14209938,11.802700043,0.0991000012,0.064199999,9.0,0.0991000012,1846.7366943,1705.7259521,0.3436129987,1.0,3.2664048672,3.2319135666,8.5
1808.2261,45.759300232,0.2982000113,0.3238689899,2.0418000221,25.566400528,11.933199883,0.1023999974,0.060899999,9.0,0.1023999974,1846.5875244,1586.0227051,0.3436129987,1.0,3.2663698196,3.2003092766,8.5
1808.3785,45.361301422,0.3030549884,0.3238689899,2.0408000946,26.011199951,12.072099686,0.0873000026,0.0707999989,9.0,0.0873000026,1847.2375488,1586.5218506,0.343888998,1.0,3.266522646,3.2004461288,8.5
1808.5309,44.613300323,0.2979930043,0.3283720016,2.0397000313,26.590799332,12.264900208,0.1022000015,0.0579999983,9.0,0.1022000015,1846.7366943,1586.1049805,0.3447650075,1.0,3.2664048672,3.2003319263,8.5
1808.6833,43.406200409,0.2999820113,0.3233810067,2.0434999466,27.347700119,12.529100418,0.0879999995,0.0669,9.0,0.0879999995,1847.3287354,1586.4493408,0.3422909975,1.0,3.2665441036,3.2004261017,8.5
1808.8357,42.249000549,0.3005140126,0.323397994,2.0429999828,28.098600388,12.793000221,0.0846000016,0.0675000027,9.0,0.0846000016,1847.7104492,1586.6693115,0.3424800038,1.0,3.2666339874,3.2004864216,8.5
1808.9881,42.343799591,0.2976559997,0.3208970129,2.0478999615,28.679700851,13.062000275,0.0844999999,0.0665000007,9.0,0.0844999999,1847.5773926,1586.2145996,0.3396990001,1.0,3.2666025162,3.2003674507,8.5
1809.1405,45.339801788,0.299890995,0.3029519916,2.0680000782,28.865999222,13.342499733,0.0544999987,0.0895999968,9.0,0.0544999987,1851.6456299,1445.9396973,0.3282630146,1.0,3.2675375938,3.1601188183,8.5
1809.2929,48.332000732,0.2976559997,0.3102290034,2.1010000706,29.052200317,13.623000145,0.0566999987,0.0892999992,9.0,0.0566999987,2446.9899902,2167.1721191,0.312195003,1.0,3.3887081146,3.3359861374,8.5
1809.4453,50.147899628,0.29776299,0.2863740027,2.0599999428,29.133899689,13.793499947,0.0568000004,0.0891000032,9.0,0.0568000004,3097.4206543,2872.3486328,0.3115549982,1.0,3.4910209179,3.4582617283,8.5
1809.5977,49.285198212,0.2912729979,0.2926680148,2.087100029,28.979499817,13.714500427,0.0559,0.0894000009,9.0,0.0559,2069.6987305,1751.1115723,0.3179199994,1.0,3.3158123493,3.2432031631,8.5
1809.7501,47.736301422,0.297096014,0.3102290034,2.0599999428,28.764600754,13.571499825,0.0687000006,0.0790000036,9.0,0.0687000006,1382.0531006,1071.0584717,0.3325360119,1.0,3.1405293941,3.0298135281,8.5
1809.9025,46.015598297,0.2853420079,0.3266110122,2.0511000156,29.247999191,13.474599838,0.116899997,0.0419999994,9.0,0.116899997,1280.0311279,1066.1075439,0.3384639919,1.0,3.1072194576,3.02779603,8.5
1810.0549,43.847698212,0.2767499983,0.3315750062,2.0520000458,31.542999268,13.497699738,0.1366000026,0.0232999995,7.0,0.1366000026,1304.0419922,1150.7194824,0.3381560147,1.0,3.1152591705,3.0609314442,8.5
1810.2073,41.419898987,0.2751460075,0.3315530121,2.0529999733,34.898399353,13.590800285,0.1318999976,0.0208000001,7.0,0.1318999976,1972.6687012,1845.4123535,0.33741799,1.0,3.2950415611,3.2660806179,8.5
1810.3597,39.412101746,0.2742680013,0.330745995,2.0543000698,34.898399353,13.684399605,0.1262000054,0.0203000009,7.0,0.1262000054,2370.1174316,2223.5742188,0.336481005,1.0,3.3747675419,3.3470585346,8.5
1810.5121,39.609401703,0.2765879929,0.3227500021,2.0613000393,34.898399353,13.780599594,0.1067000031,0.0335000008,7.0,0.1067000031,2458.0153809,1976.5061035,0.3322170079,1.0,3.3906042576,3.2959206104,8.5
1810.6645,41.607398987,0.2802659869,0.3078410029,2.0748999119,34.898399353,13.879199982,0.0768999979,0.0573000014,7.0,0.0768999979,1686.6766357,1270.9851074,0.3240300119,1.0,3.227011919,3.1041064262,8.5
1810.8169,43.605499268,0.272976011,0.2985979915,2.0908000469,36.152301788,13.977499962,0.0794999972,0.058699999,7.0,0.0794999972,2216.5192871,1957.3710938,0.3151679933,1.0,3.3456714153,3.2916731834,8.5
1810.9693,43.111301422,0.2858389914,0.2896040082,2.098099947,34.615200043,13.968400002,0.0513999984,0.0811000019,7.0,0.0513999984,2219.9355469,1961.2573242,0.312507987,1.0,3.3463029861,3.2924890518,8.5
1811.1217,40.398399353,0.2839930058,0.2941060066,2.0985000134,32.755901337,13.863300323,0.072300002,0.0700000003,7.0,0.072300002,3536.8806152,3373.8442383,0.3138810098,1.0,3.5486214161,3.5281262398,8.5
1811.2741,37.527301788,0.293238014,0.3120839894,2.0892000198,30.871099472,13.751299858,0.1121999994,0.0445000008,7.0,0.1121999994,3483.364502,3315.0456543,0.3246439993,1.0,3.5419945717,3.5204842091,8.5
1811.4265,35.895500183,0.2792580128,0.3143369853,2.0889999866,29.619100571,13.721400261,0.1378999949,0.0299999993,7.0,0.1378999949,3430.904541,3251.9731445,0.3227950037,1.0,3.5354220867,3.5121622086,8.5
1811.5789,35.75510025,0.2706120014,0.313872993,2.0850999355,29.125499725,13.790200233,0.1416999996,0.0286999997,7.0,0.1416999996,2700.5007324,2460.4189453,0.3219780028,1.0,3.4313955307,3.3909668922,8.5
1811.7313,36.020999908,0.2584739923,0.3209089935,2.0778000355,28.837400436,13.885899544,0.1686999947,0.0108000003,7.0,0.1686999947,2238.0087891,2096.265625,0.3239470124,1.0,3.3498668671,3.3214519024,8.5
1811.8837,36.268798828,0.2485900074,0.322717011,2.0773999691,28.275899887,13.96570015,0.1875,0.0,7.0,0.1875,2054.1989746,1908.1992188,0.322717011,1.0,3.3126425743,3.2806236744,8.5
1812.0361,36.474098206,0.2503100038,0.3219020069,2.0808000565,27.085899353,14.009599686,0.1920000017,0.0,7.0,0.1920000017,2054.793457,1908.3238525,0.3219020069,1.0,3.3127343655,3.2806372643,8.5
1812.1885,36.666000366,0.250090003,0.3042109907,2.1029000282,25.682600021,14.041399956,0.1723999977,0.0199999996,7.0,0.1723999977,3155.5771484,2359.2954102,0.3098500073,1.0,3.4990832806,3.3727934361,8.5
1812.3409,36.780498505,0.2606019974,0.2913340032,2.1240999699,24.281200409,14.07310009,0.1550000012,0.0377999991,7.0,0.1550000012,2930.651123,1944.1773682,0.3020099998,1.0,3.4669694901,3.2887279987,8.5
1812.4933,35.948200226,0.2629899979,0.296250999,2.121999979,22.878900528,14.105199814,0.1715999991,0.0304000005,7.0,0.1715999991,2678.9560547,2190.6972656,0.304836005,1.0,3.4279778004,3.3405976295,8.5
1812.6457,34.839801788,0.2680340111,0.3097229898,2.103399992,21.478500366,14.137200356,0.1882999986,0.0206000004,7.0,0.1882999986,2162.6257324,1656.2114258,0.3155249953,1.0,3.3349680901,3.2191157341,8.5
1812.7981,33.731399536,0.2587170005,0.3090330064,2.108700037,20.077100754,14.169300079,0.2125999928,0.0107000005,7.0,0.2125999928,2617.5598145,1657.5467529,0.312052995,1.0,3.4178977013,3.2194683552,8.5
1812.9505,34.340801239,0.2531160116,0.2951300144,2.1331999302,18.674800873,14.201199532,0.2205000073,0.0161000006,9.0,0.2205000073,2573.8835449,1592.2388916,0.2996790111,1.0,3.4105374813,3.2020041943,8.5
1813.1029,35.738300323,0.2543010116,0.2835269868,2.1500999928,17.274400711,14.232899666,0.2169999927,0.0285999998,9.0,0.2169999927,2110.5419922,1570.1625977,0.2915819883,1.0,3.3243818283,3.1959247589,8.5
1813.2553,37.212898254,0.2586820126,0.2814719975,2.1452000141,15.873999596,14.264699936,0.2083999962,0.0417000018,9.0,0.2083999962,2515.6291504,2069.0236816,0.2932260036,1.0,3.4006254673,3.3157281876,8.5
1813.4077,37.394298553,0.2557249963,0.2829290032,2.1375999451,17.274400711,14.12460041,0.2082999945,0.0432999991,9.0,0.2082999945,2563.2788086,1799.0847168,0.2951380014,1.0,3.4087958336,3.2550592422,8.5
1813.5601,36.186500549,0.2489089966,0.2874079943,2.1322000027,16.218799591,13.800499916,0.2167000026,0.0208000001,9.0,0.2167000026,2549.7983398,1583.8682861,0.2965849936,1.0,3.4065134525,3.1997301579,8.5
1813.7125,34.869098663,0.2601949871,0.2946609855,2.1354000568,17.028299332,13.46119976,0.2248000056,0.0208000001,9.0,0.2248000056,2618.8205566,1645.3448486,0.3005329967,1.0,3.4181070328,3.2162578106,8.5
1813.8649,33.708999634,0.2659470141,0.3041659892,2.1268999577,18.105499268,13.286700249,0.2281000018,0.0104999999,7.0,0.2281000018,2563.2788086,1624.8154297,0.3071269989,1.0,3.4087958336,3.2108039856,8.5
1814.0173,33.069801331,0.2649750113,0.3120250106,2.1122999191,20.072299957,13.661600113,0.2205999941,0.0048000002,7.0,0.2205999941,2563.416748,1624.0432129,0.3133819997,1.0,3.4088227749,3.2106032372,8.5
1814.1697,32.44039917,0.2578429878,0.3159379959,2.1017999649,22.056600571,14.045900345,0.2159000039,0.0,7.0,0.2159000039,2418.0383301,1477.069458,0.3159379959,1.0,3.3834722042,3.1694102287,8.5
1814.3221,31.847400665,0.2561419904,0.3072519898,2.1215000153,23.986299515,14.41380024,0.2117000073,0.0,7.0,0.2117000073,2071.4555664,1261.3482666,0.3072519898,1.0,3.3162519932,3.2108039856,8.5
1814.4745,31.996599197,0.2768009901,0.3055489957,2.1417999268,24.870100021,14.448399544,0.2089000046,0.0,7.0,0.2089000046,2849.654541,1624.8154297,0.3055489957,1.0,3.4547922611,3.2108039856,8.5
1814.6269,32.179401398,0.2800790071,0.306291014,2.1422998905,25.705099106,14.467700005,0.2049999982,0.0,7.0,0.2049999982,2851.1921387,2687.2141113,0.306291014,1.0,3.4550235271,3.4293005466,8.5
1814.7793,32.448200226,0.2865940034,0.306291014,2.1238000393,26.339799881,14.458999634,0.1976999938,0.0,7.0,0.1976999938,2985.0544434,2763.9052734,0.3156090081,1.0,3.4749653339,3.4415528774,8.5
1814.9317,33.458000183,0.2617079914,0.3102490008,2.1094999313,25.257799149,14.207500458,0.1906999946,0.0082999999,7.0,0.1906999946,2366.7736816,1457.9671631,0.312579006,1.0,3.374348402,3.1640348434,8.5
1815.0841,34.789100647,0.2494630069,0.3026080132,2.1066999435,23.425800323,13.850099564,0.1827999949,0.0200999994,7.0,0.1827999949,3960.3049316,2928.8483887,0.3082740009,1.0,3.5977184772,3.4666693211,8.5
1815.2365,36.000499725,0.2393629998,0.2970240116,2.1191999912,21.834499359,13.511199951,0.2040999979,0.0138999997,7.0,0.2040999979,4594.9931641,4218.050293,0.300940007,1.0,3.6622622013,3.6250855923,8.5
1815.3889,36.421398163,0.238575995,0.2815870047,2.1370000839,21.8125,13.294799805,0.1815000027,0.0322999991,7.0,0.1815000027,4226.9584961,3828.7541504,0.2906759977,1.0,3.6260437965,3.5830731392,8.5
1815.5413,35.977500916,0.2440740019,0.2773770094,2.1533999443,23.502000809,13.211999893,0.1773999929,0.0307,7.0,0.1773999929,3161.5959473,2880.3632813,0.286018014,1.0,3.4998435974,3.4593839645,8.5
1815.6937,35.557899475,0.245261997,0.2782680094,2.1633000374,25.107400894,13.118000031,0.1784999967,0.0269000009,7.0,0.1784999967,2467.307373,2242.2126465,0.2806000113,1.0,3.3921999931,3.3506450653,8.5
1815.8461,35.438999176,0.2603850067,0.2800650001,2.1649000645,25.646499634,12.894499779,0.1741999984,0.0259000007,7.0,0.1741999984,3380.5556641,3367.1342773,0.2873559892,1.0,3.5289881229,3.5272605419,8.5
1815.9985,35.941398621,0.2584629953,0.2737300098,2.168900013,22.320299149,12.401900291,0.1750999987,0.0303000007,7.0,0.1750999987,3379.229248,3365.8081055,0.2868170142,1.0,3.5288124084,3.5270843506,8.5
1816.1509,36.442901611,0.2567780018,0.2737300098,2.168900013,22.320299149,11.909199715,0.1784999967,0.0348000005,7.0,0.1784999967,3660.6035156,3635.0070801,0.2835339904,1.0,3.5635404587,3.560492754,8.5
1816.3033,37.212898254,0.2396029979,0.2561640143,2.1919000149,20.291000366,11.363800049,0.1893000007,0.0417000018,7.0,0.1893000007,4376.453125,4352.9082031,0.2678959966,1.0,3.6411223412,3.638781786,8.5
1816.4557,38.59569931,0.228531003,0.2385829985,2.214099884,17.406200409,10.697299957,0.2021999955,0.0538999997,7.0,0.2021999955,4374.1870117,4191.6381836,0.2537760139,1.0,3.640897274,3.6223838329,8.5
1816.6081,40.087898254,0.2250850052,0.2298280001,2.219399929,14.378899574,10.008799553,0.2180999964,0.0671999976,7.0,0.2180999964,4373.2739258,4190.5947266,0.2487549931,1.0,3.640806675,3.6222758293,8.5
1816.7605,41.798801422,0.2270410061,0.2217079997,2.2260000706,11.675800323,9.3319997787,0.2396000028,0.0824000016,7.0,0.2396000028,4370.4467773,4187.9916992,0.2449170053,1.0,3.6405346394,3.6220145226,8.5
1816.9129,44.031200409,0.234246999,0.2199530005,2.2156999111,9.785200119,8.6836004257,0.2451999933,0.1023000032,7.0,0.2451999933,3756.239502,3600.4975586,0.2487480044,1.0,,,8.5
1817.0653,46.53319931,0.2456859946,0.2155559957,2.2137000561,8.3008003235,8.0502996445,0.2513000071,0.124499999,7.0,0.2513000071,,,0.2506119907,1.0,,,8.5
1817.2177,48.9375,0.2534419894,0.2075330019,2.2186999321,6.9375,7.4271998405,0.2737999856,0.1458999962,9.0,0.2737999856,,,0.2486030012,1.0,,,8.5
1817.3701,50.927700043,0.2610479891,0.1965000033,2.2353999615,6.0654001236,6.8550000191,0.3012000024,0.1635999978,9.0,0.3012000024,,,0.242546007,1.0,,,8.5
1817.5225,52.599601746,0.2661469877,0.1881320029,2.2458000183,5.5718002319,6.3183999062,0.3174999952,0.178399995,9.0,0.3174999952,,,0.2383569926,1.0,,,8.5
1817.6749,54.285198212,0.2657319903,0.1835840046,2.2406001091,5.0752000809,5.7782998085,0.3325000107,0.1933999956,9.0,0.3325000107,,,0.2380219996,1.0,,,8.5
1817.8273,54.549800873,0.2675659955,0.1888300031,2.2265000343,4.6455001831,5.2827000618,0.3540999889,0.1957000047,9.0,0.3540999889,948.67578125,778.69207764,0.2439250052,1.0,2.9771254063,2.8913691044,8.5
1817.9797,53.589801788,0.2534689903,0.2054859996,2.2158000469,4.2715001106,4.8218002319,0.4336999953,0.1554999948,9.0,0.4336999953,832.94805908,738.01849365,0.2492550015,1.0,2.9206178188,2.8680670261,8.5
1818.1321,52.626998901,0.2525340021,0.2133899927,2.2077999115,3.8975000381,4.3598999977,0.4740999937,0.1442999989,9.0,0.4740999937,835.58349609,740.02484131,0.2539980114,1.0,2.9219822884,2.8692438602,8.5
1818.2845,53.78319931,0.2627809942,0.2120169997,2.2023999691,3.6003000736,4.0107002258,0.4794000089,0.1615999937,9.0,0.4794000089,937.60217285,770.32116699,0.257479012,1.0,2.9719932079,2.8866465092,8.5
1818.4369,57.238300323,0.2816700041,0.1993589997,2.2035000324,3.3875000477,3.7843999863,0.4526999891,0.2061000019,9.0,0.4526999891,1316.6420898,1080.5268555,0.257340014,1.0,3.1194679737,3.0336356163,8.5
1818.5893,61.234401703,0.299661994,0.196608007,2.1940999031,3.1942999363,3.5866999626,0.4255999923,0.2365999967,6.0,0.4255999923,1313.618042,1081.1342773,0.2631689906,1.0,3.1184563637,3.0338602066,8.5
1818.7417,65.410202026,0.2998920083,0.1998939961,2.1903998852,3.0337998867,3.4196000099,0.4514000118,0.2328999937,6.0,0.4514000118,1579.1246338,1416.3607178,0.2654159963,1.0,3.1984167099,3.1511740685,8.5
1818.8941,69.898399353,0.2996819913,0.2042540014,2.1856999397,2.9347999096,3.3110001087,0.4690000117,0.2270999998,3.0,0.4690000117,1570.7302246,1411.4161377,0.2681489885,1.0,3.1959149837,3.1494760513,8.5
1819.0465,74.5,0.290466994,0.2017190009,2.195100069,2.8559999466,3.2216000557,0.5112000108,0.2167000026,3.0,0.5112000108,541.46881104,524.32843018,0.2626779974,1.0,2.7336103916,2.7196490765,8.5
1819.1989,70.945297241,0.2830750048,0.1831250042,2.2212998867,2.7866001129,3.1436998844,0.556400001,0.229399994,3.0,0.556400001,223.22479248,142.61999512,0.2476579994,1.0,2.3487384319,2.1541740894,8.5
1819.3513,70.945297241,0.273277998,0.1698630005,2.2430999279,2.7771000862,3.1394999027,0.6032000184,0.2317000031,3.0,0.6032000184,220.0100708,139.45347595,0.2350170016,1.0,2.3424417973,2.1444282532,8.5
1819.5037,73.921897888,0.2851389945,0.1584960073,2.2476000786,2.7860999107,3.157900095,0.5645999908,0.229399994,3.0,0.5645999908,222.71633911,142.04417419,0.2327090055,1.0,2.3476660252,2.7196490765,8.5
1819.6561,70.945297241,0.2967480123,0.1848350018,2.2320001125,2.7952001095,3.176199913,0.513100028,0.2727999985,3.0,0.513100028,528.45410156,444.46640015,0.2418539971,1.0,2.722982645,2.6478056908,8.5
1819.8085,66.4375,0.2969850004,0.1848350018,2.2095000744,3.0137000084,3.3159999847,0.4636999965,0.2477999926,3.0,0.4636999965,734.8059082,677.99975586,0.2545219958,1.0,2.8661754131,2.8312320709,8.5
1819.9609,61.343799591,0.2768029869,0.2176399976,2.1863999367,3.3120000362,3.5027000904,0.4765000045,0.1756000072,9.0,0.4765000045,702.80285645,651.22528076,0.2670080066,1.0,2.8468401432,2.8137402534,8.5
1820.1133,56.210899353,0.2613520026,0.2481179982,2.1626999378,3.6168999672,3.6923999786,0.4810000062,0.1133999974,9.0,0.4810000062,629.79284668,558.7522583,0.280005008,1.0,2.7991094589,2.7471239567,8.5
1820.2657,53.066398621,0.2677290142,0.2635320127,2.1405000687,4.1430997849,3.9489998817,0.4244999886,0.1027999967,9.0,0.4244999886,1516.3721924,1408.0969238,0.292441994,1.0,3.1807825565,3.1486170292,8.5
1820.4181,51.644500732,0.2820869982,0.2710970044,2.1092000008,4.8593997955,4.2617001534,0.3596999943,0.0942000002,9.0,0.3596999943,2073.067627,1754.8575439,0.3089860082,1.0,3.3166022301,3.2442271709,8.5
1820.5705,50.37789917,0.2956160009,0.2884790003,2.1038000584,5.5928001404,4.5801000595,0.2960000038,0.1111999974,9.0,0.2960000038,2443.4401855,2163.208252,0.3197360039,1.0,3.388001442,3.3350980282,8.5
1820.7229,50.693401337,0.2966620028,0.283277005,2.0961999893,6.3125,4.9271998405,0.2597999871,0.118900001,9.0,0.2597999871,2449.3127441,2169.8476563,0.3167000115,1.0,3.3890507221,3.3364331722,8.5
1820.8753,54.621101379,0.2972019911,0.2710970044,2.1092000008,7.0399999619,5.3573999405,0.2198999971,0.134800002,9.0,0.2198999971,2194.7392578,2036.8206787,0.3089860082,1.0,3.341309309,3.3088612556,8.5
1821.0277,58.781200409,0.2941449881,0.2868160009,2.0934000015,7.7705001831,5.7944002151,0.2237000018,0.1098999977,9.0,0.2237000018,1627.4829102,1382.0751953,0.3177039921,1.0,3.2115120888,3.1405255795,8.5
1821.1801,62.929698944,0.3023329973,0.3035889864,2.0682001114,8.4794998169,6.2245998383,0.2090999931,0.1001000032,9.0,0.2090999931,1743.3356934,1517.9533691,0.3317320049,1.0,3.2413814068,3.18125844,8.5
1821.3325,66.871101379,0.299052,0.3183960021,2.054500103,8.3446998596,6.4204001427,0.2354000062,0.077200003,9.0,0.2354000062,1745.996582,1517.9733887,0.3400839865,1.0,3.242041111,3.1812596321,8.5
1821.4849,70.796897888,0.299484998,0.3129369915,2.060199976,8.1433000565,6.597700119,0.233099997,0.0846000016,6.0,0.233099997,1809.4355469,1628.1776123,0.3366959989,1.0,3.2575540543,3.2117319107,8.5
1821.6373,74.726600647,0.2934980094,0.3033930063,2.0750999451,7.9418997765,6.7747001648,0.2398000062,0.0878000036,6.0,0.2398000062,1496.3720703,844.45983887,0.3280510008,1.0,3.1750531197,2.9265930653,8.5
1821.7897,76.511703491,0.3014169931,0.2834540009,2.0919001102,7.7725000381,6.9558000565,0.2036000043,0.1247999966,6.0,0.2036000043,1176.1866455,656.26928711,0.3185200095,1.0,3.0704803467,2.817086935,8.5
1821.9421,77.353500366,0.3070940077,0.2778629959,2.0940999985,7.6173000336,7.1384000778,0.188500002,0.1403000057,6.0,0.188500002,1099.9598389,605.7276001,0.3172770143,1.0,3.041359663,2.7822606564,8.5
1822.0945,78.120101929,0.3134500086,0.2742899954,2.0934998989,7.4629998207,7.3214998245,0.1743000001,0.1542000026,6.0,0.1743000001,1398.5544434,766.22131348,0.3176049888,1.0,3.1456794739,2.8843536377,8.5
1822.2469,75.763702393,0.3076080084,0.2874749899,2.0829999447,7.4562997818,7.4774999619,0.203700006,0.1289000064,6.0,0.203700006,1397.6827393,775.27307129,0.3236809969,1.0,3.1453986168,2.8893990517,8.5
1822.3993,69.4375,0.3014209867,0.2944889963,2.0794999599,7.6370000839,7.5995998383,0.2203000039,0.110799998,6.0,0.2203000039,1620.7316895,1458.4875488,0.3256190121,1.0,3.2097067833,3.1639003754,8.5
1822.5517,62.671901703,0.2953909934,0.2924459875,2.0861001015,7.8379001617,7.7178001404,0.2257000059,0.1045000032,9.0,0.2257000059,1735.0252686,1511.3284912,0.3218030035,1.0,3.2392995358,3.1793425083,8.5
1822.7041,56.906200409,0.2985419929,0.2597860098,2.1205000877,8.1350002289,7.8362002373,0.1700000018,0.1506000012,9.0,0.1700000018,1910.1083984,1903.5963135,0.3020739853,1.0,3.2810380459,3.2795639038,8.5
1822.8565,55.75289917,0.3008190095,0.2491140068,2.1342999935,8.876999855,7.9552998543,0.1363999993,0.1633999944,9.0,0.1363999993,1910.1083984,2232.5996094,0.2949990034,1.0,3.4012405872,3.3488063812,8.5
1823.0089,55.223098755,0.3191510141,0.2715989947,2.0991001129,9.6787004471,8.0746002197,0.1171000004,0.1568000019,9.0,0.1171000004,2324.263916,2197.1850586,0.3156319857,1.0,3.366298914,3.3418827057,8.5
1823.1613,54.692901611,0.320253998,0.306885004,2.0504000187,10.480500221,8.1937999725,0.1396999955,0.1209999993,9.0,0.1396999955,1820.4794922,1638.418457,0.3408479989,1.0,3.2603998184,3.2146363258,8.5
1823.3137,52.927700043,0.3241339922,0.3296929896,2.0218999386,12.554699898,8.4013996124,0.1351999938,0.0975999981,9.0,0.1351999938,3187.7351074,2854.4057617,0.3570820093,1.0,3.5034821033,3.4555153847,8.5
1823.4661,50.837898254,0.3108409941,0.3417859972,2.0179998875,14.968799591,8.6325998306,0.1544999927,0.0627999976,9.0,0.1544999927,3199.6188965,2866.7978516,0.3594030142,1.0,3.505099535,3.4573967457,8.5
1823.6185,48.724601746,0.3143459857,0.335157007,2.0213999748,17.40430069,8.8649997711,0.1220000014,0.0746000037,9.0,0.1220000014,3131.3735352,2882.4758301,0.3561039865,1.0,3.4957504272,3.4597811699,8.5
1823.7709,48.804199219,0.312635988,0.3324329853,2.0327999592,16.695299149,8.8337001801,0.1158000007,0.0751999989,9.0,0.1158000007,2357.9936523,2175.1591797,0.3495329916,1.0,3.3725533485,3.3375041485,8.5
1823.9233,50.615200043,0.3071169853,0.3296119869,2.0327999592,18.122999191,8.5942001343,0.123999998,0.0710000023,9.0,0.123999998,1956.6627197,1725.5969238,0.3495329916,1.0,3.2915139198,3.2369389534,8.5
1824.0757,52.671901703,0.3037799895,0.3174870014,2.048899889,17.728500366,8.3249998093,0.1155000031,0.0816000029,9.0,0.1155000031,2020.3210449,1733.1043701,0.3403809965,1.0,3.305426836,3.2388262749,8.5
1824.2281,54.900398254,0.2997640073,0.3147949874,2.0552000999,16.695299149,7.8701000214,0.1269000024,0.0794999972,9.0,0.1269000024,1815.8251953,1688.1915283,0.3371010125,1.0,3.2590742111,3.2274217606,8.5
1824.3805,57.490200043,0.289741993,0.3177540004,2.0599000454,14.302700043,7.0205001831,0.1715999991,0.061900001,9.0,0.1715999991,1811.0909424,1685.3121338,0.3351300061,1.0,3.2579395771,3.2266812325,8.5
1824.5329,60.148399353,0.2891690135,0.3147949874,2.0618000031,11.654299736,6.0985999107,0.2114000022,0.0544999987,9.0,0.2114000022,1832.4139404,1660.0974121,0.3346509933,1.0,3.2630386353,3.2201480865,8.5
1824.6853,63.019500732,0.2762520015,0.3077639937,2.0824000835,9.0430002213,5.1806998253,0.2578000128,0.056499999,9.0,0.2578000128,1392.5423584,1280.8154297,0.3236269951,1.0,3.1438176632,3.1075155735,8.5
1824.8377,69.390602112,0.2850309908,0.2847529948,2.102699995,6.9706997871,4.3485999107,0.2640999854,0.0996000022,6.0,0.2640999854,1185.2320557,687.5302124,0.3127000034,1.0,3.0736751556,2.8371584415,8.5
1824.9901,76.554702759,0.2791830003,0.2589829862,2.1370000839,5.0194997787,3.535200119,0.3368999958,0.125,6.0,0.3368999958,651.56439209,365.81008911,0.2940599918,1.0,2.8140149117,2.5633153915,8.5
1825.1425,83.710899353,0.2891690135,0.2121579945,2.1842999458,3.0683999062,2.7207000256,0.4762000144,0.2012999952,6.0,0.4762000144,53.250400543,17.98800087,0.2686339915,1.0,1.7260607481,1.2547390461,8.5
1825.2949,88.984397888,0.2959710062,0.1672700047,2.2309999466,2.2007000446,2.2957000732,0.679099977,0.2696999907,4.0,0.679099977,4.2818450928,2.59943223,0.2429150045,1.0,0.6316484809,0.4614832997,8.5
1825.4473,93.246101379,0.3021120131,0.1384849995,2.2592999935,1.910400033,2.0778999329,0.8249999881,0.3158000112,4.0,0.8249999881,3.0910031796,2.8890037537,0.2270539999,0.0,0.4900993705,0.4607480168,8.5
1825.5997,97.378898621,0.306836009,0.1346160024,2.26060009,1.6986999512,1.8882000446,0.9311000109,0.3158000112,4.0,0.9311000109,3.0947980881,2.8938982487,0.2266169935,0.0,0.4906323552,0.4614832997,8.5
1825.7521,99.769500732,0.2923159897,0.1293759942,2.2764999866,1.540899992,1.7302999496,1.0,0.3127999902,4.0,1.0,3.0924007893,2.891700983,0.2170860022,0.0,0.490295738,0.4611533582,8.5
1825.9045,99.941703796,0.2948389947,0.1197030023,2.2855000496,1.4514000416,1.6128000021,1.0,0.3287999928,4.0,1.0,3.0932018757,2.8929021358,0.2118909955,0.0,0.4904082417,0.4613336921,8.5
1826.0569,99.627700806,0.2961159945,0.1112319976,2.2892000675,1.3767999411,1.5042999983,1.0,0.3413999975,4.0,1.0,3.0957028866,2.8957030773,0.2099239975,0.0,0.4907591939,0.4617539644,8.5
1826.2093,99.402801514,0.3053219914,0.1082940027,2.2911000252,1.3091000319,1.4098000526,1.0,0.3589999974,4.0,1.0,3.0992002487,2.8997004032,0.208949998,0.0,0.4912496507,0.4623531103,8.5
1826.3617,99.527801514,0.3019790053,0.100112997,2.3025000095,1.2687000036,1.3701000214,1.0,0.3643000126,4.0,1.0,3.0995998383,2.9002995491,0.2022269964,0.0,0.4913056195,0.4624428749,8.5
1826.5141,99.749801636,0.302271992,0.103159003,2.298899889,1.2359999418,1.3458000422,1.0,0.3609000146,4.0,1.0,3.0991983414,2.8997979164,0.2043180019,0.0,0.4912494123,0.4623678029,8.5
1826.6665,99.97190094,0.301443994,0.1123699993,2.2892000675,1.2031999826,1.3214999437,1.0,0.34799999,4.0,1.0,3.0969955921,2.8971951008,0.2099239975,0.0,0.49094069,0.4619778693,8.5
1826.8189,99.794403076,0.2962419987,0.141978994,2.2599000931,1.2029000521,1.3157000542,1.0,0.3028999865,3.0,1.0,3.0917000771,2.8907999992,0.2268819958,0.0,0.4901969433,0.4610175192,8.5
1826.9713,99.458999634,0.2884489894,0.1530259997,2.2528998852,1.2154999971,1.3171000481,1.0,0.2772000134,3.0,1.0,3.087100029,2.8854000568,0.2307199985,0.0,0.4895506799,0.4602060318,8.5
1827.1237,99.114303589,0.2903940082,0.1479820013,2.2572000027,1.2288999557,1.3188999891,1.0,0.2865000069,3.0,1.0,3.0869998932,2.8854000568,0.2282759994,0.0,0.4895367324,0.4602061808,8.5
1827.2761,98.982696533,0.2903339863,0.1409180015,2.2651000023,1.2350000143,1.3178999424,1.0,0.2953000069,3.0,1.0,3.0883030891,2.8869035244,0.2236710042,0.0,0.4897198379,0.4604321718,8.5
1827.4285,99.037597656,0.2953589857,0.1391759962,2.263600111,1.2348999977,1.3144999743,1.0,0.3050999939,3.0,1.0,3.0927288532,2.891865015,0.2246720046,0.0,0.4903284609,0.4611626863,8.5
1827.5809,99.132896423,0.3090260029,0.1279979944,2.2667000294,1.2333999872,1.3106000423,1.0,0.339899987,4.0,1.0,3.7527990341,3.5969996452,0.2232329994,0.0,0.4897198379,0.4604321718,8.5
1827.7333,98.831497192,0.3265489936,0.1138029993,2.2706000805,1.233899951,1.3073999882,1.0,0.3842999935,4.0,1.0,,,0.2214789987,0.0,,,8.5
1827.8857,97.718803406,0.3385109901,0.1116669998,2.2704000473,1.2386000156,1.3056999445,1.0,0.3842999935,4.0,1.0,,,0.2219460011,0.0,,,8.5
1828.0381,96.349601746,0.3259440064,0.1066860035,2.2734000683,1.244699955,1.3044999838,1.0,0.3860999942,4.0,1.0,,,0.2198259979,0.0,,,8.5
1828.1905,95.104499817,0.3185119927,0.1022740006,2.2888998985,1.2513999939,1.3034000397,1.0,0.3867000043,4.0,1.0,,,0.2105810046,0.0,,,8.5
1828.3429,95.126998901,0.3063029945,0.0933289975,2.307199955,1.2640999556,1.3044999838,1.0,0.3794000149,4.0,1.0,,,0.1995950043,0.0,,,8.5
1828.4953,95.655799866,0.3060480058,0.0851909965,2.3164000511,1.2792999744,1.3063000441,1.0,0.3892999887,4.0,1.0,,,0.1942110062,0.0,,,8.5
1828.6477,96.183601379,0.3074350059,0.092854999,2.3069999218,1.2944999933,1.3080999851,1.0,0.3892999887,4.0,1.0,,,0.1997569948,0.0,,,8.5
1828.8001,98.109397888,0.3147949874,0.0849559978,2.3108000755,1.2858999968,1.3062000275,1.0,0.4027999938,4.0,1.0,,,0.1977609992,0.0,,,8.5
1828.9525,100.98049927,0.3224680126,0.0864999965,2.3039000034,1.2613999844,1.301699996,1.0,0.4126000106,4.0,1.0,,,0.2020139992,0.0,,,8.5
1829.1049,103.99610138,0.3259209991,0.0869610012,2.3010001183,1.234400034,1.296900034,1.0,0.4171999991,4.0,1.0,,,0.2037730068,0.0,,,8.5
1829.2573,105.53220367,0.3254919946,0.084224999,2.3043999672,1.2247999907,1.299399972,1.0,0.4199999869,4.0,1.0,,,0.2018119991,0.0,,,8.5
1829.4097,105.07230377,0.321667999,0.0677509978,2.3252999783,1.2386000156,1.3120000362,1.0,0.4350000024,4.0,1.0,,,0.1895129979,0.0,,,8.5
1829.5621,103.97949982,0.3183189929,0.0583989993,2.3380000591,1.2598999739,1.3278000355,1.0,0.4417000115,4.0,1.0,,,0.1820279956,0.0,,,8.5
1829.7145,102.70700073,0.3268150091,0.0572459996,2.3334999084,1.2811000347,1.3423999548,1.0,0.4442000091,4.0,1.0,,,0.1848820001,0.0,,,8.5
1829.8669,100.79689789,0.3363490105,0.0722120032,2.3104000092,1.3022999763,1.352699995,1.0,0.4456999898,4.0,1.0,,,0.1986140013,0.0,,,8.5
1830.0193,98.603500366,0.3422290087,0.0851949975,2.2920000553,1.3235000372,1.361199975,1.0,0.4442000091,4.0,1.0,,,0.2095119953,0.0,,,8.5
1830.1717,96.412101746,0.3328279853,0.0702029988,2.3197999001,1.3447999954,1.369699955,1.0,0.4456999898,4.0,1.0,0.0099999998,0.0099999998,0.1949249953,0.0,-2.0,-2.0,8.5
1830.3241,96.761703491,0.3311400115,0.0587869994,2.3471999168,1.3339999914,1.3638000488,1.0,0.4490999877,4.0,1.0,0.0099999998,0.0099999998,0.1844599992,0.0,-2.0,-2.0,8.5
1830.4765,98.599601746,0.330655992,0.0502060018,2.3585000038,1.3046000004,1.3494999409,1.0,0.4589000046,4.0,1.0,0.0099999998,0.0099999998,0.1786080003,0.0,,,8.5
1830.6289,100.48439789,0.3217340112,0.0655520037,2.3278000355,1.2745000124,1.3349000216,1.0,0.4379000068,4.0,1.0,,,0.1880609989,0.0,,,8.5
1830.7813,101.1352005,0.3314220011,0.0704730004,2.3157999516,1.2546000481,1.3213000298,1.0,0.4463999867,4.0,1.0,,,0.1953539997,0.0,,,8.5
1830.9337,100.51270294,0.3363539875,0.0733819976,2.3092000484,1.245200038,1.3085999489,1.0,0.4501999915,4.0,1.0,,,0.1993239969,0.0,,,8.5
1831.0861,99.558601379,0.3507210016,0.0603270009,2.3215999603,1.238499999,1.296200037,1.0,0.4835999906,4.0,1.0,,,0.1955929995,0.0,,,8.5
1831.2385,98.849098206,0.3404659927,0.0602839999,2.3210000992,1.2325999737,1.2855000496,1.0,0.47299999,4.0,1.0,,,0.1925709993,0.0,,,8.5
1831.3909,98.64679718,0.3279150128,0.0791120008,2.3085999489,1.2282999754,1.2783999443,1.0,0.4302000105,4.0,1.0,,,0.1994339973,0.0,,,8.5
1831.5433,98.670196533,0.3377520144,0.0749040022,2.3066000938,1.2245999575,1.2730000019,1.0,0.4503999949,4.0,1.0,,,0.2008749992,0.0,,,8.5
1831.6957,98.769699097,0.3399569988,0.0677250028,2.3131000996,1.2211999893,1.2680000067,1.0,0.4627999961,4.0,1.0,,,0.1971520036,0.0,,,8.5
1831.8481,99.444297791,0.344994992,0.0510759987,2.3282001019,1.2188999653,1.2667000294,1.0,0.4914999902,4.0,1.0,,,0.1884970069,0.0,,,8.5
1832.0005,100.47170258,0.3271900117,0.0622819997,2.3278999329,1.2173999548,1.2676000595,1.0,0.4503000081,4.0,1.0,,,0.1881960034,0.0,,,8.5
1832.1529,101.5,0.3354460001,0.0646840036,2.3196001053,1.2158999443,1.2684999704,1.0,0.459800005,4.0,1.0,,,0.1932470053,0.0,,,8.5
1832.3053,102.32129669,0.3455390036,0.0643000007,2.3131999969,1.2095999718,1.2656999826,1.0,0.4756000042,4.0,1.0,,,0.1972720027,0.0,,,8.5
1832.4577,102.95850372,0.3653570116,0.0611569993,2.3171999454,1.199000001,1.2595000267,1.0,0.5004000068,2.0,1.0,0.0099999998,0.0099999998,0.2010439932,0.0,-2.0,-2.0,8.5
1832.6101,103.56739807,0.3461920023,0.0602650009,2.3173000813,1.1878000498,1.2527999878,1.0,0.4817000031,2.0,1.0,0.0099999998,0.0099999998,0.1949200034,0.0,-2.0,-2.0,8.5
1832.7625,103.74710083,0.3411000073,0.0638289973,2.3168001175,1.1796000004,1.2496999502,1.0,0.4695000052,2.0,1.0,0.0099999998,0.0099999998,0.1950619966,0.0,-2.0,-2.0,8.5
1832.9149,103.27149963,0.3349899948,0.0607869998,2.3243000507,1.1758999825,1.2520999908,1.0,0.4641000032,2.0,1.0,0.0099999998,0.0099999998,0.1904920042,0.0,-2.0,-2.0,8.5
1833.0673,102.54199982,0.3559429944,0.0459959991,2.3326001167,1.1741000414,1.2567000389,1.0,0.5109999776,2.0,1.0,0.0099999998,0.0099999998,0.1888059974,0.0,-2.0,-2.0,8.5
1833.2197,101.79299927,0.3605569899,0.0450819992,2.3434998989,1.1734999418,1.2613999844,1.0,0.5113000274,2.0,1.0,0.0099999998,0.0099999998,0.1879519969,0.0,-2.0,-2.0,8.5
1833.3721,100.98239899,0.3609940112,0.0528960004,2.3215999603,1.1770999432,1.2666000128,1.0,0.5097000003,2.0,1.0,0.0099999998,0.0099999998,0.1953279972,0.0,-2.0,-2.0,8.5
1833.5245,100.13480377,0.3532269895,0.0659070015,2.3062999249,1.1830999851,1.2719999552,1.0,0.4853000045,2.0,1.0,0.0099999998,0.0099999998,0.2015140057,0.0,-2.0,-2.0,8.5
1833.6769,99.295898438,0.3562209904,0.0736929998,2.2955999374,1.1892000437,1.2775000334,1.0,0.4801000059,2.0,1.0,0.0099999998,0.0099999998,0.207821995,0.0,-2.0,-2.0,8.5
1833.8293,101.84380341,0.3547970057,0.0632290021,2.3081998825,1.2034000158,1.2820999622,1.0,0.4911000133,2.0,1.0,0.0099999998,0.0099999998,0.2004279941,0.0,-2.0,-2.0,8.5
1833.9817,107.32029724,0.3426449895,0.0622959994,2.3175001144,1.2246999741,1.2861000299,1.0,0.4738999903,2.0,1.0,,,0.1946640015,0.0,,,8.5
1834.1341,101.84380341,0.3327839971,0.0687799975,2.3169999123,1.2459000349,1.2899999619,1.0,0.4507000148,3.0,1.0,,,0.1946790069,0.0,,,8.5
1834.2865,101.84380341,0.3265439868,0.0761179999,2.3131000996,1.2553999424,1.2927000523,1.0,0.4320000112,3.0,1.0,,,0.1967830062,0.0,,,8.5
1834.4389,102.48439789,0.3225640059,0.0860100016,2.3046998978,1.2496000528,1.2937999964,1.0,0.413500011,3.0,1.0,,,0.2015019953,0.0,,,8.5
1834.5913,90.843803406,0.3323180079,0.0892039984,2.2946000099,1.2395999432,1.2943999767,1.0,0.4242999852,3.0,1.0,,,0.2076999992,0.0,,,8.5
1834.7437,81.867202759,0.3296490014,0.0919039994,2.2934000492,1.2316999435,1.296200037,1.0,0.4169000089,3.0,1.0,,,0.2083130032,0.0,,,8.5
1834.8961,78.869598389,0.3359499872,0.0910720006,2.3127000332,1.228399992,1.3006999493,1.0,0.4106000066,3.0,1.0,,,0.2057320029,0.0,,,8.5
1835.0485,79.215301514,0.3111340106,0.0728619993,2.3271999359,1.2278000116,1.3068000078,1.0,0.412800014,3.0,1.0,,,0.1881079972,0.0,,,8.5
1835.2009,79.237998962,0.2879190147,0.0886949971,2.3252999783,1.2365000248,1.3192000389,1.0,0.3576000035,3.0,1.0,,,0.1885309964,0.0,,,8.5
1835.3533,77.25,0.2758559883,0.1171400025,2.3018000126,1.3029999733,1.3708000183,1.0,0.3034999967,3.0,1.0,,,0.2018650025,0.0,,,8.5
1835.5057,73.496101379,0.2796599865,0.1278820038,2.2871999741,1.4198999405,1.4569000006,1.0,0.2958000004,3.0,1.0,,,0.2104399949,0.0,,,8.5
1835.6581,69.742202759,0.2961130142,0.1159240007,2.2973001003,1.5370999575,1.5430999994,1.0,0.3296999931,3.0,1.0,,,0.2079550028,0.0,,,8.5
1835.8105,69.234397888,0.2882780135,0.1075790003,2.3164000511,1.6483000517,1.6306999922,1.0,0.3251999915,3.0,1.0,,,0.1983450055,0.0,,,8.5
1835.9629,72.800796509,0.2790330052,0.1076460034,2.310199976,1.7524000406,1.7200000286,1.0,0.3203000128,3.0,1.0,,,0.1970320046,0.0,,,8.5
1836.1153,76.855499268,0.2709749937,0.1398870051,2.2797999382,1.8555999994,1.8093999624,0.9965999722,0.2675000131,3.0,0.9965999722,108.93753052,44.493541718,0.2145349979,0.0,2.0371770859,1.648296237,8.5
1836.2677,79.005599976,0.2761920094,0.1772589982,2.2342000008,1.9033999443,1.8590999842,0.9965999722,0.2278999984,3.0,0.9965999722,109.71195221,45.186775208,0.2408529967,1.0,2.0401768684,1.6547659636,8.5
1836.4201,77.644500732,0.2744610012,0.1992249936,2.2107999325,1.8494000435,1.8353999853,0.9965999722,0.1975000054,3.0,0.9965999722,244.43859863,221.74699402,0.2543190122,1.0,2.3881685734,2.3458566666,8.5
1836.5725,74.769500732,0.2659440041,0.2041749954,2.2111999989,1.7510000467,1.7798999548,0.9965999722,0.1784999967,3.0,0.9965999722,243.32849121,220.89419556,0.2539759874,1.0,2.3862144947,2.3442177773,8.5
1836.7249,72.808601379,0.2535519898,0.1576009989,2.2715001106,1.6540999413,1.7213000059,0.9782000184,0.1784999967,3.0,0.9782000184,159.95710754,102.8187027,0.2189040035,1.0,2.2039999962,2.0120637417,8.5
1836.8773,73.968803406,0.2541860044,0.1576009989,2.2715001106,1.5618000031,1.6523000002,1.0,0.2197999954,3.0,1.0,157.94110107,99.740280151,0.2189040035,1.0,2.1985151768,1.9989058971,8.5
1837.0297,77.636703491,0.2541860044,0.1438259929,2.2906999588,1.473099947,1.5749000311,1.0,0.2284000069,3.0,1.0,107.88433075,43.947372437,0.2075300068,0.0,2.0330004692,1.6429759264,8.5
1837.1821,81.316398621,0.2541860044,0.145073995,2.2922000885,1.3854999542,1.4983999729,1.0,0.2204000056,3.0,1.0,35.540901184,13.837321281,0.2065519989,0.0,1.5507305861,1.1410547495,8.5
1837.3345,85.386703491,0.2541860044,0.1451099962,2.2941999435,1.3201999664,1.4436000586,1.0,0.2284000069,3.0,1.0,34.279239655,13.234584808,0.2053160071,0.0,1.5350642204,1.1217441559,8.5
1837.4869,89.953102112,0.2546119988,0.1381060034,2.2929000854,1.2838000059,1.4169000387,1.0,0.2449000031,3.0,1.0,16.225595474,6.1000823975,0.206415996,0.0,1.2102326155,0.7853642702,8.5
1837.6393,94.527297974,0.2719469965,0.1232609972,2.2976999283,1.2474000454,1.3903000355,1.0,0.2899000049,3.0,1.0,7.9861292839,3.3341054916,0.2041119933,0.0,0.9023644924,0.522990942,8.5
1837.7917,97.185401917,0.2818950117,0.1163529977,2.2987000942,1.225900054,1.3676999807,1.0,0.3136999905,3.0,1.0,4.4034929276,2.7170035839,0.2038339972,0.0,0.6437974572,0.4340901077,8.5
1837.9441,96.498001099,0.2859750092,0.1159539968,2.2964000702,1.2303999662,1.3523999453,1.0,0.3203999996,3.0,1.0,4.3947272301,2.7214045525,0.2052959949,0.0,0.6429331899,0.4347958565,8.5
1838.0965,94.916000366,0.2881360054,0.1202149987,2.290199995,1.2419999838,1.3391000032,1.0,0.3183999956,3.0,1.0,4.3033981323,2.602301836,0.2089709938,0.0,0.6338115335,0.4153576195,8.5
1838.2489,94.048103333,0.2926920056,0.1173039973,2.2904000282,1.2503000498,1.3252999783,1.0,0.3289000094,3.0,1.0,4.3013181686,2.6050832272,0.2090049982,0.0,0.6335921288,0.4158100784,8.5
1838.4013,95.037101746,0.2922750115,0.1137159988,2.2946000099,1.2504999638,1.3105000257,1.0,0.3328000009,3.0,1.0,4.9484000206,3.0831999779,0.2064940035,0.0,0.6943580508,0.4889843166,8.5
1838.5537,97.234397888,0.2973029912,0.1057720035,2.3001000881,1.2453999519,1.2950999737,1.0,0.3504999876,3.0,1.0,,,0.2034610063,0.0,,,8.5
1838.7061,99.082000732,0.3012099862,0.097236,2.3069999218,1.2394000292,1.2805000544,1.0,0.3671000004,4.0,1.0,,,0.1995680034,0.0,,,8.5
1838.8585,98.941398621,0.3100900054,0.0984470025,2.3099999428,1.2289999723,1.2713999748,1.0,0.3907999992,4.0,1.0,,,0.1980679929,0.0,,,8.5
1839.0109,96.453102112,0.3102169931,0.091955997,2.3067998886,1.2131999731,1.2687000036,1.0,0.3874999881,4.0,1.0,,,0.1999409944,0.0,,,8.5
1839.1633,93.960899353,0.3002760112,0.0917410031,2.3138000965,1.1973999739,1.2660000324,1.0,0.3727000058,3.0,1.0,,,0.1955890059,0.0,,,8.5
1839.3157,93.066398621,0.292095989,0.0984470025,2.3118000031,1.1799999475,1.263299942,1.0,0.3517999947,3.0,1.0,,,0.1964759976,0.0,,,8.5
1839.4681,95.107398987,0.3024289906,0.1079410017,2.3029000759,1.159700036,1.2609000206,1.0,0.3361999989,3.0,1.0,4.9520120621,3.0824511051,0.2016140074,0.0,0.6948053241,0.4889000058,8.5
1839.6205,97.414100647,0.3024289906,0.1102489978,2.2916998863,1.1390000582,1.25849998,1.0,0.3526000082,4.0,1.0,,,0.2084960043,0.0,,,8.5
1839.7729,99.753898621,0.3010630012,0.1003350019,2.3036999702,1.1239999533,1.2573000193,1.0,0.3630999923,4.0,1.0,,,0.2014770061,0.0,,,8.5
1839.9253,102.17189789,0.3173879981,0.0754740015,2.3203999996,1.1227999926,1.2589999437,1.0,0.4192000031,4.0,1.0,,,0.1922390014,0.0,,,8.5
1840.0777,104.625,0.3472569883,0.0517630018,2.3266999722,1.1275999546,1.2619999647,1.0,0.4943999946,2.0,1.0,0.0099999998,0.0099999998,0.1894800067,0.0,-2.0,-2.0,8.5
1840.2301,106.53520203,0.3472569883,0.0469809994,2.322799921,1.135800004,1.2613999844,1.0,0.5282999873,2.0,1.0,0.0099999998,0.0099999998,0.1941179931,0.0,-2.0,-2.0,8.5
1840.3825,106.36329651,0.3472569883,0.0536939986,2.3185999393,1.1563999653,1.2470999956,1.0,0.5188999772,2.0,1.0,0.0099999998,0.0099999998,0.1981929988,0.0,-2.0,-2.0,8.5
1840.5349,104.18360138,0.3518980145,0.0629030019,2.3111000061,1.1891000271,1.2194999456,1.0,0.4875000119,2.0,1.0,,,0.1986490041,0.0,,,8.5
1840.6873,102.04100037,0.3479430079,0.064985998,2.3115000725,1.220600009,1.1923999786,1.0,0.4787999988,4.0,1.0,,,0.1983200014,0.0,,,8.5
1840.8397,100.46880341,0.3431389928,0.0640359968,2.3157999516,1.2324999571,1.1729999781,1.0,0.4726999998,4.0,1.0,,,0.1956650019,0.0,,,8.5
1840.9921,99.958503723,0.3271819949,0.0611670017,2.3297998905,1.2079000473,1.1678999662,1.0,0.4521000087,4.0,1.0,,,0.1870480031,0.0,,,8.5
1841.1445,99.448196411,0.3260810077,0.0681700036,2.3227000237,1.1833000183,1.162700057,1.0,0.4415999949,4.0,1.0,,,0.1911199987,0.0,,,8.5
1841.2969,99.018997192,0.3297919929,0.064985998,2.2964999676,1.1592999697,1.1576999426,1.0,0.4205000103,4.0,1.0,,,0.2064809948,0.0,,,8.5
1841.4493,98.80090332,0.3384099901,0.1024580002,2.2762000561,1.1368000507,1.1529999971,1.0,0.4171999991,4.0,1.0,,,0.2185799927,0.0,,,8.5
1841.6017,98.633201599,0.3449180126,0.098112002,2.276599884,1.1146999598,1.1484999657,1.0,0.4325000048,4.0,1.0,,,0.218502,0.0,,,8.5
1841.7541,98.340797424,0.3495259881,0.0625730008,2.3131999969,1.0971000195,1.1461999416,1.0,0.4842999876,4.0,1.0,,,0.1973699927,0.0,,,8.5
1841.9065,97.620101929,0.3444719911,0.0298580006,2.3531999588,1.0951999426,1.1513999701,1.0,0.5178999901,2.0,1.0,0.0099999998,0.0099999998,0.1739979982,0.0,-2.0,-2.0,8.5
1842.0589,96.600601196,0.3359279931,0.0060220002,2.38560009,1.1043000221,1.1619999409,1.0,0.5350999832,2.0,1.0,0.0099999998,0.0099999998,0.1549180001,0.0,-2.0,-2.0,8.5
1842.2113,95.819099426,0.3233290017,0.0174570009,2.3814001083,1.1143000126,1.1726000309,1.0,0.5015000105,2.0,1.0,0.0099999998,0.0099999998,0.1570120007,0.0,-2.0,-2.0,8.5
1842.3637,96.476600647,0.3205060065,0.0419000015,2.3750998974,1.1295000315,1.1829999685,1.0,0.4880000055,2.0,1.0,0.0099999998,0.0099999998,0.1605399996,0.0,-2.0,-2.0,8.5
1842.5161,99.308601379,0.3187710047,0.0419000015,2.3571000099,1.1525000334,1.192999959,1.0,0.4636999965,2.0,1.0,0.0099999998,0.0099999998,0.1709180027,0.0,-2.0,-2.0,8.5
1842.6685,102.14060211,0.328779012,0.0520110019,2.339099884,1.1756000519,1.2029999495,1.0,0.4661999941,2.0,1.0,0.0099999998,0.0099999998,0.1817010045,0.0,-2.0,-2.0,8.5
1842.8209,103.83010101,0.3386499882,0.0650670007,2.317800045,1.1881999969,1.2096999884,1.0,0.4647000134,2.0,1.0,,,0.1943400055,0.0,,,8.5
1842.9733,102.10549927,0.3431720138,0.068566002,2.3108999729,1.1696000099,1.2063000202,1.0,0.467200011,3.0,1.0,,,0.198514998,0.0,,,8.5
1843.1257,100.19730377,0.3448080122,0.0723730028,2.3055999279,1.1492999792,1.2022999525,1.0,0.464899987,3.0,1.0,,,0.1993290037,0.0,,,8.5
1843.2781,98.328102112,0.3379920125,0.0732119977,2.3092000484,1.1290999651,1.1964000463,1.0,0.4535000026,3.0,1.0,,,0.1993290037,0.0,,,8.5
1843.4305,96.601600647,0.3338069916,0.076481998,2.3083999157,1.109400034,1.1832000017,1.0,0.4429999888,3.0,1.0,,,0.1996770054,0.0,,,8.5
1843.5829,94.9375,0.3199889958,0.0847949982,2.296200037,1.0900000334,1.1668000221,1.0,0.3977000117,3.0,1.0,,,0.2063699961,0.0,,,8.5
1843.7353,93.522499084,0.3204779923,0.1001780033,2.2909998894,1.0781999826,1.1517000198,1.0,0.3928999901,3.0,1.0,,,0.2094260007,0.0,,,8.5
1843.8877,93.343803406,0.3198609948,0.0921169966,2.3004000187,1.1038999557,1.1433000565,1.0,0.4020999968,3.0,1.0,,,0.2039220035,0.0,,,8.5
1844.0401,94.529296875,0.3199889958,0.0848900005,2.3164999485,1.1713000536,1.1419999599,1.0,0.3932999969,3.0,1.0,,,0.194242999,0.0,,,8.5
1844.1925,95.697303772,0.3114989996,0.0847949982,2.3143000603,1.2374999523,1.1410000324,1.0,0.3986999989,3.0,1.0,,,0.1956209987,0.0,,,8.5
1844.3449,96.643997192,0.3174340129,0.0914459974,2.3027999401,1.2912000418,1.1417000294,1.0,0.399300009,3.0,1.0,,,0.2024420053,0.0,,,8.5
1844.4973,97.003898621,0.3316609859,0.1083609983,2.2743999958,1.3113000393,1.1471999884,1.0,0.3995999992,3.0,1.0,3.7508018017,3.595801115,0.2194329947,0.0,0.5741240978,0.5557956696,8.5
1844.6497,97.363296509,0.3333390057,0.1383000016,2.2397999763,1.3313000202,1.15260005,1.0,0.3643999994,3.0,1.0,3.7532000542,3.59739995,0.2395880073,0.0,-0.7129379511,-0.7221021651999999,8.5
1844.8021,97.533699036,0.3297039866,0.1805440038,2.1949000359,1.3360999823,1.1540999413,0.924300015,0.3054000139,3.0,0.924300015,3.7528984547,3.5961241722,0.2654260099,0.0,-2.0,-2.0,8.5
1844.9545,96.868202209,0.3432070017,0.1934960037,2.1716001034,1.2733999491,1.1380000114,0.8862000108,0.3098999858,1.0,0.8862000108,0.0099999998,0.0099999998,0.2796109915,0.0,-2.0,-2.0,8.5
1845.1069,96.034202576,0.3760659993,0.1824599952,2.1640999317,1.1970000267,1.1182999611,0.8450000286,0.3741999865,1.0,0.8450000286,0.0099999998,0.0099999998,0.2864379883,0.0,-2.0,-2.0,8.5
1845.2593,95.278800964,0.4048550129,0.1653349996,2.1619000435,1.1288000345,1.1006000042,0.8180999756,0.4395999908,1.0,0.8180999756,0.0099999998,0.0099999998,0.2874870002,0.0,-2.0,-2.0,8.5
1845.4117,94.961502075,0.4180069864,0.1553409994,2.1640999317,1.1054999828,1.0940999985,0.7987999916,0.4720999897,1.0,0.7987999916,0.0099999998,0.0099999998,0.2865099907,0.0,-2.0,-2.0,8.5
1845.5641,94.959396362,0.4081220031,0.1770749986,2.1472001076,1.1145999432,1.095600009,0.7965000272,0.4304000139,1.0,0.7965000272,0.0099999998,0.0099999998,0.2966449857,0.0,-2.0,-2.0,8.5
1845.7165,94.874000549,0.3997200131,0.2190939933,2.1540000439,1.1296000481,1.100399971,0.7522000074,0.3659999967,1.0,0.7522000074,0.0099999998,0.0099999998,0.3207809925,0.0,-2.0,-2.0,8.5
1845.8689,94.138702393,0.4036160111,0.112741001,2.1540000439,1.1900999546,1.1311000586,0.856400013,0.5041999817,1.0,0.856400013,0.0099999998,0.0099999998,0.2527909875,0.0,-2.0,-2.0,8.5
1846.0213,92.208999634,0.4149610102,0.1387770027,2.0985999107,1.334800005,1.2094000578,0.7501999736,0.4487999976,1.0,0.7501999736,0.0099999998,0.0099999998,0.2634490132,0.0,-2.0,-2.0,8.5
1846.1737,90.279296875,0.4289909899,0.1869869977,2.1540000439,1.4795000553,1.2876000404,0.5558000207,0.4092000127,1.0,0.5558000207,0.0099999998,0.0099999998,0.3006469905,0.0,-2.0,-2.0,8.5
1846.3261,87.843803406,0.4265550077,0.1709720045,2.2249000072,1.6298999786,1.3755999804,0.611100018,0.3788000047,1.0,0.611100018,0.0099999998,0.0099999998,0.276165992,0.0,-2.0,-2.0,8.5
1846.4785,82.390602112,0.4145590067,0.1700260043,2.2623000145,1.8131999969,1.5211999416,0.6000999808,0.3510999978,1.0,0.6000999808,0.0099999998,0.0099999998,0.2675249875,0.0,-2.0,-2.0,8.5
1846.6309,76.890602112,0.3820149899,0.1570769995,2.276599884,1.9967999458,1.668200016,0.6338999867,0.3300999999,1.0,0.6338999867,0.0099999998,0.0099999998,0.2487339973,0.0,,,8.5
1846.7833,71.226600647,0.3206650019,0.1429319978,2.2434999943,2.1675000191,1.8097000122,0.6801000237,0.3145000041,9.0,0.6801000237,,,0.2302670032,1.0,,,8.5
1846.9357,64.468803406,0.2729200125,0.1552339941,2.2434999943,2.243999958,1.9129999876,0.7702999711,0.2508000135,9.0,0.7702999711,265.1323193349,222.37006652990001,0.2248769999,1.0,2.7244856358,2.6480915546,8.5
1847.0881,57.265598297,0.2508470118,0.1845249981,2.2434999943,2.2825000286,2.0009999275,0.7743999958,0.1802999973,9.0,0.7743999958,,,0.2345770001,1.0,,,8.5
1847.2405,50.398399353,0.2680479884,0.2027660012,2.228399992,2.320800066,2.0873000622,0.7297000289,0.1580000073,9.0,0.7297000289,,,0.2466260046,1.0,,,8.5
1847.3929,46.601299286,0.2664920092,0.2294279933,2.2054998875,2.3571000099,2.1591999531,0.6862000227,0.1243999973,9.0,0.6862000227,3119.3808594,2746.2824707,0.2639650106,1.0,3.4940683842,3.4387450218,8.5
1847.5453,46.429199219,0.2591319978,0.2351689935,2.1939001083,2.3910999298,2.214099884,0.6646000147,0.1229000017,9.0,0.6646000147,3122.4289551,2752.2175293,0.2692799866,1.0,3.4944925308,3.4396827221,8.5
1847.6977,46.26789856,0.2686010003,0.2394510061,2.1851000786,2.4254000187,2.2686998844,0.6481999755,0.1215000004,9.0,0.6481999755,3123.8811035,2755.7946777,0.2731629908,1.0,3.4946944714,3.4402468204,8.5
1847.8501,46.273899078,0.2590680122,0.2351330072,2.1874001026,2.4644999504,2.3171999454,0.6525999904,0.1215000004,9.0,0.6525999904,3123.7666016,2757.9904785,0.268855989,1.0,3.4946856499,3.4405999184,8.5
1848.0025,46.904800415,0.2591319978,0.2378959954,2.1772999763,2.5215001106,2.3436999321,0.6298000216,0.124499999,9.0,0.6298000216,3122.4289551,2752.2175293,0.272435993,1.0,,,8.5
1848.1549,47.534698486,0.2510829866,0.2415779978,2.1786000729,2.5785999298,2.3699998856,0.635800004,0.1076000035,9.0,0.635800004,,,0.2714439929,1.0,,,8.5
1848.3073,48.077098846,0.2485080063,0.2473870069,2.1737999916,2.632999897,2.3951001167,0.6287999749,0.0962999985,9.0,0.6287999749,,,0.2741079926,1.0,,,8.5
1848.4597,47.621601105,0.2510829866,0.2424589992,2.1839001179,2.6586999893,2.4054000378,0.6423000097,0.0927999988,9.0,0.6423000097,,,0.2681989968,1.0,,,8.5
1848.6121,47.002399445,0.2400400043,0.2469500005,2.1800999641,2.6796000004,2.4133000374,0.6402999759,0.0841000006,9.0,0.6402999759,,,0.2702839971,1.0,,,8.5
1848.7645,46.53319931,0.2417149991,0.2374520004,2.1896998882,2.6993000507,2.4207999706,0.6399000287,0.0987000018,9.0,0.6399000287,,,0.2648360133,1.0,,,8.5
1848.9169,48.242198944,0.2573899925,0.242328003,2.1733000278,2.7016000748,2.4235999584,0.6006000042,0.1159999967,9.0,0.6006000042,,,0.2745069861,1.0,,,8.5
1849.0693,51.468799591,0.2712669969,0.253591001,2.1510000229,2.6914999485,2.4230000973,0.5659999847,0.1224000007,9.0,0.5659999847,2449.1391602,2168.8483887,0.2875469923,1.0,3.3890376091,3.3362512589,8.5
1849.2217,54.634799957,0.2774870098,0.2731980085,2.1415998936,2.6812000275,2.4226999283,0.5496000051,0.1068999991,9.0,0.5496000051,1516.3909912,1408.2886963,0.3028410077,1.0,3.1808116436,3.1486918926,8.5
1849.3741,56.53319931,0.280144006,0.2740620077,2.1415998936,2.6644999981,2.4293999672,0.5460000038,0.1098999977,9.0,0.5460000038,1738.0220947,1541.6375732,0.2929799855,1.0,3.2400550842,3.1879820824,8.5
1849.5265,55.75,0.2719379961,0.2647199929,2.1415998936,2.6342000961,2.4505999088,0.550999999,0.1224000007,9.0,0.550999999,1732.4224854,1538.4152832,0.2929799855,1.0,3.2386536598,3.1870734692,8.5
1849.6789,54.96680069,0.2719379961,0.2566649914,2.1398999691,2.6038999557,2.4718000889,0.5536999702,0.1351000071,9.0,0.5536999702,1738.0220947,1541.6375732,0.2941209972,1.0,3.2400550842,3.1879820824,8.5
1849.8313,54.099601746,0.2719379961,0.2615309954,2.1415998936,2.5764000416,2.4927999973,0.5796999931,0.1133999974,9.0,0.5796999931,1743.4628906,1545.9633789,0.2929799855,1.0,3.2413873672,3.1891739368,8.5
1849.9837,51.644500732,0.2678230107,0.2583999932,2.1480000019,2.6045999527,2.5088999271,0.5853000283,0.1111999974,9.0,0.5853000283,2447.0336914,2167.2324219,0.2892389894,1.0,3.3887324333,3.3359973431,8.5
1850.1361,49.191398621,0.2661539912,0.2450529933,2.1642999649,2.6328001022,2.5250000954,0.5898000002,0.1257999986,9.0,0.5898000002,3240.8706055,2266.2763672,0.279915005,1.0,3.5106639862,3.3553128242,8.5
1850.2885,46.751998901,0.2648119926,0.2380760014,2.1803998947,2.6603000164,2.5404999256,0.6028000116,0.1111999974,9.0,0.6028000116,3125.6225586,2271.0244141,0.2729170024,1.0,3.4948859215,3.3561990261,8.5
1850.4409,45.025398254,0.2587270141,0.2374069989,2.1837000847,2.6540999413,2.5287001133,0.6292999983,0.1103999987,9.0,0.6292999983,2571.6650391,2266.2763672,0.2680149972,1.0,3.4102144241,3.3553128242,8.5
1850.5933,43.550800323,0.256408006,0.2439370006,2.1858999729,2.6354999542,2.5072000027,0.6349999905,0.0974000022,9.0,0.6349999905,2570.6269531,2271.0244141,0.2709299922,1.0,3.410025835,3.3561990261,8.5
1850.7457,42.082000732,0.2520309985,0.2488249987,2.1900000572,2.617000103,2.485699892,0.6446999907,0.0843999982,9.0,0.6446999907,3113.217041,3092.0515137,0.2722199857,1.0,3.493206501,3.4902436733,8.5
1850.8981,41.370800018,0.2587270141,0.2521719933,2.1900000572,2.5866999626,2.4639999866,0.6502000093,0.0781000033,9.0,0.6502000093,3260.2502441,3244.4436035,0.273822993,1.0,3.513229847,3.5111191273,8.5
1851.0505,41.573501587,0.2495580018,0.2478130013,2.1912000179,2.5423998833,2.4421999454,0.6657000184,0.0798999965,9.0,0.6657000184,3471.032959,3352.5146484,0.269957006,1.0,3.6395061016,3.5253705978,8.5
1851.2029,41.775901794,0.2331019938,0.241061002,2.1916999817,2.4981000423,2.4203000069,0.6890000105,0.0813999996,7.0,0.6890000105,3473.0319824,3354.5693359,0.2636139989,1.0,3.5407087803,3.5256369114,8.5
1851.3553,42.050498962,0.231941998,0.2417239994,2.1918001175,2.4539999962,2.393599987,0.6985999942,0.0789000019,7.0,0.6985999942,3471.032959,3352.5146484,0.2635700107,1.0,3.5404586792,3.5253705978,8.5
1851.5077,42.667999268,0.2349919975,0.2386869937,2.1932001114,2.410900116,2.3434998989,0.7030000091,0.0873999968,7.0,0.7030000091,3473.2619629,3354.7670898,0.2628880143,1.0,3.540730238,3.5256550312,8.5
1851.6601,43.290500641,0.2431959957,0.2351630032,2.1918001175,2.3678998947,2.293200016,0.7103000283,0.0951000005,7.0,0.7103000283,3501.0432129,3749.5908203,0.2615010142,1.0,3.54801142215,3.5739839077,8.5
1851.8125,43.912601471,0.2358350009,0.2335969955,2.198499918,2.3248999119,2.2428998947,0.7233999968,0.0952000022,7.0,0.7233999968,3487.1525879,3367.10791015,0.2599680126,1.0,3.5442025661,3.5288593769,8.5
1851.9649,44.070701599,0.2350399941,0.2366549969,2.1956999302,2.2221999168,2.1656000614,0.7427999973,0.0901999995,7.0,0.7427999973,3501.0432129,3379.4487305,0.2616449893,1.0,3.5442025661,3.5288593769,8.5
1852.1173,44.159900665,0.2449160069,0.2376819998,2.1891000271,2.110699892,2.0843999386,0.7468000054,0.1027000025,7.0,0.7468000054,3562.9633789,3538.4829102,0.2661390007,1.0,3.5518202782,3.5488259792,8.5
1852.2697,44.247299194,0.2502050102,0.2412890047,2.1844000816,1.9990999699,2.0030999184,0.7613999844,0.1035000011,7.0,0.7613999844,3059.6870117,3037.3059082,0.269957006,1.0,,,8.5
1852.4221,45.045898438,0.2515400052,0.2382159978,2.1860001087,1.9185999632,1.9372999668,0.7821999788,0.1106000021,7.0,0.7821999788,,,0.2688339949,1.0,,,8.5
1852.5745,46.324199677,0.2414029986,0.2405129969,2.1874001026,1.8592000008,1.8818999529,0.8120999932,0.0953999981,7.0,0.8120999932,,,0.2669180036,1.0,,,8.5
1852.7269,47.625,0.2312179953,0.2456970066,2.1886000633,1.8006999493,1.8270000219,0.8399999738,0.0734999999,7.0,0.8399999738,,,0.2660489976,1.0,,,8.5
1852.8793,49.382801056,0.2405200005,0.2602010071,2.165899992,1.7272000313,1.7527999878,0.8213999867,0.0692000017,9.0,0.8213999867,,,0.2793500125,1.0,,,8.5
1853.0317,52.089801788,0.245438993,0.2456970066,2.1517999172,1.6229000092,1.6389000416,0.8291000128,0.0644000024,9.0,0.8291000128,,,0.2878510058,1.0,,,8.5
1853.1841,54.859401703,0.2538030148,0.2512240112,2.1672999859,1.5167000294,1.5221999884,0.8776000142,0.1010000035,9.0,0.8776000142,807.2142334,708.27380371,0.2791759968,1.0,2.9070036411,2.8502151966,8.5
1853.3365,57.6875,0.2475579977,0.242019996,2.1821000576,1.4099999666,1.4070999622,0.9496999979,0.1035000011,9.0,0.9496999979,617.62213135,549.84173584,0.2706640065,1.0,2.7907376289,2.7402467728,8.5
1853.4889,61.582000732,0.2620190084,0.2430739999,2.1712999344,1.2897000313,1.3151999712,0.9732999802,0.1243000031,9.0,0.9732999802,472.24615479,471.27877808,0.2774749994,1.0,2.6741514206,2.6732664108,8.5
1853.6413,65.5625,0.2724860013,0.2699930072,2.1357998848,1.1683000326,1.2250000238,0.9538000226,0.108099997,9.0,0.9538000226,601.43334961,557.46112061,0.2999030054,1.0,2.7791264057,2.7462000847,8.5
1853.7937,69.539100647,0.2934089899,0.2884429991,2.1027998924,1.0470000505,1.1349999905,0.9455000162,0.1185000017,6.0,0.9455000162,1184.3427734,685.44378662,0.3212290108,1.0,3.0734610558,2.8359572887,8.5
1853.9461,73.765602112,0.2912760079,0.309085995,2.0820999146,0.9966999888,1.0951999426,0.942900002,0.0903000012,6.0,0.942900002,1494.9532471,843.27752686,0.3340609968,1.0,3.174567461,2.9259061813,8.5
1854.0985,78.097702026,0.2998029888,0.3077810109,2.0780000687,0.9743999839,1.0755000114,0.9434000254,0.1052000001,6.0,0.9434000254,1179.6090088,652.72698975,0.3368789852,1.0,3.0717670918,2.8147742748,8.5
1854.2509,82.433601379,0.305370003,0.2826789916,2.1357998848,0.954400003,1.057199955,0.9904000163,0.144600004,6.0,0.9904000163,634.69378662,208.01730347,0.3013800085,1.0,2.8028130531,2.3182849884,8.5
1854.4033,84.548797607,0.3088549972,0.2484710068,2.1361000538,0.9545000196,1.0443999767,1.0,0.191200003,6.0,1.0,1188.2333984,343.19900513,0.3013800085,1.0,3.0749502182,2.5355918407,8.5
1854.5557,84.086898804,0.3109430075,0.2181989998,2.1670000553,0.9781000018,1.0376000404,1.0,0.2309000045,6.0,1.0,,,0.2820740044,1.0,,,8.5
1854.7081,83.345703125,0.2998029888,0.2031210065,2.1874001026,1.0041999817,1.0314999819,1.0,0.2390999943,6.0,1.0,,,0.2692649961,1.0,,,8.5
1854.8605,81.435501099,0.2992640138,0.1883050054,2.2074999809,1.0238000154,1.0257999897,1.0,0.2222000062,6.0,1.0,520.38208008,123.60101318,0.257438004,1.0,2.7163221836,2.5355918407,8.5
1855.0129,74.921897888,0.2900789976,0.2031210065,2.2074999809,1.0181000233,1.0211000443,1.0,0.2222000062,6.0,1.0,518.07299805,437.82476807,0.257438004,1.0,2.71439147,2.6412940025,8.5
1855.1653,67.781196594,0.2749199867,0.2031210065,2.2074999809,1.0089999437,1.0164999962,1.0,0.2222000062,6.0,1.0,520.38208008,437.82476807,0.257438004,1.0,2.7163221836,2.6412940025,8.5
1855.3177,60.625,0.2685959935,0.2031210065,2.2074999809,0.9998999834,1.0119999647,1.0,0.1911000013,6.0,1.0,520.85565186,481.0843811,0.257438004,1.0,2.71671772,2.6822214127,8.5
1855.4701,59.793300629,0.2652260065,0.209901005,2.2074999809,0.9987999797,1.0132000446,1.0,0.1626999974,9.0,1.0,518.07299805,479.07830811,0.257438004,1.0,2.71439147,2.6804068089,8.5
1855.6225,60.445301056,0.2667880058,0.2191399932,2.2042000294,0.9995999932,1.0159000158,1.0,0.1529999971,9.0,1.0,514.01062012,475.855896,0.2614470124,1.0,2.7109932899,2.6774933338,8.5
1855.7749,61.179698944,0.2667880058,0.224217996,2.2014000416,1.0004999638,1.018599987,1.0,0.1404999942,9.0,1.0,520.38208008,479.07830811,0.2630690038,1.0,2.7163221836,2.6804068089,8.5
1855.9273,60.136699677,0.2606700063,0.2359199971,2.1902000904,0.9810000062,1.0031000376,1.0,0.1312000006,9.0,1.0,520.85565186,399.42330933,0.2695949972,1.0,2.71671772,2.6015453339,8.5
1856.0797,57.808601379,0.2649529874,0.2406300008,2.182199955,0.9466999769,0.9743000269,1.0,0.1221000031,9.0,1.0,626.95019531,556.38189697,0.2743920088,1.0,2.7972080708,2.7453482151,8.5
1856.2321,55.302700043,0.2721810043,0.2420910001,2.1756999493,0.9103000164,0.9437000155,1.0,0.1221000031,9.0,1.0,877.14508057,776.2824707,0.2783460021,1.0,2.9435772896,2.8905241489,8.5
1856.3845,52.597698212,0.2728390098,0.2463349998,2.1707000732,0.8763999939,0.9162999988,1.0,0.1265999973,9.0,1.0,2436.0126953,2152.1083984,0.2813270092,1.0,3.3866505623,3.332834959,8.5
1856.5369,49.539100647,0.2771559954,0.2580609918,2.1551001072,0.8475999832,0.8953999877,1.0,0.1177999973,9.0,1.0,3067.3037109,3144.0400391,0.2906120121,1.0,3.4867594242,3.4974844456,8.5
1856.6893,46.410198212,0.2743819952,0.2800959945,2.1551001072,0.8197000027,0.8756999969,1.0,0.0790000036,7.0,1.0,3067.3037109,3322.6577148,0.3063049912,1.0,3.4867594242,3.5214877129,8.5
1856.8417,43.328098297,0.281866014,0.2938219905,2.1131000519,0.7943000197,0.8567000031,1.0,0.0780000016,7.0,1.0,3213.7609863,3206.1276855,0.3153870106,1.0,3.5070157051,3.5059828758,8.5
1856.9941,40.802700043,0.2779090106,0.2876969874,2.1224000454,0.7975000143,0.8457999825,1.0,0.0800999999,7.0,1.0,3105.8879395,3097.0883789,0.3098289967,1.0,3.4921865463,3.4909548759,8.5
1857.1465,38.400398254,0.2737750113,0.2827079892,2.1468000412,0.8069000244,0.8367000222,1.0,0.0639000013,7.0,1.0,3067.3037109,3032.3491211,0.3003630042,1.0,3.4867594242,3.4817817211,8.5
1857.2989,35.996101379,0.2681159973,0.2800959945,2.1693000793,0.8162999749,0.8276000023,1.0,0.0639000013,9.0,1.0,2937.8500977,2908.9226074,0.291960001,1.0,3.4680213928,3.4637241364,8.5
1857.4513,35.40140152,0.2555910051,0.2790560126,2.1668000221,0.8203999996,0.8212000132,1.0,0.0639000013,9.0,1.0,3315.6572266,3277.1704102,0.289485991,1.0,3.5205750465,3.5155141354,8.5
1857.6037,35.699699402,0.2557390034,0.2822049856,2.1456999779,0.8219000101,0.8162000179,1.0,0.0403999984,9.0,1.0,3028.5668945,2490.4333496,0.2933520079,1.0,3.4812479019,3.3962855339,8.5
1857.7561,36.111801147,0.2737750113,0.2851330042,2.1456999779,0.8231999874,0.8113999963,1.0,0.0439000018,9.0,1.0,2516.8735352,2071.2526855,0.2972719967,1.0,3.4008426666,3.3161971569,8.5
1857.9085,40.128898621,0.2739680111,0.2807820141,2.1368000507,0.8220999837,0.8079000115,1.0,0.0790000036,7.0,1.0,3268.2490234,3256.5478516,0.3025900126,1.0,3.5143406391,3.5127489567,8.5
1858.0609,48.398399353,0.2908810079,0.2709090114,2.1317999363,0.8184999824,0.8059999943,1.0,0.1216999963,7.0,1.0,3560.7568359,3157.2507324,0.3045220077,1.0,3.5515608788,3.4993276596,8.5
1858.2133,57.593799591,0.299921006,0.2718220055,2.1247000694,0.8141999841,0.8044999838,1.0,0.1342000067,9.0,1.0,2507.361084,2223.5441895,0.3088729978,1.0,3.3990511894,3.3468868732,8.5
1858.3657,64.632797241,0.3121140003,0.2660270035,2.122699976,0.8076000214,0.8022000194,1.0,0.1601999998,9.0,1.0,1050.5922852,983.11297607,0.3102610111,1.0,3.0214335918,2.9926030636,8.5
1858.5181,57.9375,0.3121140003,0.2744539976,2.1124999523,0.7930999994,0.7975000143,1.0,0.1649000049,7.0,1.0,1058.8256836,989.97143555,0.3160269856,1.0,3.0248224735,2.9956207275,8.5
1858.6705,62.066398621,0.3121140003,0.2853240073,2.0873999596,0.7764000297,0.7919999957,1.0,0.1704999954,7.0,1.0,1093.8967285,1022.625,0.3323900104,1.0,3.0389564037,3.0096969604,8.5
1858.8229,59.771499634,0.3198229969,0.3097740114,2.1124999523,0.7598000169,0.7865999937,1.0,0.1162,9.0,1.0,1438.3735352,1336.5373535,0.3160269856,1.0,3.1578574181,3.1259691715,8.5
1858.9753,57.9375,0.3157289922,0.2963719964,2.0880000591,0.7814999819,0.8001999855,1.0,0.126699999,9.0,1.0,1767.7145996,1588.7459717,0.3313489854,1.0,3.2473883629,3.2010242939,8.5
1859.1277,56.273399353,0.2986679971,0.2838760018,2.1124999523,0.8173999786,0.820900023,1.0,0.1164999977,9.0,1.0,2192.0192871,2033.5904541,0.3160269856,1.0,3.3408443928,3.3082635403,8.5
1859.2801,54.617198944,0.2942529917,0.2787210047,2.1210999489,0.8537999988,0.8417999744,1.0,0.1165999994,9.0,1.0,2198.1459961,2040.942749,0.3108960092,1.0,3.3420565128,3.309830904,8.5
1859.4325,54.210899353,0.2788470089,0.2881970108,2.1212999821,0.8715999722,0.8450999856,1.0,0.0808999985,9.0,1.0,2196.0114746,2037.269165,0.3105190098,1.0,3.3416347504,3.3090484142,8.5
1859.5849,54.833999634,0.2862670124,0.2924979925,2.1115999222,0.8741000295,0.8338000178,1.0,0.0864000022,9.0,1.0,2192.0192871,2033.5904541,0.3163540065,1.0,3.3408443928,3.3082635403,8.5
1859.7373,55.666999817,0.2908500135,0.2841660082,2.1175000668,0.8734999895,0.8195000291,1.0,0.1042999998,9.0,1.0,2193.2624512,2036.4133301,0.312947005,1.0,3.3410754204,3.3088452816,8.5
1859.8897,55.651901245,0.2995530069,0.276165992,2.1203000546,0.8644000292,0.8052999973,1.0,0.1279000044,9.0,1.0,2196.0114746,2037.269165,0.3114680052,1.0,3.3416347504,3.3090484142,8.5
1860.0421,54.039100647,0.2897790074,0.2809720039,2.1217000484,0.8392999768,0.7910000086,1.0,0.1068999991,9.0,1.0,2203.3395996,2045.1479492,0.310458988,1.0,3.343095541,3.3107411861,8.5
1860.1945,51.935501099,0.2867760062,0.2978670001,2.1054000854,0.8093000054,0.7767999768,1.0,0.0802000016,9.0,1.0,1706.7419434,1511.8997803,0.319986999,1.0,3.232228756,3.1795685291,8.5
1860.3469,49.976600647,0.2881219983,0.2978670001,2.0919001102,0.7806000113,0.7633000016,1.0,0.0670000017,9.0,1.0,2073.3344727,1755.1320801,0.327937007,1.0,3.3166234493,3.244248867,8.5
1860.4993,49.150398254,0.3039579988,0.3002519906,2.0913999081,0.7621999979,0.7559999824,1.0,0.1033999994,9.0,1.0,3582.9458008,3452.9802246,0.3287740052,1.0,3.5542402267,3.5381941795,8.5
1860.6517,48.774398804,0.3016459942,0.2993040085,2.0938999653,0.7480000257,0.7511000037,1.0,0.1010000035,9.0,1.0,3583.0239258,3453.112793,0.3271560073,1.0,3.5542562008,3.5382194519,8.5
1860.8041,48.399398804,0.2947899997,0.2988690138,2.0989000797,0.7336999774,0.7462999821,1.0,0.0909999982,9.0,1.0,3211.560791,2981.0505371,0.3239580095,1.0,3.5067358017,3.4743888378,8.5
1860.9565,51.675800323,0.2907289863,0.2932170033,2.1078000069,0.7450000048,0.7602000237,1.0,0.0922000036,9.0,1.0,2211.2160645,2051.3747559,0.3186590075,1.0,3.3446450233,3.312060833,8.5
1861.1089,57.289100647,0.2913329899,0.2716119885,2.1308000088,0.7724999785,0.7861999869,1.0,0.1215000004,9.0,1.0,1728.1636963,1532.7120361,0.3051199913,1.0,3.2376048565,3.185479641,8.5
1861.2613,63.218799591,0.2998790145,0.2205380052,2.1805000305,0.8022000194,0.8137999773,1.0,0.2013999969,3.0,1.0,1178.984375,1069.1379395,0.2760699987,1.0,3.0714805126,3.0290093422,8.5
1861.4137,69.289100647,0.2962479889,0.2120400071,2.2130000591,0.8399999738,0.8389999866,1.0,0.2321999967,3.0,1.0,1178.984375,1069.1379395,0.2568340003,1.0,3.2290933132,3.1714038849,8.5
1861.5661,75.546897888,0.3043740094,0.2020259947,2.1926999092,0.888100028,0.861100018,1.0,0.2720000148,3.0,1.0,1110.1209717,1046.2116699,0.2690699995,1.0,3.0451219082,3.0193572044,8.5
1861.7185,81.867202759,0.2999689877,0.2004290074,2.2021999359,0.9394999743,0.8823999763,1.0,0.2278999984,3.0,1.0,142.74127197,83.689056396,0.2632499933,1.0,2.154604435,1.9227267504,8.5
1861.8709,87.507797241,0.305554986,0.2120400071,2.1858999729,0.9822000265,0.9059000015,1.0,0.2211000025,8.0,1.0,18.163499832,6.2602000237,0.2729969919,1.0,1.2589657307,0.7964417934,8.5
1862.0233,91.066398621,0.311480999,0.2020259947,2.1926999092,0.9984999895,0.9368000031,1.0,0.2432000041,8.0,1.0,3.2635920048,3.0446412563,0.2690699995,1.0,0.5743668675,0.556037128,8.5
1862.1757,93.716796875,0.3247160017,0.1597850025,2.2295999527,1.0033999681,0.9707999825,1.0,0.318599999,8.0,1.0,3.7528998852,3.5954999924,0.2476010025,1.0,0.5743668675,0.5557593107,8.5
1862.3281,96.375,0.3174920082,0.1230660006,2.2741999626,1.0082999468,1.004799962,1.0,0.3555999994,4.0,1.0,3.7508833408,3.5950489044,0.2210910022,0.0,0.5741443634,0.5557168722,8.5
1862.4805,98.755897522,0.3164910078,0.1051530018,2.2943000793,1.0336999893,1.0341000557,1.0,0.3774999976,4.0,1.0,3.1071174145,2.9084525108,0.2091999948,0.0,0.5743668675,0.556037128,8.5
1862.6329,100.98049927,0.3070900142,0.125703007,2.2783999443,1.0706000328,1.0607000589,1.0,0.3364000022,4.0,1.0,3.7528011799,3.5978012085,0.2184139937,0.0,0.5743555427,0.556037128,8.5
1862.7853,103.21479797,0.3094750047,0.1335539967,2.2683000565,1.1076999903,1.0873999596,1.0,0.3298000097,4.0,1.0,3.7542006969,3.5993003845,0.2244320065,0.0,0.5745174885,0.5562180877,8.5
1862.9377,103.92019653,0.3064579964,0.1377460063,2.2657999992,1.1267000437,1.1045000553,1.0,0.3197000027,4.0,1.0,3.7550005913,3.5999000072,0.2258470058,0.0,0.5746099949,0.5562904477,8.5
1863.0901,103.12400055,0.303339988,0.1475789994,2.2572999001,1.1279000044,1.111899972,1.0,0.3021999896,4.0,1.0,3.755500555,3.5999000072,0.2308280021,0.0,0.5746678114,0.5562904477,8.5
1863.2425,101.96389771,0.2983570099,0.160698995,2.2464001179,1.1248999834,1.1171000004,1.0,0.277399987,3.0,1.0,3.7561004162,3.5998001099,0.2371349931,1.0,0.5747371912,0.5562784076,8.5
1863.3949,101.1128006,0.2961699963,0.1733040065,2.2342998981,1.1182999611,1.1198999882,1.0,0.2786999941,3.0,1.0,3.7565999031,3.5998001099,0.2442789972,1.0,0.5747949481,0.5562784076,8.5
1863.5473,100.85569763,0.303339988,0.1758719981,2.2328000069,1.1049000025,1.1181999445,1.0,0.2786999941,3.0,1.0,3.7567000389,3.5996999741,0.2450869977,1.0,0.5748065114,0.5562663078,8.5
1863.6997,100.85540009,0.3001599908,0.1723040044,2.2327001095,1.0885000229,1.1145999432,1.0,0.2649999857,3.0,1.0,3.7564995289,3.5995995998,0.2452979982,1.0,0.5747833252,0.5562542081,8.5
1863.8521,100.59230042,0.3034760058,0.1656969935,2.2376000881,1.0719000101,1.1103999615,1.0,0.2786999941,3.0,1.0,3.7558000088,3.5991001129,0.242452994,1.0,0.5747023821,0.5561938286,8.5
1864.0045,98.707000732,0.307723999,0.1604419947,2.2404000759,1.0541000366,1.1030000448,1.0,0.2919999957,3.0,1.0,3.7547991276,3.5979988575,0.240861997,1.0,0.5745867491,0.5560610294,8.5
1864.1569,95.839797974,0.3065800071,0.159097001,2.2427000999,1.035599947,1.0936000347,1.0,0.2919999957,3.0,1.0,3.7537000179,3.5964000225,0.2395190001,1.0,0.5744096041,0.5558123589,8.5
1864.3093,92.968803406,0.3083119988,0.1630090028,2.2372999191,1.0170999765,1.084100008,1.0,0.2896000147,3.0,1.0,3.0956025124,2.8940029144,0.2427400053,1.0,0.5744096041,0.5558123589,8.5
1864.4617,92.349601746,0.3147349954,0.1578339934,2.2386000156,1.0191999674,1.0836999416,1.0,0.3061000109,3.0,1.0,3.0990040302,2.8977050781,0.2421080023,1.0,0.5331798643,0.5094047785,8.5
1864.6141,93.679702759,0.321525991,0.1436859965,2.2493000031,1.0391999483,1.0908999443,1.0,0.3348999918,3.0,1.0,3.104203701,2.9040048122,0.2358900011,0.0,0.4919501245,0.4629971981,8.5
1864.7665,95.251998901,0.3224030137,0.1150809973,2.2797000408,1.0613000393,1.0990999937,1.0,0.3476999998,4.0,1.0,,,0.2179419994,0.0,,,8.5
1864.9189,96.399398804,0.3263660073,0.1009130031,2.2923998833,1.0799000263,1.1047999859,1.0,0.3982000053,4.0,1.0,,,0.2105190009,0.0,,,8.5
1865.0713,96.930900574,0.3235940039,0.1066249982,2.2881000042,1.0932999849,1.1071000099,1.0,0.386500001,4.0,1.0,,,0.2130129933,0.0,,,8.5
1865.2237,97.236099243,0.3188900054,0.1155000031,2.2816998959,1.1049000025,1.1080000401,1.0,0.3677999973,4.0,1.0,3.1076967716,2.908796072,0.2167239934,0.0,0.5333739668499999,0.50979070365,8.5
1865.3761,97.510002136,0.3100979924,0.120633997,2.2820000648,1.1132999659,1.1090999842,1.0,0.3476999998,4.0,1.0,3.1040194035,2.9045543671,0.2163300067,0.0,0.5743092299,0.5558680296,8.5
1865.5285,97.689498901,0.3087880015,0.1321740001,2.2704000473,1.1123000383,1.1110999584,1.0,0.3305999935,4.0,1.0,3.7523999214,3.5964000225,0.2231670022,0.0,0.5743092299,0.5558680296,8.5
1865.6809,97.812400818,0.311785996,0.1499339938,2.2492001057,1.1055999994,1.113499999,1.0,0.3120000064,4.0,1.0,3.7535004616,3.5972003937,0.2357829958,0.0,0.5744364858,0.5559645891,8.5
1865.8333,97.94039917,0.3157840073,0.1590490043,2.2585999966,1.0989999771,1.1159000397,1.0,0.3061000109,4.0,1.0,3.7539999485,3.597700119,0.2306649983,0.0,0.5744942427,0.5560249686,8.5
1865.9857,98.247596741,0.3245759904,0.1454519928,2.2453999519,1.0954999924,1.1151000261,1.0,0.3373000026,4.0,1.0,,,0.2382470071,0.0,,,8.5
1866.1381,98.707000732,0.3381690085,0.1255609989,2.2578999996,1.0945999622,1.1117999554,1.0,0.3838999867,4.0,1.0,,,0.2311870009,0.0,,,8.5
1866.2905,99.166000366,0.3411850035,0.116752997,2.2653999329,1.0937000513,1.1083999872,1.0,0.400000006,4.0,1.0,,,0.2268030047,0.0,,,8.5
1866.4429,99.611801147,0.3323970139,0.1285299957,2.2585999966,1.0910999775,1.1068999767,1.0,0.3713000119,4.0,1.0,3.7527010441,3.5979001522,0.2306649983,0.0,0.5743439198,0.5560491085,8.5
1866.5953,100.04000092,0.3122180104,0.1416569948,2.2578999996,1.0865000486,1.1074999571,1.0,0.3235000074,4.0,1.0,3.7538006306,3.5982003212,0.2306360006,0.0,0.5744711757,0.5560853481,8.5
1866.7477,100.46389771,0.2966369987,0.1519609988,2.2572000027,1.0813000202,1.1088000536,1.0,0.2863999903,4.0,1.0,3.7546000481,3.598400116,0.2307209969,0.0,0.5745636821,0.5561094284,8.5
1866.9001,100.74569702,0.2928360105,0.1508239955,2.260999918,1.0800000429,1.1102000475,1.0,0.282099992,4.0,1.0,3.7546994686,3.598400116,0.2284010053,0.0,0.5745751858,0.5561094284,8.5
1867.0525,100.72730255,0.3003959954,0.1436759979,2.2637000084,1.0868999958,1.1121000051,1.0,0.3028999865,4.0,1.0,3.7541995049,3.5982997417,0.2269760072,0.0,0.5745173693,0.5560973287,8.5
1867.2049,100.5483017,0.3079130054,0.1341730058,2.2690000534,1.098099947,1.114199996,1.0,0.3267999887,4.0,1.0,3.7534995079,3.5980000496,0.2240239978,0.0,0.5744363666,0.5560611486,8.5
1867.3573,100.58229828,0.3129380047,0.1236139983,2.2769999504,1.1074999571,1.1161999702,1.0,0.3481999934,4.0,1.0,3.7528998852,3.5979003906,0.2193540037,0.0,0.5743669868,0.5560491085,8.5
1867.5097,101.75589752,0.3172619939,0.1182139963,2.2799999714,1.1066999435,1.1174000502,1.0,0.3617999852,4.0,1.0,3.7528998852,3.5985000134,0.2176939994,0.0,0.5743670464,0.5561215878,8.5
1867.6621,103.90039825,0.324007988,0.1159799993,2.2778999805,1.0973000526,1.1180000305,1.0,0.375,4.0,1.0,3.7536010742,3.5997009277,0.2190759927,0.0,0.5744481087,0.556266427,8.5
1867.8145,106.04489899,0.3165050149,0.1275990009,2.2702999115,1.0879000425,1.1186000109,1.0,0.3483999968,4.0,1.0,3.7550001144,3.6010000706,0.2233799994,0.0,0.5746100545,0.5564231873,8.5
1867.9669,107.18920135,0.308517009,0.1408330053,2.2613999844,1.0878000259,1.1187000275,1.0,0.3190000057,4.0,1.0,3.756300211,3.6020002365,0.2285169959,0.0,0.5747603178,0.5565437078,8.5
1868.1193,107.10959625,0.3051120043,0.1503529996,2.2534000874,1.0992000103,1.1181999445,1.0,0.3014000058,4.0,1.0,3.7566988468,3.6022992134,0.2331860065,0.0,0.5748063922,0.5565798283,8.5
1868.2717,106.91159821,0.3155010045,0.1329240054,2.2653000355,1.1116000414,1.1175999641,1.0,0.339899987,4.0,1.0,,,0.2263550013,0.0,,,8.5
1868.4241,106.40329742,0.3197810054,0.0927250013,2.3059000969,1.1169999838,1.1179000139,1.0,0.398999989,4.0,1.0,,,0.202372998,0.0,,,8.5
1868.5765,105.34470367,0.3261269927,0.0503970012,2.34739995,1.1098999977,1.1198999882,1.0,0.4638000131,4.0,1.0,0.0099999998,0.0099999998,0.1778510064,0.0,0.5747603178,0.5565437078,8.5
1868.7289,104.0625,0.3255159855,0.0539509989,2.3440001011,1.0976999998,1.122699976,1.0,0.4582999945,4.0,1.0,,,0.1798740029,0.0,,,8.5
1868.8813,102.64649963,0.3361720145,0.0810860023,2.3076000214,1.0882999897,1.1248999834,1.0,0.4390999973,4.0,1.0,,,0.2017379999,0.0,,,8.5
1869.0337,100.80079651,0.341053009,0.1071830019,2.2760000229,1.0874999762,1.1258000135,1.0,0.412499994,4.0,1.0,,,0.220502004,0.0,,,8.5
1869.1861,98.626998901,0.3379830122,0.0969559997,2.285900116,1.0932999849,1.1254999638,1.0,0.4287,4.0,1.0,,,0.2147320062,0.0,,,8.5
1869.3385,96.509803772,0.3437219858,0.0768570006,2.3071000576,1.0988999605,1.1253999472,1.0,0.456099987,2.0,1.0,0.0099999998,0.0099999998,0.2021590024,0.0,-2.0,-2.0,8.5
1869.4909,95.295196533,0.3413490057,0.0627230033,2.3239998817,1.1014000177,1.1292999983,1.0,0.4709999859,2.0,1.0,0.0099999998,0.0099999998,0.192087993,0.0,-2.0,-2.0,8.5
1869.6433,95.197303772,0.3379830122,0.0733549967,2.314800024,1.100200057,1.138100028,1.0,0.4519999921,2.0,1.0,0.0099999998,0.0099999998,0.197499007,0.0,-2.0,-2.0,8.5
1869.7957,95.099403381,0.323112011,0.0925699994,2.3039999008,1.0989999771,1.1469000578,1.0,0.4043000042,2.0,1.0,0.0099999998,0.0099999998,0.2036080062,0.0,,,8.5
1869.9481,94.649398804,0.3217209876,0.1010999978,2.2957000732,1.1024999619,1.1549999714,1.0,0.3910999894,3.0,1.0,,,0.2084909976,0.0,,,8.5
1870.1005,93.598602295,0.3191869855,0.0989750028,2.2997000217,1.1143000126,1.1619000435,1.0,0.3899999857,3.0,1.0,,,0.2060649991,0.0,,,8.5
1870.2529,92.405296326,0.3196130097,0.0748360008,2.3255000114,1.1279000044,1.1685999632,1.0,0.4221000075,3.0,1.0,,,0.1907480061,0.0,,,8.5
1870.4053,92.036102295,0.3200210035,0.0450199991,2.3575000763,1.1394000053,1.1735999584,1.0,0.4616000056,3.0,1.0,,,0.1717579961,0.0,,,8.5
1870.5577,93.730499268,0.3390220106,0.0312630013,2.3596000671,1.1454000473,1.174399972,1.0,0.508400023,2.0,1.0,0.0099999998,0.0099999998,0.1708409935,0.0,-2.0,-2.0,8.5
1870.7101,96.6875,0.3586710095,0.0425439999,2.3361001015,1.1482000351,1.1726000309,0.9715999961,0.5225999951,2.0,0.9715999961,0.0099999998,0.0099999998,0.1860010028,0.0,-2.0,-2.0,8.5
1870.8625,99.392601013,0.3465149999,0.0539119989,2.3301999569,1.148900032,1.170699954,1.0,0.4903999865,3.0,1.0,,,0.188519001,0.0,,,8.5
1871.0149,100.85399628,0.3345800042,0.0550949983,2.3368999958,1.1390999556,1.1686999798,1.0,0.4706999958,4.0,1.0,,,0.1842859983,0.0,,,8.5
1871.1673,100.90589905,0.3226050138,0.0573210008,2.3424999714,1.1175999641,1.1665999889,1.0,0.4496000111,4.0,1.0,,,0.180708006,0.0,,,8.5
1871.3197,100.95780182,0.3329609931,0.0550180003,2.3380999565,1.0959999561,1.1644999981,1.0,0.4683000147,4.0,1.0,,,0.1835419983,0.0,,,8.5
1871.4721,101.19629669,0.3383170068,0.0533349998,2.3362998962,1.0904999971,1.163599968,1.0,0.478700012,4.0,1.0,,,0.1846929938,0.0,,,8.5
1871.6245,101.77539825,0.3428989947,0.0620310009,2.3238999844,1.114199996,1.1649999619,1.0,0.4742999971,4.0,1.0,,,0.1921869963,0.0,,,8.5
1871.7769,102.375,0.3424290121,0.0771050006,2.3078999519,1.1397000551,1.1664999723,1.0,0.4539000094,4.0,1.0,,,0.2016579956,0.0,,,8.5
1871.9293,102.74770355,0.3335320055,0.0904320031,2.2994000912,1.1584999561,1.1684000492,1.0,0.4230000079,4.0,1.0,,,0.2064940035,0.0,,,8.5
1872.0817,102.58110046,0.3310739994,0.0928670019,2.298500061,1.1612999439,1.171399951,1.0,0.4160999954,4.0,1.0,,,0.2070250064,0.0,,,8.5
1872.2341,102.19339752,0.3334789872,0.0905840024,2.2992999554,1.1576999426,1.1747000217,1.0,0.4228000045,4.0,1.0,,,0.2065560073,0.0,,,8.5
1872.3865,101.70210266,0.3416270018,0.0843340009,2.3006999493,1.1549999714,1.1776000261,1.0,0.4433000088,4.0,1.0,,,0.2059379965,0.0,,,8.5
1872.5389,100.83889771,0.3418900073,0.0798999965,2.3052999973,1.1555999517,1.1787999868,1.0,0.4494999945,4.0,1.0,,,0.2031899989,0.0,,,8.5
1872.6913,99.636703491,0.3325909972,0.0659620017,2.3266000748,1.1591999531,1.1785000563,1.0,0.4535999894,4.0,1.0,,,0.1903569996,0.0,,,8.5
1872.8437,98.508796692,0.3237549961,0.0456160009,2.3545000553,1.1621999741,1.1779999733,1.0,0.4666000009,4.0,1.0,,,0.1735830009,0.0,,,8.5
1872.9961,98.208999634,0.3190900087,0.0469679981,2.3561999798,1.1578999758,1.175999999,1.0,0.4578000009,4.0,1.0,,,0.1724980026,0.0,,,8.5
1873.1485,99.375,0.3254350126,0.0704429969,2.3266000748,1.140599966,1.1711000204,1.0,0.4368000031,4.0,1.0,,,0.1902270019,0.0,,,8.5
1873.3009,100.54199982,0.3378599882,0.0958750024,2.2906999588,1.1232999563,1.1663000584,1.0,0.4226000011,4.0,1.0,,,0.2117320001,0.0,,,8.5
1873.4533,101.49849701,0.3368450105,0.1034109965,2.2832999229,1.1114000082,1.1636999846,1.0,0.4111999869,4.0,1.0,,,0.2161380053,0.0,,,8.5
1873.6057,101.91480255,0.3381989896,0.0998300016,2.2862999439,1.1131000519,1.1670999527,1.0,0.417899996,4.0,1.0,,,0.2143979967,0.0,,,8.5
1873.7581,102.22019958,0.3353689909,0.0908610001,2.2978999615,1.1175999641,1.1715999842,1.0,0.4253000021,4.0,1.0,,,0.2074549943,0.0,,,8.5
1873.9105,102.57620239,0.3353689909,0.0725120008,2.3118000031,1.1236000061,1.1757999659,1.0,0.4629000127,4.0,1.0,,,0.1993850023,0.0,,,8.5
1874.0629,103.09860229,0.3312680125,0.0617970005,2.3320999146,1.1344000101,1.1785000563,1.0,0.4569999874,4.0,1.0,0.0099999998,0.0099999998,0.1870580018,0.0,-2.0,-2.0,8.5
1874.2153,103.73100281,0.3213750124,0.0520039983,2.3492999077,1.1483999491,1.1802999973,1.0,0.4546999931,4.0,1.0,0.0099999998,0.0099999998,0.176632002,0.0,-2.0,-2.0,8.5
1874.3677,104.23439789,0.3145540059,0.0635320023,2.3612999916,1.1605000496,1.1815999746,1.0,0.4532999992,4.0,1.0,0.0099999998,0.0099999998,0.1693460047,0.0,-2.0,-2.0,8.5
1874.5201,104.01950073,0.3120439947,0.0635320023,2.3320999146,1.1625000238,1.1802999973,1.0,0.4512000084,4.0,1.0,,,0.1870580018,0.0,,,8.5
1874.6725,102.78910065,0.3143849969,0.0635320023,2.3522999287,1.1500999928,1.1750999689,1.0,0.404700011,4.0,1.0,,,0.1744180024,0.0,,,8.5
1874.8249,101.55760193,0.3143849969,0.0890659988,2.3296000957,1.1375999451,1.1699999571,1.0,0.3601999879,4.0,1.0,,,0.1877519935,0.0,,,8.5
1874.9773,100.71579742,0.3143849969,0.1073980033,2.2990000248,1.1210999489,1.1622999907,1.0,0.3785000145,4.0,1.0,3.104418993,2.9058542252,0.2062049955,0.0,0.491967231,0.4632588923,8.5
1875.1297,101.03079987,0.3143849969,0.118441999,2.2820999622,1.0923000574,1.1469999552,1.0,0.3785000145,4.0,1.0,3.7523002625,3.5977005959,0.2163559943,0.0,0.5742976069,0.5560250282,8.5
1875.2821,101.37740326,0.3242389858,0.1073980033,2.2748000622,1.0630999804,1.1316000223,1.0,0.3785000145,4.0,1.0,,,0.2209179997,0.0,,,8.5
1875.4345,101.70999908,0.3308269978,0.1214319989,2.2678999901,1.0374000072,1.1148999929,1.0,0.3785000145,4.0,1.0,,,0.2251099944,0.0,,,8.5
1875.5869,101.98950195,0.3409389853,0.1136180013,2.2695999146,1.0238000154,1.0940999985,1.0,0.4041000009,4.0,1.0,,,0.2243019938,0.0,,,8.5
1875.7393,102.24849701,0.3548730016,0.1018579975,2.2730000019,1.0149999857,1.0716999769,1.0,0.4406999946,4.0,1.0,,,0.2225520015,0.0,,,8.5
1875.8917,102.37059784,0.3630650043,0.0798109993,2.2915000916,1.0059000254,1.0503000021,1.0,0.4819999933,2.0,1.0,0.0099999998,0.0099999998,0.2118059993,0.0,-2.0,-2.0,8.5
1876.0441,101.82810211,0.366723001,0.0515789986,2.3139998913,0.9952999949,1.0341000557,1.0,0.5372999907,2.0,1.0,0.0099999998,0.0099999998,0.1987120062,0.0,-2.0,-2.0,8.5
1876.1965,100.60739899,0.3753229976,0.0350469984,2.3317000866,0.9832000136,1.0232000351,1.0,0.5498999953,2.0,1.0,0.0099999998,0.0099999998,0.1881179959,0.0,-2.0,-2.0,8.5
1876.3489,99.435501099,0.366723001,0.0320580006,2.3406999111,0.9704999924,1.0118000507,1.0,0.5498999953,2.0,1.0,0.0099999998,0.0099999998,0.1825969964,0.0,-2.0,-2.0,8.5
1876.5013,98.775901794,0.3904320002,0.0380680002,2.3183999062,0.9524999857,0.9962000251,1.0,0.5781999826,1.0,1.0,0.0099999998,0.0099999998,0.1963450015,0.0,-2.0,-2.0,8.5
1876.6537,99.368202209,0.3957979977,0.0591709986,2.2920000553,0.9211999774,0.9700999856,1.0,0.5587999821,1.0,1.0,0.0099999998,0.0099999998,0.2121469975,0.0,-2.0,-2.0,8.5
1876.8061,99.958999634,0.4165799916,0.0526940003,2.2857999802,0.8899999857,0.9440000057,0.9588999748,0.5983999968,1.0,0.9588999748,0.0099999998,0.0099999998,0.2164900005,0.0,-2.0,-2.0,8.5
1876.9585,100.35350037,0.4010069966,0.037992999,2.3115000725,0.8637999892,0.9204000235,1.0,0.5943999887,1.0,1.0,0.0099999998,0.0099999998,0.2006780058,0.0,-2.0,-2.0,8.5
1877.1109,99.881797791,0.3949429989,0.0499959998,2.3025999069,0.8603000045,0.9078999758,1.0,0.5695000291,1.0,1.0,0.0099999998,0.0099999998,0.2058649957,0.0,-2.0,-2.0,8.5
1877.2633,99.263198853,0.3773550093,0.0833220035,2.2781999111,0.8605999947,0.897300005,1.0,0.4991999865,1.0,1.0,0.0099999998,0.0099999998,0.2199430019,0.0,-2.0,-2.0,8.5
1877.4157,98.746002197,0.3614709973,0.1192890033,2.2497999668,0.8596000075,0.8870000243,1.0,0.4280000031,2.0,1.0,0.0099999998,0.0099999998,0.2364069968,0.0,-2.0,-2.0,8.5
1877.5681,98.776901245,0.3742519915,0.1241699979,2.236000061,0.8513000011,0.878099978,1.0,0.4410000145,2.0,1.0,0.0099999998,0.0099999998,0.2448469996,0.0,-2.0,-2.0,8.5
1877.7205,99.168502808,0.3806979954,0.1162350029,2.2402999401,0.8381999731,0.8701999784,1.0,0.4611999989,2.0,1.0,0.0099999998,0.0099999998,0.2424319983,0.0,-2.0,-2.0,8.5
1877.8729,99.507499695,0.4189859927,0.0574279986,2.2815999985,0.8271999955,0.8636999726,1.0,0.5943999887,1.0,1.0,0.0099999998,0.0099999998,0.220036,0.0,-2.0,-2.0,8.5
1878.0253,99.457000732,0.4169420004,0.0436719991,2.3208999634,0.8316000104,0.8673999906,1.0,0.5939000249,1.0,1.0,0.0099999998,0.0099999998,0.2061440051,0.0,-2.0,-2.0,8.5
1878.1777,98.74710083,0.3806160092,0.0354040004,2.348099947,0.861899972,0.8883000016,1.0,0.5877000093,1.0,1.0,0.0099999998,0.0099999998,0.1961729974,0.0,-2.0,-2.0,8.5
1878.3301,98.038101196,0.3806160092,0.0393610001,2.323800087,0.8921999931,0.9092000127,1.0,0.5616000295,2.0,1.0,0.0099999998,0.0099999998,0.1929779947,0.0,-2.0,-2.0,8.5
1878.4825,97.400398254,0.3657760024,0.0755349994,2.2945001125,0.9207000136,0.9294000268,1.0,0.4918000102,2.0,1.0,0.0099999998,0.0099999998,0.2100560069,0.0,-2.0,-2.0,8.5
1878.6349,97.170898438,0.3534579873,0.0913709998,2.285599947,0.9386000037,0.9451000094,1.0,0.4523999989,2.0,1.0,0.0099999998,0.0099999998,0.2150959969,0.0,-2.0,-2.0,8.5
1878.7873,96.941398621,0.3541849852,0.0859320015,2.2909998894,0.9564999938,0.9609000087,1.0,0.4605999887,2.0,1.0,0.0099999998,0.0099999998,0.2118970007,0.0,-2.0,-2.0,8.5
1878.9397,96.737503052,0.3546969891,0.079181999,2.2980000973,0.9735999703,0.9763000011,1.0,0.4702000022,2.0,1.0,0.0099999998,0.0099999998,0.2077649981,0.0,-2.0,-2.0,8.5
1879.0921,96.711898804,0.3393819928,0.0817129984,2.3055000305,0.9850000143,0.9889000058,1.0,0.443599999,2.0,1.0,0.0099999998,0.0099999998,0.2030099928,0.0,-2.0,-2.0,8.5
1879.2445,96.750396729,0.3393819928,0.1129430011,2.2899000645,0.9944000244,1.0003999472,1.0,0.3612000048,4.0,1.0,3.1063945293,2.9074933529,0.2117010057,0.0,-1.9598354695,-1.9622038005,8.5
1879.3969,96.721702576,0.2960180044,0.1342500001,2.2774999142,1.0033999681,1.0118000507,1.0,0.3089999855,4.0,1.0,3.0994999409,2.8993000984,0.2187139988,0.0,-1.919670939,-1.924407601,8.5
1879.5493,96.092796326,0.3218129873,0.1322100013,2.2625000477,1.0082999468,1.0220999718,1.0,0.3508999944,4.0,1.0,,,0.2281209975,0.0,,,8.5
1879.7017,94.814498901,0.3365150094,0.1265619993,2.2588000298,1.0089000463,1.0312000513,1.0,0.3806000054,4.0,1.0,,,0.2305999994,0.0,,,8.5
1879.8541,93.531196594,0.3471109867,0.1173160002,2.2618000507,1.0098999739,1.0404000282,1.0,0.4088000059,4.0,1.0,,,0.2290620059,0.0,,,8.5
1880.0065,92.199203491,0.3379299939,0.1274569929,2.2569000721,1.0152000189,1.050999999,1.0,0.3815999925,4.0,1.0,,,0.2317509949,0.0,,,8.5
1880.1589,90.701202393,0.3359239995,0.1139540002,2.2729001045,1.03489995,1.0661000013,1.0,0.3962000012,3.0,1.0,,,0.222240001,0.0,,,8.5
1880.3113,89.201202393,0.3160960078,0.1181579977,2.2815999985,1.0546000004,1.0813000202,1.0,0.3605999947,3.0,1.0,,,0.2166910022,0.0,,,8.5
1880.4637,87.666000366,0.3032779992,0.1267309934,2.2809000015,1.0779000521,1.097200036,1.0,0.3298999965,3.0,1.0,,,0.2168660015,0.0,,,8.5
1880.6161,85.738296509,0.3076010048,0.1428920031,2.2604999542,1.1419999599,1.1216000319,1.0,0.3152999878,3.0,1.0,,,0.2290380001,0.0,,,8.5
1880.7685,83.761703491,0.3294309974,0.133039996,2.2565999031,1.2115000486,1.1470999718,1.0,0.3614000082,3.0,1.0,,,0.2317740023,0.0,,,8.5
1880.9209,81.833000183,0.3193320036,0.0925600007,2.3073000908,1.2757999897,1.1711000204,1.0,0.398999989,3.0,1.0,,,0.2015610039,0.0,,,8.5
1881.0733,80.621101379,0.2766290009,0.0830259994,2.3461000919,1.2644000053,1.1733000278,1.0,0.3463999927,3.0,1.0,,,0.1776610017,0.0,,,8.5
1881.2257,79.863296509,0.2649390101,0.1020959988,2.3333001137,1.2052999735,1.1618000269,1.0,0.3037999868,3.0,1.0,35.433547974,13.66701889,0.1850640029,0.0,1.5492870808,1.1355377436,8.5
1881.3781,79.052696228,0.2778559923,0.1516450047,2.2709000111,1.1474000216,1.1507999897,1.0,0.2585999966,3.0,1.0,107.37789917,43.267601013,0.2222820073,1.0,,,8.5
1881.5305,77.1875,0.3049960136,0.1706960052,2.2320001125,1.1148999929,1.1502000093,1.0,0.2748999894,3.0,1.0,,,0.2457800061,1.0,,,8.5
1881.6829,73.320297241,0.2914009988,0.1902820021,2.2197999954,1.1305999756,1.1696000099,1.0,0.2285999954,3.0,1.0,1141.0600586,1024.4200439,0.2527100146,1.0,3.0573427677,3.0105113983,8.5
1881.8353,69.445297241,0.2835449874,0.1902540028,2.2251000404,1.1463999748,1.1890000105,1.0,0.2167000026,3.0,1.0,520.21057129,480.67419434,0.2494309992,1.0,2.7161784172,2.681855917,8.5
1881.9877,65.597702026,0.2748050094,0.1698109955,2.2532000542,1.162700057,1.2066999674,1.0,0.2301999927,3.0,1.0,,,0.2326720059,1.0,,,8.5
1882.1401,62.074199677,0.2669680119,0.1505820006,2.2794001102,1.185199976,1.2028000355,1.0,0.2434999943,3.0,1.0,,,0.2170580029,1.0,,,8.5
1882.2925,58.554698944,0.2466479987,0.1404590011,2.3039000034,1.2075999975,1.1987999678,1.0,0.2257999927,3.0,1.0,,,0.2021079957,1.0,,,8.5
1882.4449,55.104099274,0.2474689931,0.1509840041,2.304500103,1.2288999557,1.1944999695,1.0,0.1846999973,7.0,1.0,,,0.2014089972,1.0,,,8.5
1882.5973,54.959999084,0.2474689931,0.1603650004,2.2953999043,1.195299983,1.1691999435,1.0,0.1701000035,7.0,1.0,,,0.2067909986,1.0,,,8.5
1882.7497,55.857398987,0.2474689931,0.1782850027,2.2732999325,1.144299984,1.1373000145,1.0,0.1526000053,7.0,1.0,,,0.219945997,1.0,,,8.5
1882.9021,56.755901337,0.2474689931,0.1993169934,2.2395000458,1.0934000015,1.1054999828,1.0,0.1500999928,7.0,1.0,445.17538452,396.49887085,0.2402729988,1.0,2.6485304832,2.5982413292,8.5
1883.0545,57.875,0.253944993,0.2181140035,2.2146999836,1.0544999838,1.081799984,1.0,0.1352999955,7.0,1.0,450.51638794,400.47750854,0.2550309896,1.0,2.6542489529,2.6030557156,8.5
1883.2069,59.234401703,0.2755729854,0.208367005,2.2000000477,1.0286999941,1.0670000315,1.0,0.167899996,7.0,1.0,1302.0338135,1071.8956299,0.264082998,1.0,3.1146216393,3.030151844,8.5
1883.3593,60.593799591,0.2978079915,0.208367005,2.2025001049,1.003000021,1.0520999432,1.0,0.2028000057,9.0,1.0,1316.8192139,1082.1379395,0.2629530132,1.0,3.1196832657,3.0344583988,8.5
1883.5117,62.056598663,0.2805370092,0.208367005,2.2025001049,0.9878000021,1.0417000055,1.0,0.2452999949,6.0,1.0,2043.2174072,1749.7531738,0.2629530132,1.0,3.3103189468,3.2429797649,8.5
1883.6641,63.947299957,0.2805370092,0.209006995,2.2025001049,1.0151000023,1.049399972,1.0,0.2327000052,6.0,1.0,1898.0126953,1667.1884766,0.2629530132,1.0,3.2783095837,3.2219941616,8.5
1883.8165,65.843803406,0.2805370092,0.2048809975,2.2025001049,1.0429999828,1.0572999716,1.0,0.2128999978,6.0,1.0,1577.65979,1414.8972168,0.2629530132,1.0,3.1980473995,3.150758028,8.5
1883.9689,62.056598663,0.2793349922,0.1942909956,2.2235999107,1.0694999695,1.0647000074,1.0,0.2050999999,3.0,1.0,727.77636719,672.13146973,0.2502309978,1.0,2.8619976044,2.8274540901,8.5
1884.1213,65.152297974,0.2805370092,0.1897460073,2.2362999916,1.0717999935,1.0651999712,1.0,0.2231999934,6.0,1.0,730.72625732,674.20001221,0.2427459955,1.0,2.8637542725,2.8287882805,8.5
1884.2737,61.917999268,0.2766749859,0.1897460073,2.2428998947,1.0698000193,1.0643999577,1.0,0.2221000046,6.0,1.0,736.64685059,678.78765869,0.2387810051,1.0,2.8672394753,2.8317229748,8.5
1884.4261,58.625,0.2699939907,0.1897460073,2.242399931,1.0674999952,1.0635999441,1.0,0.2148000002,6.0,1.0,,,0.2387810051,1.0,,,8.5
1884.5785,55.402301788,0.2667349875,0.1897460073,2.242399931,1.0613000393,1.0590000153,1.0,0.2087000012,9.0,1.0,,,0.2387810051,1.0,,,8.5
1884.7309,52.238300323,0.2696839869,0.1897460073,2.242399931,1.051699996,1.050999999,1.0,0.1709000021,9.0,1.0,,,0.2387810051,1.0,,,8.5
1884.8833,49.089801788,0.2696839869,0.196104005,2.242399931,1.0411000252,1.0420999527,1.0,0.1562999934,9.0,1.0,,,0.2387209982,1.0,,,8.5
1885.0357,46.804698944,0.2696839869,0.2157779932,2.2223000526,1.0238000154,1.0271999836,1.0,0.1271000057,9.0,1.0,,,0.2504369915,1.0,,,8.5
1885.1881,46.59280014,0.2696839869,0.2288890034,2.2032999992,0.9902999997,0.9977999926,1.0,0.1345999986,9.0,1.0,3122.527832,2750.1154785,0.2655929923,1.0,3.494497776,3.4393422604,8.5
1885.3405,47.834999084,0.2850469947,0.241042003,2.1760001183,0.9455999732,0.9581999779,1.0,0.1454000026,9.0,1.0,3549.0227051,3129.6809082,0.2806789875,1.0,3.5501096249,3.4955019951,8.5
1885.4929,49.053699493,0.3035959899,0.2563950121,2.1440000534,0.9010999799,0.9187999964,1.0,0.1560000032,9.0,1.0,3558.722168,3150.8640137,0.2989090085,1.0,3.5512936115,3.4984235764,8.5
1885.6453,49.974098206,0.300289005,0.2942149937,2.1006000042,0.8598999977,0.8830999732,0.9991000295,0.1055999994,9.0,0.9991000295,3582.7329102,3453.0380859,0.3230049908,1.0,3.5542268753,3.538216114,8.5
1885.7977,50.304199219,0.3101480007,0.308205992,2.0892999172,0.8253999949,0.8547999859,0.9767000079,0.0979000032,9.0,0.9767000079,2871.3393555,2647.1691895,0.329798013,1.0,3.4580826759,3.4227807522,8.5
1885.9501,50.634300232,0.3101600111,0.308205992,2.0892999172,0.7910000086,0.826300025,0.9901000261,0.0895000026,9.0,0.9901000261,2954.6218262,2690.9353027,0.329798013,1.0,3.4705097675,3.429911375,8.5
1886.1025,50.801799774,0.3219690025,0.3083580136,2.0892999172,0.7602999806,0.8003000021,1.0,0.1216999963,9.0,1.0,2586.3745117,2340.7368164,0.329798013,1.0,3.4126844406,3.3693442345,8.5
1886.2549,49.697299957,0.313692987,0.3089619875,2.0766999722,0.7594000101,0.7929000258,1.0,0.1079000011,9.0,1.0,2870.3591309,2646.2961426,0.329798013,1.0,3.457937479,3.4226412773,8.5
1886.4073,48.248001099,0.2948080003,0.308205992,2.0892999172,0.7666000128,0.7906000018,1.0,0.0791999996,9.0,1.0,2815.1726074,2526.6853027,0.329798013,1.0,3.4495172501,3.4025640488,8.5
1886.5597,46.798801422,0.2772429883,0.2982940078,2.111700058,0.7738000154,0.7882999778,1.0,0.0653999969,9.0,1.0,2270.4865723,2011.6181641,0.3161099851,1.0,3.3560929298,3.3035082817,8.5
1886.7121,44.886699677,0.2697750032,0.2821109891,2.1343998909,0.7890999913,0.7910000086,1.0,0.0754000023,7.0,1.0,3213.8911133,3206.2600098,0.3026390076,1.0,3.5070288181,3.5059964657,8.5
1886.8645,42.53319931,0.2726930082,0.2821109891,2.1554999352,0.8120999932,0.7983999848,1.0,0.0993999988,7.0,1.0,3331.9086914,3320.5527344,0.2914130092,1.0,3.5226957798,3.5212130547,8.5
1887.0169,40.117198944,0.2716310024,0.2821109891,2.1533000469,0.8361999989,0.806400001,1.0,0.0784000009,9.0,1.0,3190.7207031,3181.1318359,0.290181011,1.0,3.5038545132,3.5025451183,8.5
1887.1693,38.162101746,0.2634730041,0.2821109891,2.1533000469,0.8558999896,0.8122000098,1.0,0.0615000017,9.0,1.0,2806.1384277,2773.0734863,0.2914130092,1.0,3.4481067657,3.4429607391,8.5
1887.3217,37.759498596,0.2690300047,0.2821109891,2.1533000469,0.8607000113,0.8106999993,1.0,0.0579999983,9.0,1.0,2915.5732422,2799.0710449,0.2914130092,1.0,3.4647796154,3.4470620155,8.5
1887.4741,38.002700806,0.2690300047,0.2851040065,2.1533000469,0.8592000008,0.8061000109,1.0,0.0216000006,9.0,1.0,3483.9970703,3270.3789063,0.2909780145,1.0,3.5420911312,3.5146172047,8.5
1887.6265,38.245800018,0.2690300047,0.2877930105,2.141299963,0.8578000069,0.8015000224,1.0,0.0384999998,7.0,1.0,2748.1296387,2275.6650391,0.298289001,1.0,3.4390306473,3.3570878506,8.5
1887.7789,39.820301056,0.2690300047,0.2861880064,2.1305000782,0.8470000029,0.7930999994,1.0,0.0688999966,7.0,1.0,3034.3110352,3018.6887207,0.3049420118,1.0,3.4820485115,3.4798066616,8.5
1887.9313,42.789100647,0.2927730083,0.2874909937,2.1145000458,0.8266000152,0.7807000279,1.0,0.1015999988,7.0,1.0,3588.5793457,3574.5354004,0.315151006,1.0,3.5549225807,3.5532217026,8.5
1888.0837,45.832000732,0.3023329973,0.2894209921,2.1045000553,0.8057000041,0.7681000233,1.0,0.1150999963,7.0,1.0,3584.6647949,3455.270752,0.3207460046,1.0,3.5544536114,3.538487196,8.5
1888.2361,48.439498901,0.2995480001,0.3017610013,2.0980000496,0.7858999968,0.7566999793,1.0,0.0948999971,9.0,1.0,3303.8842773,3170.5854492,0.3248269856,1.0,3.5190296173,3.5011446476,8.5
1888.3885,49.930698395,0.3089840114,0.2923710048,2.0980000496,0.769299984,0.7486000061,1.0,0.1027999967,9.0,1.0,3046.5134277,2903.7463379,0.3248269856,1.0,3.4838085175,3.46296525,8.5
1888.5409,50.914100647,0.3122839928,0.3073630035,2.0792999268,0.7541000247,0.7419999838,1.0,0.1077999994,9.0,1.0,2781.9106445,2605.9060059,0.3366979957,1.0,3.4443440437,3.4159595966,8.5
1888.6933,51.685501099,0.3181540072,0.2987079918,2.0847001076,0.7408999801,0.7365000248,1.0,0.1279000044,9.0,1.0,2744.4804688,2567.8818359,0.3335269988,1.0,3.4384510517,3.4095640182,8.5
1888.8457,50.835899353,0.3075290024,0.2923710048,2.0980000496,0.7429999709,0.7390000224,1.0,0.0979000032,9.0,1.0,3145.0532227,3018.8146973,0.3248269856,1.0,3.4976110458,3.4798164368,8.5
1888.9981,47.566398621,0.2928690016,0.2915630043,2.1085999012,0.7680000067,0.7537000179,1.0,0.0979000032,9.0,1.0,3991.5112305,3977.7565918,0.3182109892,1.0,3.6011133194,3.5996141434,8.5
1889.1505,44.289100647,0.277572006,0.2820590138,2.1293001175,0.7929999828,0.7684000134,1.0,0.0873000026,7.0,1.0,3655.8828125,3640.7038574,0.3058019876,1.0,3.562997818,3.5611908436,8.5
1889.3029,41.175800323,0.2737500072,0.274484992,2.1438000202,0.8147000074,0.7817000151,1.0,0.0876000002,7.0,1.0,3332.0075684,3320.6479492,0.2983149886,1.0,3.5226912498,3.5212080479,8.5
1889.4553,39.253898621,0.2783710063,0.2835280001,2.1421999931,0.8119999766,0.7850000262,1.0,0.0709000006,7.0,1.0,3160.0444336,3147.2758789,0.3028239906,1.0,3.4996950626,3.4979376793,8.5
1889.6077,37.492198944,0.2776379883,0.2951099873,2.1287999153,0.8059999943,0.7870000005,1.0,0.0557000004,7.0,1.0,3062.5263672,3000.4995117,0.3102509975,1.0,3.4860882759,3.4772036076,8.5
1889.7601,35.730499268,0.2634280026,0.2994230092,2.1222999096,0.7998999953,0.7889999747,1.0,0.0403999984,7.0,1.0,2655.1013184,2520.9152832,0.3104090095,1.0,3.4240782261,3.4015755653,8.5
1889.9125,35.12279892,0.2537510097,0.2972919941,2.1438000202,0.799399972,0.7922000289,1.0,0.0412000008,7.0,1.0,2773.8193359,1829.4761963,0.3057639897,1.0,3.4430875778,3.2623252869,8.5
1890.0649,35.233898163,0.2571919858,0.2895529866,2.1449000835,0.8022000194,0.7961000204,1.0,0.0412000008,7.0,1.0,2363.3937988,1871.3927002,0.2993670106,1.0,3.373529911,3.2721447945,8.5
1890.2173,35.469200134,0.2718069851,0.2893199921,2.1551001072,0.8057000041,0.8001000285,1.0,0.0412000008,7.0,1.0,2594.9365234,2470.9162598,0.2996880114,1.0,3.4141223431,3.3928534985,8.5
1890.3697,35.820301056,0.2733359933,0.2864489853,2.1603000164,0.8130999804,0.8082000017,1.0,0.0412000008,7.0,1.0,2780.2514648,2644.6743164,0.2976419926,1.0,3.4440817833,3.4223670959,8.5
1890.5221,36.365200043,0.2667849958,0.2823570073,2.1603000164,0.8270999789,0.823300004,1.0,0.0458999984,7.0,1.0,2884.6867676,2857.5505371,0.294833988,1.0,3.4600768089,3.4559717178,8.5
1890.6745,37.012699127,0.2492540032,0.2650380135,2.182199955,0.8446000218,0.841899991,1.0,0.0515000001,7.0,1.0,2780.2514648,3865.3522949,0.2790389955,1.0,3.589325428,3.5871813297,8.5
1890.8269,38.224601746,0.2384089977,0.2484100014,2.2026998997,0.8639000058,0.8615000248,1.0,0.061999999,7.0,1.0,2780.2514648,2644.6743164,0.2652640045,1.0,3.4440817833,3.4223670959,8.5
1890.9793,41.867198944,0.2366320044,0.2279949933,2.2063999176,0.8910999894,0.8851000071,1.0,0.0935000032,7.0,1.0,2780.2514648,2644.6743164,0.2604289949,1.0,3.4440817833,3.6114721298,8.5
1891.1317,48.984401703,0.2570579946,0.2212260067,2.2093999386,0.9296000004,0.9143999815,1.0,0.1360000074,7.0,1.0,1974.6932373,1736.5897217,0.2582060099,1.0,3.2955203056,3.2397208214,8.5
1891.2841,56.109401703,0.2803519964,0.2097309977,2.2063999176,0.9681000113,0.9437000155,1.0,0.186499998,3.0,1.0,1323.6611328,1084.1209717,0.2604289949,1.0,3.1217746735,3.035077095,8.5
1891.4365,62.84180069,0.2926790118,0.1999219954,2.2088000774,1.0061999559,0.9718000293,1.0,0.2180999964,3.0,1.0,1312.7347412,1081.1779785,0.2592070103,1.0,3.1182045937,3.0339205265,8.5
1891.5889,65.054702759,0.2891179919,0.1999219954,2.2367999554,1.0410000086,0.9875000119,1.0,0.2167000026,3.0,1.0,738.67669678,680.64093018,0.2426400036,1.0,2.8684723377,2.8329401016,8.5
1891.7413,67.199203491,0.2735080123,0.1999219954,2.2509000301,1.075799942,1.003000021,1.0,0.2167000026,3.0,1.0,527.03283691,1081.1779785,0.2339999974,1.0,3.1182045937,3.0339205265,8.5
1891.8937,62.84180069,0.2820990086,0.1999219954,2.2453000546,1.1132999659,1.0197999477,1.0,0.2167000026,3.0,1.0,529.72479248,445.71920776,0.237480998,1.0,3.1182045937,3.0339205265,8.5
1892.0461,63.804698944,0.2876439989,0.1952099949,2.217400074,1.0791000128,0.9988999963,1.0,0.2167000026,3.0,1.0,728.6630249,672.28747559,0.2540819943,1.0,2.8624296188,2.8274760246,8.5
1892.1985,54.468799591,0.2861950099,0.2281530052,2.1823999882,1.0127999783,0.9610000253,1.0,0.1712000072,3.0,1.0,1852.2634277,1515.8533936,0.2746709883,1.0,3.267655611,3.1806008816,8.5
1892.3509,45.242198944,0.2670949996,0.2686870098,2.1508998871,0.9465000033,0.9233000278,1.0,0.0890000015,7.0,1.0,3244.3605957,2876.5744629,0.2928600013,1.0,3.511133194,3.4588725567,8.5
1892.5033,39.335899353,0.2617549896,0.2926540077,2.1284000874,0.8878999949,0.8894000053,1.0,0.0494000018,7.0,1.0,3034.5400391,3018.8728027,0.3060699999,1.0,3.4820849895,3.479837656,8.5
1892.6557,37.546901703,0.2758190036,0.3060300052,2.1043000221,0.8384000063,0.8600999713,1.0,0.0769999996,7.0,1.0,3419.5646973,3356.927002,0.3204540014,1.0,3.5339648724,3.5259230137,8.5
1892.8081,35.839801788,0.299668014,0.2926540077,2.1284000874,0.7904999852,0.831799984,1.0,0.0412999988,7.0,1.0,3348.1936035,3134.9089355,0.3060699999,1.0,3.5248198509,3.4962322712,8.5
1892.9605,35.523399353,0.3123170137,0.2926540077,2.1284000874,0.7667999864,0.8180999756,1.0,0.0386000015,7.0,1.0,2856.701416,2773.8840332,0.3060699999,1.0,3.4558997154,3.4431288242,8.5
1893.1129,39.957000732,0.3126170039,0.2926540077,2.1284000874,0.8259999752,0.8543999791,1.0,0.0769999996,7.0,1.0,3207.4926758,3167.5163574,0.3060699999,1.0,3.5061588287,3.5007193089,8.5
1893.2653,44.390598297,0.2860929966,0.261014998,2.1589000225,0.8853999972,0.8906999826,1.0,0.1154000014,7.0,1.0,3555.96875,3144.8950195,0.2923440039,1.0,3.5509231091,3.4975702763,8.5
1893.4177,48.773399353,0.2626059949,0.2213169932,2.2056999207,0.9445999861,0.9276999831,1.0,0.1444000006,9.0,1.0,3120.9692383,2748.5480957,0.2605209947,1.0,3.4943356514,3.4391493797,8.5
1893.5701,52.871101379,0.2448920012,0.2152920067,2.2241001129,1.0037000179,0.9682000279,1.0,0.1254000068,9.0,1.0,837.46942139,2748.5480957,0.2493299991,1.0,3.4558997154,3.4391493797,8.5
1893.7225,56.9375,0.2497449964,0.2119880021,2.2244000435,1.0627000332,1.0091999769,1.0,0.1370999962,9.0,1.0,449.58953857,399.75946045,0.2492029965,1.0,2.652807951,2.6017875671,8.5
1893.8749,60.071498871,0.250270009,0.2035080045,2.2332999706,1.1158000231,1.0465999842,1.0,0.1490000039,3.0,1.0,507.9022522,470.65466309,0.243956998,1.0,2.7057800293,2.6727023125,8.5
1894.0273,59.167999268,0.2508920133,0.1901540011,2.2474999428,1.1427999735,1.0686000586,1.0,0.1674000025,3.0,1.0,,,0.2356099933,1.0,,,8.5
1894.1797,55.945301056,0.2360740006,0.1901540011,2.2474999428,1.1548999548,1.0815999508,1.0,0.1504999995,7.0,1.0,,,0.2356099933,1.0,,,8.5
1894.3321,53.068401337,0.2207890004,0.1901540011,2.2474999428,1.15989995,1.0898000002,1.0,0.123999998,7.0,1.0,,,0.2356099933,1.0,,,8.5
1894.4845,51.918899536,0.2115280032,0.1798630059,2.28489995,1.1282000542,1.073300004,1.0,0.1209999993,7.0,1.0,,,0.2127130032,1.0,,,8.5
1894.6369,52.794898987,0.2232050002,0.1766089946,2.2806999683,1.0535999537,1.0278999805,1.0,0.1430999935,7.0,1.0,,,0.215436995,1.0,,,8.5
1894.7893,53.669898987,0.2410719991,0.2062799931,2.2365000248,0.9793999791,0.9828000069,1.0,0.131400004,9.0,1.0,,,0.2419330031,1.0,,,8.5
1894.9417,54.472198486,0.2625569999,0.2486699969,2.1758999825,0.9246000051,0.9501000047,1.0,0.1084000021,9.0,1.0,873.99908447,774.12237549,0.2780869901,1.0,2.9417915344,2.8890912533,8.5
1895.0941,55.148399353,0.2731109858,0.2826380134,2.1317000389,0.904399991,0.9395999908,1.0,0.0798000023,9.0,1.0,1735.0710449,1540.1879883,0.3042860031,1.0,3.2392890453,3.1875455379,8.5
1895.2465,55.822799683,0.2897889912,0.2812019885,2.1221001148,0.8841999769,0.92900002,1.0,0.1070000008,9.0,1.0,2513.1516113,2231.0578613,0.3102200031,1.0,3.4002182484,3.3485100269,8.5
1895.3989,56.822299957,0.3016220033,0.271600008,2.1247000694,0.8737999797,0.9200999737,1.0,0.137500003,9.0,1.0,2507.3398438,2224.0917969,0.3089109957,1.0,3.3992490768,3.3471901417,8.5
1895.5513,58.427700043,0.3171719909,0.2534509897,2.1340999603,0.8816000223,0.9143000245,1.0,0.1850000024,9.0,1.0,1083.5556641,907.94366455,0.3036369979,1.0,3.0348513126,2.9580588341,8.5
1895.7037,60.193401337,0.3122920096,0.2433619946,2.1484000683,0.8944000006,0.9093000293,1.0,0.1908999979,9.0,1.0,1081.8193359,907.28533936,0.2951399982,1.0,3.0341715813,2.9577531815,8.5
1895.8561,61.341300964,0.297013998,0.2398959994,2.1624000072,0.8985000253,0.9002000093,1.0,0.172299996,9.0,1.0,791.4720459,774.52026367,0.2866179943,1.0,2.8984291553,2.8890326023,8.5
1896.0085,61.003898621,0.2831709981,0.2420659959,2.1693000793,0.8820000291,0.8809000254,1.0,0.1483999938,9.0,1.0,872.48571777,775.48736572,0.2823120058,1.0,2.9407582283,2.8895745277,8.5
1896.1609,59.83890152,0.277184993,0.2467720062,2.168200016,0.8540999889,0.8561000228,1.0,0.133100003,9.0,1.0,874.88623047,777.03747559,0.2828739882,1.0,2.9418911934,2.8903815746,8.5
1896.3133,58.492198944,0.2873669863,0.2649210095,2.1414999962,0.8270000219,0.8324999809,1.0,0.1247000024,9.0,1.0,1715.7897949,1523.4625244,0.2987399995,1.0,3.2344648838,3.1828327179,8.5
1896.4657,56.121101379,0.2796860039,0.2927139997,2.116300106,0.8050000072,0.8165000081,1.0,0.0764999986,9.0,1.0,1693.5168457,1502.1851807,0.3134579957,1.0,3.2287967205,3.1767332554,8.5
1896.6181,53.003898621,0.2921989858,0.3053480089,2.0940999985,0.7867000103,0.8059999943,1.0,0.0788000003,9.0,1.0,1501.0262451,1269.4035645,0.3267250061,1.0,3.1765732765,3.1038072109,8.5
1896.7705,49.886699677,0.2879689932,0.3107950091,2.0910000801,0.7684000134,0.7954000235,1.0,0.0653000027,9.0,1.0,2477.0134277,2195.4443359,0.3285000026,1.0,3.3939003944,3.341486454,8.5
1896.9229,48.68529892,0.3051019907,0.2987410128,2.0929999352,0.7663000226,0.7893000245,1.0,0.1075000018,9.0,1.0,3583.2446289,3453.3774414,0.3278790116,1.0,3.5542469025,3.5382051468,8.5
1897.0753,49.037601471,0.2875849903,0.293294996,2.1103999615,0.7774999738,0.7868000269,1.0,0.0877000019,9.0,1.0,3211.7966309,2981.3349609,0.3170720041,1.0,3.5067534447,3.4744160175,8.5
1897.2277,49.534698486,0.2843840122,0.2868219912,2.1196000576,0.7899000049,0.7846000195,1.0,0.0913999975,9.0,1.0,2940.4870605,2726.8625488,0.3115920126,1.0,3.4684298038,3.4356760979,8.5
1897.3801,49.388698578,0.2960419953,0.2945030034,2.1178998947,0.7914999723,0.7775999904,1.0,0.0903000012,9.0,1.0,2445.8227539,2165.8884277,0.312413007,1.0,3.388405323,3.3356122971,8.5
1897.5325,48.477500916,0.2960419953,0.2971740067,2.1005001068,0.780099988,0.7649000287,1.0,0.0953999981,9.0,1.0,3211.4975586,2980.6899414,0.3230350018,1.0,3.5067002773,3.4743068218,8.5
1897.6849,47.358398438,0.2977760136,0.303591013,2.0924999714,0.7652000189,0.7505999804,1.0,0.0898000002,9.0,1.0,3583.1599121,3453.1169434,0.327937007,1.0,3.5542662144,3.5382113457,8.5
1897.8373,46.277301788,0.300909996,0.3003180027,2.0940001011,0.7536000013,0.7397000194,1.0,0.0988999978,9.0,1.0,3582.723877,3452.519043,0.3271189928,1.0,3.5542182922,3.538141489,8.5
1897.9897,45.289100647,0.2965120077,0.3016450107,2.0952999592,0.7502999902,0.7369999886,1.0,0.0903000012,7.0,1.0,3294.0651855,3153.572998,0.3261170089,1.0,3.5177321434,3.4988029003,8.5
1898.1421,44.331100464,0.3041180074,0.2932449877,2.0994000435,0.7497000098,0.7369999886,1.0,0.1128999963,7.0,1.0,3292.7658691,3152.2675781,0.323834002,1.0,3.5175654888,3.4986279011,8.5
1898.2945,43.40140152,0.3070789874,0.2969120145,2.0987000465,0.7491000295,0.736800015,1.0,0.1067000031,7.0,1.0,3049.2009277,2906.9057617,0.3258169889,1.0,3.4841885567,3.4634335041,8.5
1898.4469,43.003398895,0.3058269918,0.3032189906,2.0917999744,0.7480000257,0.7339000106,1.0,0.1032999977,7.0,1.0,2927.5568848,2789.418457,0.33118999,1.0,3.4665052891,3.4455137253,8.5
1898.5993,42.75510025,0.3070609868,0.3061150014,2.084100008,0.7466999888,0.7301999927,1.0,0.1010999978,7.0,1.0,2927.7407227,2789.5778809,0.3334999979,1.0,3.4665327072,3.4455385208,8.5
1898.7517,42.506599426,0.3058269918,0.3095450103,2.0813000202,0.7455000281,0.7264999747,1.0,0.1067000031,7.0,1.0,2927.9880371,2789.8271484,0.3258169889,1.0,3.4665615559,3.4455690384,8.5
1898.9041,43.291999817,0.3058269918,0.2984740138,2.095099926,0.7652000189,0.7451000214,1.0,0.1057000011,7.0,1.0,3291.9128418,3151.4020996,0.3271119893,1.0,3.5174741745,3.4985423088,8.5
1899.0565,44.59569931,0.3025560081,0.2791019976,2.127300024,0.7954999804,0.7749999762,1.0,0.1169999987,7.0,1.0,3590.1286621,3575.8532715,0.3107919991,1.0,3.5551161766,3.5533924103,8.5
1899.2089,45.955101013,0.2823719978,0.2453230023,2.1805999279,0.8269000053,0.8059999943,1.0,0.1288000047,7.0,1.0,,,0.2801940143,1.0,,,8.5
1899.3613,48.667999268,0.2610619962,0.2052319944,2.2362000942,0.8873000145,0.8474000096,1.0,0.1521999985,6.0,1.0,,,0.2464540005,1.0,,,8.5
1899.5137,52.980499268,0.2493769974,0.1916279942,2.2471001148,0.9821000099,0.9009000063,1.0,0.1632999927,6.0,1.0,,,0.2358299941,1.0,,,8.5
1899.6661,57.433601379,0.2493769974,0.1916279942,2.2471001148,1.0798000097,0.9556000233,1.0,0.1632999927,6.0,1.0,,,0.2358299941,1.0,,,8.5
1899.8185,61.230499268,0.2493769974,0.1916279942,2.2471001148,1.1577999592,1.0025999546,1.0,0.1632999927,6.0,1.0,,,0.2358299941,1.0,,,8.5
1899.9709,62.474601746,0.2493769974,0.1916279942,2.2471001148,1.15989995,1.0203000307,1.0,0.1632999927,6.0,1.0,337.98257446,337.15039063,0.2358299941,1.0,2.528894186,2.5278234482,8.5
1900.1233,63.621101379,0.2493769974,0.1916279942,2.2471001148,1.1590000391,1.0367000103,1.0,0.1632999927,3.0,1.0,338.595581055,337.764434815,0.2358299941,1.0,2.52968037125,2.5286129713000003,8.5
1900.2757,64.728500366,0.256058991,0.2095090002,2.223099947,1.1575000286,1.0528000593,1.0,0.150000006,3.0,1.0,337.98257446,337.15039063,0.2501100004,1.0,2.528894186,2.5278234482,8.5
1900.4281,63.478500366,0.2554230094,0.2184399962,2.2137999535,1.1204999685,1.0499000549,1.0,0.1372999996,3.0,1.0,339.20858765,338.378479,0.2556050122,1.0,2.5304665565,2.5294024944,8.5
1900.5805,62.060501099,0.257129997,0.2202080041,2.2107000351,1.081099987,1.0455000401,1.0,0.1376000047,3.0,1.0,340.29519653,339.46661377,0.2574450076,1.0,2.5318567753,2.5307979584,8.5
1900.7329,60.787101746,0.2574880123,0.2311239988,2.1986000538,1.0422999859,1.0405999422,1.0,0.1376000047,9.0,1.0,341.52120972,340.69454956,0.2646279931,1.0,2.5333936214,2.5323410034,8.5
1900.8853,61.476600647,0.2600690126,0.2311239988,2.1844000816,1.0112999678,1.0275000334,1.0,0.1376000047,9.0,1.0,472.31381226,471.38931274,0.2737520039,1.0,2.6742324829,2.673381567,8.5
1901.0377,63.148399353,0.2657749951,0.2311239988,2.1844000816,0.9843000174,1.0104999542,1.0,0.1376000047,9.0,1.0,475.35739136,474.41879272,0.2737520039,1.0,2.6770198345,2.6761612892,8.5
1901.1901,64.880897522,0.2882280052,0.2545970082,2.1844000816,0.9596999884,0.9947999716,1.0,0.1396999955,9.0,1.0,479.4432373,478.48590088,0.2737520039,1.0,2.6806967258,2.6798305511,8.5
1901.3425,67.085899353,0.2920300066,0.2451979965,2.1844000816,0.9564999938,0.9911999702,1.0,0.1578000039,3.0,1.0,479.4432373,478.48590088,0.2737520039,1.0,2.6806967258,2.6798305511,8.5
1901.4949,69.906196594,0.3009180129,0.2175900042,2.1844000816,0.9810000062,1.0032999516,1.0,0.2075999975,3.0,1.0,479.4432373,478.48590088,0.2737520039,1.0,2.6806967258,2.6798305511,8.5
1901.6473,72.697303772,0.284570992,0.2022210062,2.212100029,1.005499959,1.0154000521,1.0,0.2029999942,3.0,1.0,479.4432373,478.48590088,0.2571209967,1.0,2.6806967258,2.6798305511,8.5
1901.7997,74.898902893,0.2889539897,0.1856629997,2.2272999287,1.0290000439,1.027099967,1.0,0.2313999981,3.0,1.0,479.4432373,482.97998047,0.2482459992,1.0,2.6806967258,2.683973074,8.5
1901.9521,75.448699951,0.2861390114,0.1858119965,2.2290000916,1.0498000383,1.0379999876,1.0,0.2268999964,3.0,1.0,225.96159363,145.25067139,0.2471790016,1.0,2.3540351391,2.1621189117,8.5
1902.1045,75.998001099,0.2783960104,0.1909189969,2.2286000252,1.0706000328,1.0489000082,1.0,0.2083999962,3.0,1.0,224.20179749,143.70487976,0.2472819984,1.0,2.3506395817,2.1574723721,8.5
1902.2569,76.692398071,0.2679809928,0.1926569939,2.2286000252,1.0859999657,1.0563000441,1.0,0.1903000027,3.0,1.0,222.07254028,141.6905365,0.2472819984,1.0,2.3464951515,2.1513414383,8.5
1902.4093,77.843803406,0.2723639905,0.1827709973,2.2414999008,1.0843000412,1.0529999733,1.0,0.2099999934,3.0,1.0,221.2628479,140.61297607,0.239537999,1.0,2.344907999,2.1480247974,8.5
1902.5617,79.089797974,0.284473002,0.1844709963,2.2316000462,1.0791000128,1.0473999977,1.0,0.2261999995,3.0,1.0,223.06469727,141.96000671,0.2456140071,1.0,2.3483202457,2.1521384716,8.5
1902.7141,79.620101929,0.2978389859,0.1907320023,2.2158999443,1.067800045,1.0392999649,1.0,0.2382999957,6.0,1.0,224.20179749,128.98672485,0.2551470101,1.0,2.3506395817,2.1574723721,8.5
1902.8665,77.902297974,0.3036409914,0.2107090056,2.1902000904,1.0376000404,1.0233000517,1.0,0.2208999991,6.0,1.0,1119.0505371,1053.9056396,0.2704069912,1.0,3.0489032269,3.0228486061,8.5
1903.0189,74.824203491,0.310649991,0.2106959969,2.1854999065,0.9959999919,1.0025000572,1.0,0.2314999998,6.0,1.0,1114.7525635000002,1050.2401123,0.2732749879,1.0,3.0471879244,3.02129769325,8.5
1903.1713,72.263702393,0.3141230047,0.2045830041,2.1898999214,0.9592000246,0.9847000241,1.0,0.2449000031,6.0,1.0,1116.5333252,1051.6706543,0.2707589865,1.0,3.0478718281,3.0218799114,8.5
1903.3237,72.275398254,0.302632004,0.2072719932,2.1946001053,0.9463999867,0.9815999866,1.0,0.2239000052,6.0,1.0,1116.5333252,1051.6706543,0.2677659988,1.0,3.0478718281,3.0218799114,8.5
1903.4761,74.927696228,0.2988019884,0.2069839984,2.1974999905,0.9581999779,0.9937000275,1.0,0.2184000015,6.0,1.0,1112.9718018,1048.8095703,0.2660039961,1.0,3.0465040207,3.0207154751,8.5
1903.6285,77.582000732,0.293727994,0.1940920055,2.2149999142,0.9700000286,1.0058000088,1.0,0.2275999933,6.0,1.0,,,0.2556009889,1.0,,,8.5
1903.7809,80.402297974,0.3011740148,0.1533980072,2.2544999123,0.994599998,1.0220999718,1.0,0.2924000025,3.0,1.0,,,0.2324090004,1.0,,,8.5
1903.9333,83.429702759,0.2915599942,0.1508730054,2.2815999985,1.0356999636,1.0435999632,1.0,0.3025999963,3.0,1.0,,,0.2162249982,1.0,,,8.5
1904.0857,86.468803406,0.2898190022,0.1268060058,2.2911000252,1.0772999525,1.0654000044,1.0,0.3100000024,3.0,1.0,9.2567605972,4.0009922981,0.2105569988,1.0,0.9664593339,0.6021678448,8.5
1904.2381,88.153297424,0.2898190022,0.1345120072,2.285200119,1.1081000566,1.0887000561,1.0,0.2940999866,3.0,1.0,9.2063684464,3.9906826019,0.2139430046,0.0,0.9640972018,0.6010574102,8.5
1904.3905,87.836898804,0.286036998,0.1395400017,2.2771000862,1.1227999926,1.1144000292,1.0,0.293599993,3.0,1.0,7.9202132225,3.345499754,0.2188470066,0.0,0.9664593339,0.6021678448,8.5
1904.5429,86.919898987,0.286036998,0.1508730054,2.2672998905,1.132799983,1.1407999992,1.0,0.2727000117,3.0,1.0,7.9366002083,3.3452000618,0.224526003,1.0,1.0846595466000002,0.6930180192,8.5
1904.6953,85.574203491,0.2763440013,0.1606770009,2.2630999088,1.1438000202,1.1639000177,1.0,0.2720000148,3.0,1.0,15.953715324,6.0795278549,0.2268619984,0.0,1.2028597593,0.7838681936,8.5
1904.8477,83.230499268,0.2737419903,0.1456670016,2.2811999321,1.1575000286,1.1792000532,1.0,0.260800004,3.0,1.0,16.470899582,6.2388000488,0.2160959989,0.0,1.2170346975,0.7954344749,8.5
1905.0001,80.398399353,0.2717559934,0.1347970068,2.2943999767,1.1723999977,1.1906000376,1.0,0.2720000148,3.0,1.0,34.877262115,13.564769745,0.2082529962,0.0,1.5424107313,1.1322728395,8.5
1905.1525,77.726600647,0.2632000148,0.1431909949,2.290899992,1.1849999428,1.1995999813,1.0,0.2479999959,3.0,1.0,107.65649414,43.580467224,0.2101490051,1.0,2.0320391655,1.6392900944,8.5
1905.3049,76.264602661,0.2648279965,0.1550820023,2.2767999172,1.1793999672,1.1886999607,1.0,0.2348999977,3.0,1.0,109.27359009,44.789287567,0.2184959948,1.0,2.0385146141,1.651173234,8.5
1905.4573,75.463897705,0.2663910091,0.1581230015,2.2725000381,1.1638000011,1.1670000553,1.0,0.2333000004,3.0,1.0,110.21810913,45.470684052,0.2210990041,1.0,2.0421915054,1.6576046944,8.5
1905.6097,74.660202026,0.2766799927,0.1458410025,2.2790999413,1.1483000517,1.1452000141,1.0,0.2651000023,3.0,1.0,218.0629425,137.307724,0.217396006,1.0,2.3385806084,2.1376931667,8.5
1905.7621,73.021499634,0.2772270143,0.1584240049,2.2650001049,1.1193000078,1.1267000437,1.0,0.2494000047,3.0,1.0,221.99649048,141.52923584,0.2257439941,1.0,2.3463387489,2.1508090496,8.5
1905.9145,70.841796875,0.2756780088,0.1939370036,2.2272000313,1.0815999508,1.1102999449,1.0,0.2003999949,3.0,1.0,223.32220459,142.69329834,0.2480310053,1.0,2.3486671448,2.1541306973,8.5
1906.0669,68.591796875,0.2735280097,0.1939370036,2.2272000313,1.0427999496,1.0940999985,1.0,0.1643999964,3.0,1.0,223.32220459,142.69329834,0.2632099986,1.0,2.3486671448,2.1541306973,8.5
1906.2193,69.347702026,0.2767440081,0.1939370036,2.2272000313,1.0326000452,1.0903999805,1.0,0.167899996,3.0,1.0,223.32220459,142.69329834,0.2480310053,1.0,2.5341043472,2.5330529213,8.5
1906.3717,73.558601379,0.2756600082,0.1939370036,2.2272000313,1.0555000305,1.100900054,1.0,0.1757999957,3.0,1.0,223.32220459,142.69329834,0.2480310053,1.0,2.5319132805,2.5307869911,8.5
1906.5241,78.535202026,0.276872009,0.1968729943,2.2232000828,1.0856000185,1.1145999432,1.0,0.1984000057,3.0,1.0,223.32220459,142.69329834,0.2504040003,1.0,2.3486671448,2.1541306973,8.5
1906.6765,82.960899353,0.2771880031,0.1793960035,2.2421000004,1.1174000502,1.1298999786,1.0,0.2217999995,3.0,1.0,15.927798271,6.0974969864,0.2392479926,1.0,1.2021871805,0.785179913,8.5
1906.8289,85.816398621,0.2788679898,0.1464380026,2.2695000172,1.1540000439,1.1499999762,1.0,0.285100013,3.0,1.0,7.9376001358,3.3482999802,0.2233610004,0.0,0.8997321129,0.5248780847,8.5
1906.9813,88.341796875,0.2890279889,0.1439120024,2.2767999172,1.1915999651,1.1711000204,1.0,0.2946999967,3.0,1.0,9.1279335022,3.9785940647,0.2189739943,0.0,0.960405767,0.5997515321,8.5
1907.1337,90.869102478,0.287974,0.1411599964,2.2797999382,1.2292000055,1.192299962,1.0,0.288500011,3.0,1.0,4.3066983223,2.5994989872,0.2171529979,0.0,0.8997321129,0.4148896933,8.5
1907.2861,92.625,0.2788679898,0.1376609951,2.2797999382,1.2404999733,1.2164000273,1.0,0.2946999967,3.0,1.0,4.3045930862,2.5983035564,0.2170040011,0.0,0.6339322329,0.4146897793,8.5
1907.4385,94.267601013,0.2873049974,0.1350660026,2.2839000225,1.2479000092,1.2409000397,1.0,0.2955000103,3.0,1.0,4.2953367233,2.6029319763,0.2147520036,0.0,0.6330147982,0.4154558182,8.5
1907.5909,95.910202026,0.2898829877,0.1187470034,2.2999999523,1.2553999424,1.2654000521,1.0,0.3208000064,3.0,1.0,,,0.205261007,0.0,,,8.5
1907.7433,99.554702759,0.2968029976,0.0978630036,2.3182001114,1.2706999779,1.2843999863,1.0,0.3587000072,3.0,1.0,,,0.1945990026,0.0,,,8.5
1907.8957,104.14839935,0.2942270041,0.0759669989,2.3438000679,1.2898000479,1.3006999493,1.0,0.3835000098,3.0,1.0,,,0.1793670058,0.0,,,8.5
1908.0481,108.79689789,0.3106809855,0.0732600018,2.3438000679,1.3091000319,1.3167999983,1.0,0.4508000016,3.0,1.0,,,0.1793670058,0.0,,,8.5
1908.2005,112.98439789,0.3094010055,0.0732600018,2.3438000679,1.3205000162,1.3320000172,1.0,0.4535000026,3.0,1.0,,,0.1793670058,0.0,,,8.5
1908.3529,116.56639862,0.3183239996,0.0419330001,2.3852000237,1.3217999935,1.3459999561,1.0,0.4530999959,2.0,1.0,0.0099999998,0.0099999998,0.164083004,0.0,-2.0,-2.0,8.5
1908.5053,120.12889862,0.3096629977,0.0356799997,2.390599966,1.3230999708,1.3598999977,1.0,0.4526999891,2.0,1.0,0.0099999998,0.0099999998,0.1577029973,0.0,-2.0,-2.0,8.5
1908.6577,122.93900299,0.3529930115,0.0732600018,2.342400074,1.3271000385,1.371999979,0.9531000257,0.4514000118,2.0,0.9531000257,0.0099999998,0.0099999998,0.1949220002,0.0,-2.0,-2.0,8.5
1908.8101,122.76860046,0.4001150131,0.1168550029,2.276599884,1.3416999578,1.3766000271,0.6895999908,0.4467000067,2.0,0.6895999908,0.0099999998,0.0099999998,0.2372470051,0.0,-2.0,-2.0,8.5
1908.9625,122.59790039,0.4425590038,0.1603370011,2.203099966,1.3562999964,1.3812999725,0.6895999908,0.4420999885,2.0,0.6895999908,0.0099999998,0.0099999998,0.2794980109,0.0,-2.0,-2.0,8.5
1909.1149,122.20510101,0.4001150131,0.1702059954,2.1817998886,1.3708000183,1.3837000132,0.6895999908,0.4377999902,2.0,0.6895999908,0.0099999998,0.0099999998,0.2881819904,0.0,-2.0,-2.0,8.5
1909.2673,120.01370239,0.4001150131,0.1511539966,2.2137999535,1.3848999739,1.3677999973,0.5605999827,0.4377999902,2.0,0.5605999827,0.0099999998,0.0099999998,0.2680209875,0.0,-2.0,-2.0,8.5
1909.4197,117.58200073,0.4001150131,0.1269650012,2.2734999657,1.3988000154,1.3494999409,0.6590999961,0.4336999953,2.0,0.6590999961,0.0099999998,0.0099999998,0.2427629977,0.0,-2.0,-2.0,8.5
1909.5721,113.65619659,0.3913969994,0.1064469963,2.3289000988,1.4002000093,1.3243000507,0.7634999752,0.429399997,2.0,0.7634999752,0.0099999998,0.0099999998,0.2221350074,0.0,-2.0,-2.0,8.5
1909.7245,101.1875,0.363932997,0.0923760012,2.3015999794,1.3296999931,1.2601000071,0.8187999725,0.429399997,2.0,0.8187999725,,,0.2137430012,0.0,,,8.5
1909.8769,83.8125,0.3296079934,0.1556710005,2.2334001064,1.2180000544,1.1735999584,0.9634000063,0.3328000009,2.0,0.9634000063,,,0.2453179955,1.0,,,8.5
1910.0293,67.25,0.2987090051,0.2433349937,2.1575000286,1.1078000069,1.0882999897,0.9333000183,0.1700000018,7.0,0.9333000183,1342.8031006,1244.0712891,0.2891219854,1.0,3.1279730797,3.0948059559,8.5
1910.1817,55.289100647,0.2927510142,0.2904259861,2.1096000671,1.0065000057,1.0110000372,0.9217000008,0.0986000001,7.0,0.9217000008,2180.7744141,2024.8162842,0.3169830143,1.0,3.3385059834,3.3062508106,8.5
1910.3341,49.195301056,0.2825909853,0.3190039992,2.0797998905,0.9167000055,0.9438999891,0.940500021,0.0392999984,7.0,0.940500021,2078.9116211,1066.9219971,0.3343859911,1.0,3.3178021908,3.0281207561,8.5
1910.4865,43.156200409,0.2783539891,0.3190039992,2.076499939,0.8277999759,0.877300024,0.9907000065,0.0392999984,7.0,0.9907000065,1685.6503906,1269.9130859,0.3369419873,1.0,3.2268338203,3.1038453579,8.5
1910.6389,38.972499847,0.272536993,0.3190039992,2.0910000801,0.7656000257,0.825699985,1.0,0.0372000001,7.0,1.0,2078.9116211,1589.0936279,0.3282339871,1.0,3.3178021908,3.3062508106,8.5
1910.7913,38.832199097,0.2783539891,0.3190039992,2.0885000229,0.7612000108,0.8068000078,1.0,0.0399000011,7.0,1.0,3200.9316406,2690.4335938,0.3297579885,1.0,3.5052764416,3.4298224449,8.5
1910.9437,38.691799164,0.2743420005,0.3191809952,2.0910000801,0.7569000125,0.787800014,1.0,0.0335999988,7.0,1.0,3201.5615234,2691.7324219,0.3282339871,1.0,3.5053584576,3.4300193787,8.5
1911.0961,38.894500732,0.2725969851,0.3144930005,2.0973000526,0.7540000081,0.7717999816,1.0,0.0372000001,7.0,1.0,3375.5432129,3228.8837891,0.3244970143,1.0,3.5283446312,3.5090510845,8.5
1911.2485,39.840801239,0.2675400078,0.3090650141,2.1066999435,0.7544000149,0.7620000243,1.0,0.0366000012,7.0,1.0,3322.1069336,3292.4772949,0.3189289868,1.0,3.5214135647,3.5175228119,8.5
1911.4009,40.988300323,0.26859501,0.2979339957,2.1182000637,0.7555999756,0.7540000081,1.0,0.0529000014,7.0,1.0,3321.2895508,3291.7192383,0.3121759892,1.0,3.5213086605,3.5174245834,8.5
1911.5533,42.135700226,0.2725209892,0.2946279943,2.1231999397,0.7576000094,0.7481999993,1.0,0.0680000037,7.0,1.0,3217.2189941,3201.1975098,0.3092989922,1.0,3.5074806213,3.5053124428,8.5
1911.7057,43.28319931,0.2723790109,0.2946279943,2.1192998886,0.7613999844,0.7483000159,1.0,0.063000001,7.0,1.0,3212.5627441,3204.9064941,0.3115870059,1.0,3.5068442822,3.505808115,8.5
1911.8581,44.433601379,0.2920849919,0.293994993,2.1152000427,0.7663999796,0.7519999743,1.0,0.1037999988,7.0,1.0,3589.2270508,3575.284668,0.3143000007,1.0,3.5549986362,3.5533082485,8.5
1912.0105,45.287101746,0.2964349985,0.2912920117,2.1068999767,0.7714999914,0.7556999922,1.0,0.1039000005,7.0,1.0,3723.1591797,3712.4870605,0.3192569911,1.0,3.5709116459,3.5696649551,8.5
1912.1629,44.501998901,0.3008260131,0.293994993,2.1010000706,0.77700001,0.7591000199,1.0,0.1070000008,7.0,1.0,3723.4348145,3712.7595215,0.3227919936,1.0,3.5709011555,3.5696520805,8.5
1912.3153,42.333999634,0.2928139865,0.2927620113,2.1077001095,0.7828999758,0.7621999979,1.0,0.0965000018,7.0,1.0,3165.8337402,3130.3901367,0.3187240064,1.0,3.5004873276,3.4955978394,8.5
1912.4677,40.167999268,0.299616009,0.2982519865,2.116699934,0.7888000011,0.7652999759,1.0,0.0785000026,7.0,1.0,3205.9362793,3166.2260742,0.3193779886,1.0,3.5059828758,3.5005700588,8.5
1912.6201,38.056598663,0.3061060011,0.303599,2.1261000633,0.7897999883,0.7666000128,1.0,0.0603,7.0,1.0,3520.9443359,3477.7724609,0.3198210001,1.0,3.5466630459,3.5413050652,8.5
1912.7725,36.007801056,0.2960009873,0.3084389865,2.1238000393,0.7860999703,0.7660999894,1.0,0.0425999984,7.0,1.0,3298.6135254,3263.0041504,0.3199020028,1.0,3.5183217525,3.5135912895,8.5
1912.9249,33.962898254,0.2832820117,0.3142290115,2.1173000336,0.7821000218,0.7655000091,1.0,0.0250000004,7.0,1.0,3186.4912109,2962.4196777,0.3209449947,1.0,3.5033183098,3.4716522694,8.5
1913.0773,33.022701263,0.2705970109,0.3120410144,2.1108000278,0.7784000039,0.7649999857,1.0,0.0370999984,7.0,1.0,2905.9689941,2690.9858398,0.3207409978,1.0,3.4632909298,3.429911375,8.5
1913.2297,33.507801056,0.2705219984,0.3142240047,2.1115000248,0.7752000093,0.7645999789,1.0,0.0370999984,7.0,1.0,2905.8215332,2690.8117676,0.3198809922,1.0,3.4632627964,3.4298770428,8.5
1913.3821,34.415000916,0.272397995,0.3142290115,2.1108000278,0.7720999718,0.7642999887,1.0,0.0288999993,7.0,1.0,3185.6958008,2961.5041504,0.3209449947,1.0,3.50319767,3.4715032578,8.5
1913.5345,35.368198395,0.2747339904,0.3120410144,2.1047000885,0.7682999969,0.7634000182,1.0,0.0370999984,7.0,1.0,3516.3830566,3393.7783203,0.322014004,1.0,3.5461010933,3.5306897163,8.5
1913.6869,36.428699493,0.2911959887,0.3175660074,2.095400095,0.7630000114,0.7609000206,1.0,0.0461999997,7.0,1.0,3235.9768066,3055.7607422,0.3299989998,1.0,3.5099956989,3.4851098061,8.5
1913.8393,37.53219986,0.2984449863,0.3190230131,2.0883998871,0.7570999861,0.757799983,1.0,0.0557999983,7.0,1.0,3138.0998535,2936.2363281,0.3340150118,1.0,3.4966711998,3.4677951336,8.5
1913.9917,38.646499634,0.3048160076,0.3204500079,2.0808000565,0.7515000105,0.7549999952,1.0,0.0653999969,7.0,1.0,3138.0998535,2936.2363281,0.3380250037,1.0,3.4966711998,3.4677951336,8.5
1914.1441,39.916999817,0.309318006,0.3241330087,2.0662000179,0.7501999736,0.7572000027,1.0,0.0763000026,7.0,1.0,2910.1374512,2739.9335938,0.3446530104,1.0,3.4639098644,3.4377305508,8.5
1914.2965,41.24710083,0.2996909916,0.3271979988,2.0666000843,0.7505999804,0.7612000108,1.0,0.0691,7.0,1.0,2873.4055176,2649.0112305,0.3435420096,1.0,3.4583969116,3.4230837822,8.5
1914.4489,42.574199677,0.2996909916,0.3219400048,2.0666000843,0.7508999705,0.7652999759,1.0,0.0892999992,7.0,1.0,2873.3771973,2648.8132324,0.3435420096,1.0,3.4583699703,3.4230101109,8.5
1914.6013,43.511699677,0.2996909916,0.3332490027,2.0666000843,0.7806000113,0.7903000116,0.9850000143,0.0551000014,7.0,0.9850000143,2645.4296875,2265.3137207,0.3435420096,1.0,3.4225049019,3.3551359177,8.5
1914.7537,44.230499268,0.2957560122,0.329057008,2.0666000843,0.8266999722,0.8270999789,0.9661999941,0.0538999997,7.0,0.9661999941,2281.328125,1994.7788086,0.3435420096,1.0,3.358212471,3.2999238968,8.5
1914.9061,44.920898438,0.2816590071,0.3296979964,2.0745000839,0.8748000264,0.8652999997,0.9564999938,0.0307,7.0,0.9564999938,2271.970459,1071.1646729,0.3379479945,1.0,3.3564176559,3.0298416615,8.5
1915.0585,47.03319931,0.2767109871,0.3183700144,2.0899000168,0.9204999804,0.8927000165,0.9527000189,0.0377000012,7.0,0.9527000189,1691.2407227,1319.0469971,0.3285099864,1.0,3.2281837463,3.1202273369,8.5
1915.2109,50.832000732,0.2760699987,0.288605988,2.1233000755,0.9631000161,0.9071999788,0.9746000171,0.0763000026,9.0,0.9746000171,2271.970459,2013.1063232,0.3091109991,1.0,3.3564176559,3.3038816452,8.5
1915.3633,54.867198944,0.2694259882,0.2450580001,2.1756999493,1.005300045,0.9199000001,1.0,0.123800002,9.0,1.0,1735.0279541,1534.4188232,0.2783290148,1.0,3.239335537,3.1859753132,8.5
1915.5157,57.847698212,0.2601990104,0.2503960133,2.2135999203,1.0326999426,0.9302999973,1.0,0.1480000019,9.0,1.0,932.18365479,767.0725708,0.2557669878,1.0,2.9695010185,2.8848361969,8.5
1915.6681,56.839801788,0.2690069973,0.2196169943,2.2039000988,1.0025999546,0.9322000146,1.0,0.1567000002,9.0,1.0,938.52679443,771.43463135,0.2617050111,1.0,2.9724264145,2.8872725964,8.5
1915.8205,55.458000183,0.2720000148,0.2419939935,2.1772999763,0.9671000242,0.9332000017,1.0,0.1317999959,9.0,1.0,1241.1853027,1097.0126953,0.2773939967,1.0,3.0938107967,3.0401856899,8.5
1915.9729,54.03319931,0.2880389988,0.2503960133,2.1575000286,0.9413999915,0.9340000153,1.0,0.1450999975,9.0,1.0,1752.9952393,1549.880127,0.2893750072,1.0,3.2437162399,3.190233469,8.5
1916.1253,52.511699677,0.281336993,0.2615889907,2.149600029,0.9409000278,0.9340000153,1.0,0.1202000007,9.0,1.0,3554.5620117,3142.7194824,0.2938689888,1.0,3.5507860184,3.4973056316,8.5
1916.2777,50.982398987,0.2801089883,0.259517014,2.1526999474,0.9416000247,0.9340000153,1.0,0.121100001,9.0,1.0,3554.4643555,3142.5212402,0.2920260131,1.0,3.5507743359,3.4972784519,8.5
1916.4301,50.162101746,0.2791880071,0.2465109974,2.1675999165,0.9391999841,0.9316999912,1.0,0.136800006,9.0,1.0,3550.9262695,3134.7822266,0.2832419872,1.0,3.5503165722,3.4961822033,8.5
1916.5825,50.140300751,0.2665880024,0.2374089956,2.1860001087,0.9334999919,0.9269000292,1.0,0.1296000034,9.0,1.0,3238.2277832,2856.1904297,0.2722069919,1.0,3.5103228092,3.4558024406,8.5
1916.7349,50.21780014,0.2724789977,0.2293899953,2.1909000874,0.9273999929,0.9218999743,1.0,0.1491000056,9.0,1.0,2451.7329102,2162.8864746,0.2694270015,1.0,3.3894529343,3.3350133896,8.5
1916.8873,49.460899353,0.2643850148,0.2489120066,2.1747999191,0.9315999746,0.924399972,1.0,0.1111000031,9.0,1.0,3240.4106445,2860.888916,0.2787410021,1.0,3.5105938911,3.4564948082,8.5
1917.0397,47.767601013,0.2896260023,0.2467000037,2.1688001156,0.9473000169,0.9355999827,1.0,0.1439999938,9.0,1.0,3552.3457031,3137.1157227,0.2853550017,1.0,3.5505151749,3.4965305328,8.5
1917.1921,46.156200409,0.290903002,0.256366998,2.1603000164,0.9629999995,0.9466000199,1.0,0.1300999969,9.0,1.0,3554.520752,3141.3469238,0.2912890017,1.0,3.5507810116,3.4971158504,8.5
1917.3445,45.561798096,0.2948920131,0.259119004,2.1619000435,0.9797000289,0.9570000172,1.0,0.125,9.0,1.0,3554.6499023,3141.5107422,0.2926610112,1.0,3.5507967472,3.4971385002,8.5
1917.4969,45.788101196,0.2874859869,0.2526850104,2.1695001125,0.9970999956,0.9667000175,1.0,0.1269000024,9.0,1.0,3553.3049316,3138.8330078,0.2867470086,1.0,3.5506324768,3.4967682362,8.5
1917.6493,46.014198303,0.2805440128,0.2483409941,2.1723001003,1.0145000219,0.9764999747,1.0,0.1289000064,9.0,1.0,3551.6213379,3136.0236816,0.282923013,1.0,3.5504322052,3.4963848591,8.5
1917.8017,48.601600647,0.271423012,0.2436240017,2.1760001183,1.0233999491,0.9800000191,1.0,0.1288000047,9.0,1.0,3239.5119629,2861.0537109,0.27818501,1.0,3.5104954243,3.4565420151,8.5
1917.9541,52.019500732,0.2582539916,0.2460079938,2.1821000576,1.0292999744,0.981400013,1.0,0.1288000047,9.0,1.0,2420.5812988,2138.5495605,0.2743470073,1.0,3.383960247,3.3301596642,8.5
1918.1065,55.433601379,0.2518739998,0.2403320074,2.1926000118,1.0314999819,0.9825999737,1.0,0.1033999994,9.0,1.0,913.04266357,761.77911377,0.2680679858,1.0,2.9605050087,2.8818264008,8.5
1918.2589,58.824199677,0.2566489875,0.2252079993,2.1970999241,1.0188000202,0.9826999903,1.0,0.1305000037,9.0,1.0,913.04266357,754.62365723,0.2658590078,1.0,2.9605050087,2.8818264008,8.5
1918.4113,62.203098297,0.2726809978,0.2252079993,2.1970999241,0.9990000129,0.9824000001,1.0,0.1788000017,9.0,1.0,709.61199951,761.77911377,0.2658590078,1.0,2.8510260582,2.8818264008,8.5
1918.5637,58.824199677,0.2845830023,0.1989179999,2.2163000107,0.9850000143,0.9825999737,1.0,0.2076999992,9.0,1.0,722.1854248,761.77911377,0.2546310127,1.0,2.8586485386,2.8818264008,8.5
1918.7161,63.185501099,0.2881340086,0.1971739978,2.2158999443,0.9941999912,0.9850999713,1.0,0.2153999954,9.0,1.0,725.57202148,761.77911377,0.2549490035,1.0,2.8606307507,2.8818264008,8.5
1918.8685,60.742198944,0.2790629864,0.219769001,2.1970999241,1.0095000267,0.9882000089,1.0,0.1718000025,9.0,1.0,1300.4448242,1071.6751709,0.2658590078,1.0,3.1140918732,3.0300631523,8.5
1919.0209,58.285198212,0.2730790079,0.2310560048,2.1886999607,1.0196000338,0.9883999825,1.0,0.1479000002,9.0,1.0,1301.6661377,1070.3596191,0.2707149982,1.0,3.11450243,3.029528141,8.5
1919.1733,55.765598297,0.2778609991,0.2437949926,2.1716001034,0.9965999722,0.9692999721,1.0,0.1384000033,9.0,1.0,1242.1671143,1097.9649658,0.2809050083,1.0,3.0941188335,3.0405275822,8.5
1919.3257,53.244098663,0.2837960124,0.240023002,2.1717998981,0.9728999734,0.9498000145,1.0,0.1524000019,9.0,1.0,2447.7922363,1529.8425293,0.280885011,1.0,3.3887462616,3.334590435,8.5
1919.4781,52.154800415,0.2898119986,0.2436819971,2.1638000011,0.9512000084,0.9329000115,1.0,0.1567000002,9.0,1.0,3549.6193848,3131.2451172,0.2857030034,1.0,3.5501818657,3.4957170486,8.5
1919.6305,53.232398987,0.2842420042,0.2421610057,2.1691000462,0.9325000048,0.9199000001,1.0,0.1502999961,9.0,1.0,3546.8815918,3125.875,0.2824450135,1.0,3.5498623848,3.4949908257,8.5
1919.7829,54.757801056,0.2949999869,0.2219450027,2.1842000484,0.9143999815,0.9077000022,1.0,0.1932999939,9.0,1.0,2663.3010254,2169.6484375,0.2737570107,1.0,3.4254388809,3.3364078999,8.5
1919.9353,55.285198212,0.3000279963,0.2126269937,2.1956999302,0.9017999768,0.8999000192,1.0,0.2087000012,9.0,1.0,1878.2341309,1529.8425293,0.2685770094,1.0,3.2737352848,3.1846363544,8.5
1920.0877,54.08890152,0.3128269911,0.2253679931,2.1860001087,0.8986999989,0.8995000124,1.0,0.1984000057,9.0,1.0,2313.6987305,1781.4157715,0.2785489857,1.0,3.3643672466,3.2508335114,8.5
1920.2401,52.938499451,0.3070389926,0.2384870052,2.1593999863,0.8955000043,0.8991000056,1.0,0.188500002,9.0,1.0,2805.503418,2208.401123,0.2890050113,1.0,3.4479939938,3.3440513611,8.5
1920.3925,52.347301483,0.3203549981,0.2521309853,2.1424999237,0.8917999864,0.8982999921,1.0,0.1834000051,9.0,1.0,3555.4916992,3142.5192871,0.3012779951,1.0,3.550899744,3.4972784519,8.5
1920.5449,52.467300415,0.2996279895,0.2607629895,2.1384999752,0.8871999979,0.8968999982,1.0,0.1491000056,9.0,1.0,3557.7880859,3148.2426758,0.3007319868,1.0,3.5511801243,3.4980680943,8.5
1920.6973,52.587299347,0.3012570143,0.2589919865,2.1394000053,0.882700026,0.8955000043,1.0,0.1539999992,9.0,1.0,3557.9047852,3148.7590332,0.3002490103,1.0,3.5511944294,3.4981393814,8.5
1920.8497,52.460201263,0.3019120097,0.2544539869,2.1438999176,0.8737999797,0.8884000182,1.0,0.1608999968,9.0,1.0,3556.793457,3146.7385254,0.2975789905,1.0,3.5510759354,3.4978795052,8.5
1921.0021,52.200000763,0.3260950148,0.2607629895,2.13560009,0.8623999953,0.878099978,1.0,0.182099998,9.0,1.0,,,0.3062280118,1.0,,,8.5
1921.1545,51.937698364,0.3212690055,0.2641960084,2.1203999519,0.8515999913,0.8677999973,1.0,0.1774999946,9.0,1.0,,,0.3117560148,1.0,,,8.5
1921.3069,51.726299286,0.318080008,0.2699210048,2.1161999702,0.8467000127,0.858799994,1.0,0.1650999933,9.0,1.0,,,0.3141539991,1.0,,,8.5
1921.4593,51.541698456,0.3052810133,0.2762489915,2.1177000999,0.8450000286,0.850399971,1.0,0.1372999996,9.0,1.0,3456.833252,3328.9528809,0.3130320013,1.0,3.5386912823,3.52231884,8.5
1921.6117,51.69380188,0.2991259992,0.2759490013,2.1222000122,0.8446000218,0.8442000151,1.0,0.1283999979,9.0,1.0,2752.6630859,2741.1604004,0.3103300035,1.0,3.439753294,3.4379348755,8.5
1921.7641,53.212898254,0.2832340002,0.2762489915,2.1256999969,0.8496999741,0.8464999795,1.0,0.0957999974,9.0,1.0,2737.4775391,2725.927002,0.3079819977,1.0,3.4373631477,3.4355301857,8.5
1921.9165,55.375,0.2848269939,0.276872009,2.1307001114,0.8572999835,0.852699995,1.0,0.1054000035,9.0,1.0,2192.1047363,2034.7607422,0.305103004,1.0,3.3408691883,3.3085212708,8.5
1922.0689,57.556598663,0.2842409909,0.2916570008,2.1147999763,0.8650000095,0.8590000272,1.0,0.0850000009,9.0,1.0,1915.1525879,1780.4383545,0.3144260049,1.0,3.2820665836,3.2503869534,8.5
1922.2213,61.601600647,0.2934440076,0.2814739943,2.1198999882,0.8768000007,0.8676999807,1.0,0.1124000028,9.0,1.0,995.77770996,906.00128174,0.3115839958,1.0,2.9981245995,2.9570872784,8.5
1922.3737,65.664100647,0.3027699888,0.2621259987,2.1349999905,0.8885999918,0.8763999939,1.0,0.1521999985,9.0,1.0,1595.1337891,1504.1502686,0.3028639853,1.0,3.2028005123,3.1772944927,8.5
1922.5261,67.970703125,0.3148939908,0.2423429936,2.1486999989,0.9017999768,0.8845999837,1.0,0.1967000067,9.0,1.0,1614.6177979,1521.1707764,0.2950049937,1.0,3.2080700397,3.1821782589,8.5
1922.6785,66.216796875,0.3078880012,0.247615993,2.1475999355,0.9180999994,0.8917999864,1.0,0.1791000068,9.0,1.0,1608.8422852,1516.0717773,0.295558989,1.0,3.2065367699,3.1807420254,8.5
1922.8309,63.525398254,0.3030380011,0.260044992,2.1370999813,0.935199976,0.8988000154,0.9966999888,0.1553000063,9.0,0.9966999888,1009.9859619,980.95050049,0.301613003,1.0,3.0043287277,2.9916601181,8.5
1922.9833,62.22359848,0.2958489954,0.2582400143,2.1438999176,0.9419000149,0.9035999775,1.0,0.1467999965,6.0,1.0,794.45135498,777.19128418,0.2975249887,1.0,2.9000301361,2.8904936314,8.5
1923.1357,63.416000366,0.3002550006,0.2436659932,2.1570000648,0.9301999807,0.904399991,1.0,0.1727000028,6.0,1.0,1266.2011719,1201.5336914,0.2898870111,1.0,3.1024961472,3.0797336102,8.5
1923.2881,64.992202759,0.3153600097,0.2362219989,2.1552000046,0.9164999723,0.9049000144,1.0,0.2055000067,6.0,1.0,1397.3879395,1246.2114258,0.2912200093,1.0,3.1453025341,3.0955748558,8.5
1923.4405,67.363296509,0.3346520066,0.239222005,2.138999939,0.913500011,0.9071999788,0.9872999787,0.2308000028,6.0,0.9872999787,1720.0581055,1580.8479004,0.3009830117,1.0,3.2355430126,3.1988899708,8.5
1923.5929,71.238296509,0.3285439909,0.2522769868,2.1284999847,0.9308999777,0.9131000042,0.9616000056,0.2039999962,6.0,0.9616000056,1722.7451172,1583.5080566,0.3068690002,1.0,3.2362248898,3.1996233463,8.5
1923.7453,75.113296509,0.318264991,0.2547169924,2.132600069,0.948300004,0.9190000296,0.9667000175,0.1852000058,6.0,0.9667000175,1620.1397705,1507.8258057,0.3042739928,1.0,3.2096123695,3.1783590317,8.5
1923.8977,77.435501099,0.3077610135,0.2489490062,2.1461999416,0.9524000287,0.9200000167,0.9980000257,0.1771000028,6.0,0.9980000257,1960.2071533,1549.7258301,0.2963429987,1.0,3.2923078537,3.1902611256,8.5
1924.0501,78.467796326,0.330170989,0.2137109935,2.1702001095,0.9455000162,0.9168000221,1.0,0.2578000128,6.0,1.0,1778.2285156,1394.5096436,0.282671988,1.0,3.2499833107,3.1444163322,8.5
1924.2025,79.409202576,0.3384270072,0.1957779974,2.1844000816,0.9379000068,0.9132999778,1.0,0.2939999998,6.0,1.0,1751.5732422,1369.4632568,0.27442801,1.0,3.2434289455,3.1365501881,8.5
1924.3549,79.932601929,0.322596997,0.200357005,2.1898999214,0.9276000261,0.9086999893,1.0,0.2639000118,6.0,1.0,1733.6065674,1373.2764893,0.270934999,1.0,3.2389574051,3.1377620697,8.5
1924.5073,80.202598572,0.3177709877,0.2152020037,2.1767001152,0.9157999754,0.9035000205,1.0,0.2369000018,6.0,1.0,1774.9840088,1393.4024658,0.2785739899,1.0,3.2491943836,3.1440765858,8.5
1924.6597,80.060501099,0.3103890121,0.2268420011,2.1688001156,0.9046000242,0.8988000154,1.0,0.2102999985,6.0,1.0,1774.9597168,1393.2398682,0.2830969989,1.0,3.2491884232,3.1440258026,8.5
1924.8121,77.968803406,0.3329400122,0.2181410044,2.1635000706,0.896600008,0.8962000012,1.0,0.2561999857,6.0,1.0,1773.7116699,1393.0507813,0.2866449952,1.0,3.2488985062,3.1439743042,8.5
1924.9645,74.550796509,0.317099005,0.2233410031,2.168200016,0.8906000257,0.8952000141,1.0,0.2251999974,6.0,1.0,1712.5523682,1393.2398682,0.2835560143,1.0,3.2336475849,3.1440258026,8.5
1925.1169,71.144500732,0.3168089986,0.2388519943,2.1514000893,0.8853999972,0.8949000239,1.0,0.2043000013,6.0,1.0,1712.5523682,1574.5739746,0.293471992,1.0,3.2336475849,3.1971652508,8.5
1925.2693,68.205101013,0.3062730134,0.2268420011,2.1635000706,0.8967999816,0.9125999808,0.9998999834,0.1492000073,6.0,0.9998999834,1614.8764648,1521.59375,0.2866449952,1.0,3.2081391811,3.1822986603,8.5
1925.4217,65.357398987,0.3165520132,0.2587139904,2.1296000481,0.9114000201,0.9337999821,0.9883000255,0.2251999974,6.0,0.9883000255,1616.9633789,1523.2972412,0.3061839938,1.0,3.2087087631,3.1827962399,8.5
1925.5741,63.316398621,0.3186500072,0.229546994,2.1603999138,0.9365000129,0.9571999907,1.0,0.2194000036,6.0,1.0,1397.6677246,1246.3236084,0.2881889939,1.0,3.1453747749,3.0956053734,8.5
1925.7265,64.755897522,0.3190869987,0.1849920005,2.209100008,1.0068000555,0.9897999763,1.0,0.2788000107,3.0,1.0,1616.9633789,1752.3304443,0.259517014,1.0,3.2087087631,3.2435758114,8.5
1925.8789,66.994102478,0.3039999902,0.1636400074,2.2425000668,1.0874999762,1.024600029,1.0,0.2838999927,3.0,1.0,,,0.2395250052,1.0,,,8.5
1926.0313,70.734397888,0.2993749976,0.1311970055,2.2811999321,1.1375999451,1.0483000278,1.0,0.3194999993,3.0,1.0,,,0.2165960073,1.0,,,8.5
1926.1837,77.5,0.3119679987,0.1532399952,2.2425000668,1.1258000135,1.0494999886,1.0,0.3194999993,3.0,1.0,,,0.2395250052,1.0,,,8.5
1926.3361,85.101600647,0.347288996,0.1532399952,2.2425000668,1.0973000526,1.0446000099,1.0,0.3194999993,3.0,1.0,,,0.2395250052,1.0,,,8.5
1926.4885,71.117202759,0.3406249881,0.0986440033,2.2897999287,1.074000001,1.0410000086,1.0,0.3194999993,3.0,1.0,,,0.2123059928,1.0,,,8.5
1926.6409,71.117202759,0.3257550001,0.1532399952,2.239700079,1.0575000048,1.0399999619,1.0,0.3307999969,3.0,1.0,,,0.2416339964,1.0,,,8.5
1926.7933,71.117202759,0.3042039871,0.1967850029,2.2060000896,1.0414999723,1.0390000343,1.0,0.2406000048,9.0,1.0,1685.015625,1470.6263428,0.2610630095,1.0,3.226596117,3.1674940586,8.5
1926.9457,61.992198944,0.3079609871,0.2166450024,2.1816999912,1.0255000591,1.0381000042,1.0,0.2201000005,9.0,1.0,1892.0096436,1662.9360352,0.275454998,1.0,3.2769570351,3.2209088802,8.5
1927.0981,58.945301056,0.2961170077,0.2403749973,2.1633999348,1.0182000399,1.0314999819,0.9958000183,0.1708000004,9.0,0.9958000183,1736.7963867,1530.6607666,0.2859930098,1.0,3.2397484779,3.1847977638,8.5
1927.2505,56.896499634,0.2961170077,0.2216469944,2.1816999912,1.0124000311,1.0240000486,0.9912999868,0.1920000017,9.0,0.9912999868,1724.6434326,1529.1335449,0.275454998,1.0,3.2366988659,3.1844451427,8.5
1927.4029,54.890598297,0.2768779993,0.2216469944,2.1816999912,1.0066000223,1.0164999962,0.986800015,0.1080000028,9.0,0.986800015,1736.7963867,1538.6343994,0.275454998,1.0,3.2397484779,3.1871352196,8.5
1927.5553,54.450901031,0.2807449996,0.2395920008,2.1744999886,0.9902999997,1.0059000254,1.0,0.1483999938,9.0,1.0,1747.6838379,1543.0426025,0.2792339921,1.0,3.2424583435,3.188378334,8.5
1927.7077,55.042999268,0.2996700108,0.2167029977,2.1882998943,0.9671000242,0.9933999777,1.0,0.2063000053,9.0,1.0,1709.5593262,1530.6607666,0.2718060017,1.0,3.2731552124,3.1847977638,8.5
1927.8601,55.733398438,0.2938019931,0.2216469944,2.1856000423,0.9430999756,0.9805999994,1.0,0.1920000017,9.0,1.0,1717.1013794,1511.95861815,0.2729130089,1.0,3.2366988659,3.1844451427,8.5
1928.0125,58.671901703,0.3100790083,0.2113550007,2.1861999035,0.940599978,0.9799000025,1.0,0.230399996,9.0,1.0,1709.5593262,1494.7836914,0.2728649974,1.0,3.1961314678,3.1796882152499997,8.5
1928.1649,65.843803406,0.2995460033,0.2097129971,2.1949000359,0.978399992,1.0017999411,1.0,0.2164999992,9.0,1.0,1709.5593262,1494.7836914,0.2675110102,1.0,3.2328846455,3.1745786667,8.5
1928.3173,73.554702759,0.3033440113,0.1750880033,2.2304999828,1.0213999748,1.0266000032,1.0,0.2678999901,3.0,1.0,1699.3695068,1488.3233643,0.2466090024,1.0,,,8.5
1928.4697,80.843803406,0.2905749977,0.1562519968,2.2595999241,1.0642999411,1.0523999929,1.0,0.2732000053,3.0,1.0,,,0.2291830033,1.0,,,8.5
1928.6221,83.193397522,0.3142249882,0.1324020028,2.2732999325,1.1061999798,1.089400053,1.0,0.3443999887,3.0,1.0,,,0.221529007,0.0,,,8.5
1928.7745,84.738296509,0.310826987,0.1307650059,2.2743000984,1.1480000019,1.1282000542,1.0,0.3377000093,3.0,1.0,,,0.2208950073,0.0,,,8.5
1928.9269,86.277297974,0.3115589917,0.1234520003,2.2818000317,1.189800024,1.1669000387,1.0,0.3483999968,3.0,1.0,,,0.2164410055,0.0,,,8.5
1929.0793,88.244102478,0.2991299927,0.1272480041,2.2857999802,1.2163000107,1.1936999559,1.0,0.3244000077,3.0,1.0,8.9877328873,3.9727053642,0.2138309926,0.0,0.6322194636,0.41579027474999997,8.5
1929.2317,90.400398254,0.2935189903,0.1324020028,2.2839000225,1.236199975,1.2151999474,1.0,0.3091000021,3.0,1.0,4.2899947166,2.6076955795,0.2148829997,0.0,0.6324568391,0.4162570238,8.5
1929.3841,92.576202393,0.2888039947,0.1605000049,2.2560999393,1.255300045,1.2360999584,1.0,0.2648999989,3.0,1.0,4.2833013535,2.602096796,0.2311919928,1.0,0.6317785978,0.4153235257,8.5
1929.5365,92.082000732,0.2816280127,0.1764940023,2.2432999611,1.2669999599,1.2467999458,1.0,0.2328999937,3.0,1.0,4.2853102684,2.5982012749,0.2386430055,1.0,0.6319820881,0.4146727622,8.5
1929.6889,88.539100647,0.2891719937,0.1608510017,2.2555000782,1.2704000473,1.2460000515,1.0,0.2649999857,3.0,1.0,4.298500061,2.5998001099,0.2315610051,1.0,,,8.5
1929.8413,84.406196594,0.2926560044,0.1332840025,2.2834999561,1.2721999884,1.2429000139,1.0,0.3066000044,3.0,1.0,,,0.2150840014,0.0,,,8.5
1929.9937,78.789100647,0.2971670032,0.1090819985,2.3071000576,1.2640999556,1.2354999781,1.0,0.345299989,3.0,1.0,,,0.2012010068,0.0,,,8.5
1930.1461,68.0625,0.3034859896,0.1238550022,2.3078000546,1.2216000557,1.2129000425,1.0,0.3183000088,3.0,1.0,,,0.2087450027,0.0,,,8.5
1930.2985,56.046901703,0.2979780138,0.1750199944,2.2832000256,1.1707999706,1.1864999533,1.0,0.2149000019,3.0,1.0,,,0.2323309928,1.0,,,8.5
1930.4509,44.046901703,0.276293993,0.2243559957,2.2460000515,1.1198999882,1.1601999998,1.0,0.1115999967,7.0,1.0,,,0.2541289926,1.0,,,8.5
1930.6033,39.884799957,0.233366996,0.2337059975,2.2207999229,1.1085000038,1.1376999617,1.0,0.0758000016,7.0,1.0,4373.2661133,4190.4838867,0.2539269924,1.0,3.6408057213,3.6222641468,8.5
1930.7557,38.412101746,0.2182369977,0.2437780052,2.2111999989,1.1107000113,1.1164000034,1.0,0.0476999991,7.0,1.0,4371.1147461,4188.5805664,0.2564930022,1.0,3.6405920982,3.6220667362,8.5
1930.9081,37.042999268,0.2162629962,0.2422640026,2.214099884,1.1133999825,1.0951999426,1.0,0.0467000008,7.0,1.0,4373.2661133,4190.4838867,0.2547070086,1.0,3.6408057213,3.6222641468,8.5
1931.0605,36.365200043,0.2237239927,0.2441229969,2.2176001072,1.089599967,1.0678999424,1.0,0.0454999991,7.0,1.0,4376.7158203,4194.0180664,0.2562670112,1.0,3.6411483288,3.6226301193,8.5
1931.2129,36.246200562,0.2232879996,0.2421759963,2.223099947,1.0443999767,1.035599947,1.0,0.0445000008,7.0,1.0,4379.5029297,4196.8476563,0.2540459931,1.0,3.6414248943,3.6229231358,8.5
1931.3653,36.24079895,0.2240249962,0.2398069948,2.2297999859,0.9947000146,1.002300024,1.0,0.0445000008,7.0,1.0,4380.8486328,4198.0556641,0.2516629994,1.0,3.6415581703,3.6230483055,8.5
1931.5177,35.886699677,0.2138790041,0.2380930036,2.2277998924,0.9556999803,0.9768000245,1.0,0.0414000005,7.0,1.0,4380.5732422,4197.5351563,0.2491360009,1.0,3.6415331364,3.6229963303,8.5
1931.6701,34.878898621,0.2153519988,0.2442709953,2.2228999138,0.9368000031,0.9661999941,1.0,0.0328000002,7.0,1.0,4376.7158203,4194.0180664,0.2530030012,1.0,3.6411483288,3.6226301193,8.5
1931.8225,33.667999268,0.2161770016,0.2570129931,2.2028999329,0.9240000248,0.9602000117,1.0,0.0222999994,7.0,1.0,4563.9858398,4411.6054688,0.2629680037,1.0,3.659350872,3.6446025372,8.5
1931.9749,32.564498901,0.2290669978,0.2677130103,2.1977000237,0.9129999876,0.9549999833,1.0,0.0129000004,7.0,1.0,4081.8894043,3996.7368164,0.2711380124,1.0,3.6107952595,3.6016283035,8.5
1932.1273,32.329299927,0.2314440012,0.2749910057,2.1840000153,0.915199995,0.9570000172,1.0,0.0108000003,7.0,1.0,3137.7871094,2914.1201172,0.277877003,1.0,3.4966256618,3.4645109177,8.5
1932.2797,32.444698334,0.2350029945,0.2803359926,2.1730999947,0.9228000045,0.9617999792,1.0,0.0118000004,7.0,1.0,3031.1777344,2758.9157715,0.2834860086,1.0,3.4816114902,3.4407384396,8.5
1932.4321,32.559898376,0.2302380055,0.2810199857,2.1867001057,0.9302999973,0.9667000175,1.0,0.0127999997,7.0,1.0,3031.262207,2758.9404297,0.2844330072,1.0,3.4816198349,3.4407372475,8.5
1932.5845,32.601200104,0.2212669998,0.2762010098,2.1735999584,0.9376000166,0.9686999917,1.0,0.0127999997,7.0,1.0,3205.4711914,2979.5532227,0.2787669897,1.0,3.5058922768,3.4741482735,8.5
1932.7369,32.593101501,0.2192800045,0.2686110139,2.1867001057,0.9445000291,0.9689999819,1.0,0.0131000001,7.0,1.0,3185.8666992,3116.0715332,0.2721000016,1.0,3.503228426,3.4936113358,8.5
1932.8893,32.577899933,0.2324849963,0.2708880007,2.192800045,0.9514999986,0.9689999819,1.0,0.0130000003,7.0,1.0,3142.0437012,2918.8925781,0.2743409872,1.0,3.4971983433,3.4651987553,8.5
1933.0417,32.560699463,0.2412900031,0.2752549946,2.1896998882,0.9550999999,0.966899991,1.0,0.0127999997,7.0,1.0,3833.6950684,3814.3251953,0.2786689997,1.0,3.5836176872,3.581417799,8.5
1933.1941,32.540699005,0.2505210042,0.2727989852,2.2037000656,0.954400003,0.9620000124,1.0,0.0126,7.0,1.0,3830.279541,3811.0168457,0.2761670053,1.0,3.5832221508,3.5810325146,8.5
1933.3465,32.519798279,0.2348349988,0.2658450007,2.2077000141,0.9523000121,0.9563000202,1.0,0.0125000002,7.0,1.0,4341.2543945,4318.0917969,0.269163996,1.0,3.6376152039,3.6352918148,8.5
1933.4989,32.670700073,0.2364680022,0.2691389918,2.1997001171,0.9514999986,0.9509999752,1.0,0.0137999998,7.0,1.0,4344.1791992,4320.9018555,0.272803992,1.0,3.6379115582,3.6355791092,8.5
1933.6513,33.371101379,0.2290450037,0.2686919868,2.1882998943,0.9546999931,0.9470000267,1.0,0.0197999999,7.0,1.0,4082.7509766,3997.7111816,0.2739599943,1.0,3.6108930111,3.6017432213,8.5
1933.8037,34.334999084,0.2401269972,0.2706449926,2.1847999096,0.959800005,0.943599999,1.0,0.0281000007,7.0,1.0,3226.0996094,3040.2954102,0.2781189978,1.0,3.5086693764,3.4829034805,8.5
1933.9561,35.302700043,0.2456029952,0.2670899928,2.1812999249,0.9649999738,0.9402999878,1.0,0.0364000015,9.0,1.0,3660.1860352,3634.5722656,0.2802500129,1.0,3.5634932518,3.5604448318,8.5
1934.1085,36.570301056,0.2532460093,0.2670899928,2.1854000092,0.9746999741,0.9548000097,1.0,0.0472999997,9.0,1.0,3531.5698242,3524.2287598,0.2796779871,1.0,3.547978878,3.5470807552,8.5
1934.2609,38.02930069,0.265260011,0.2654179931,2.1870000362,0.9873999953,0.980799973,1.0,0.059799999,9.0,1.0,2917.1906738,2591.9536133,0.2781189978,1.0,3.464962244,3.4136250019,8.5
1934.4133,39.496101379,0.2669790089,0.2591789961,2.1912000179,1.0001000166,1.0068999529,1.0,0.0724000037,9.0,1.0,3038.439209,2689.1091309,0.278459996,1.0,3.4826464653,3.4296045303,8.5
1934.5657,45.703098297,0.265260011,0.2445210069,2.1912000179,1.0506999493,1.0484999418,1.0,0.1137999967,9.0,1.0,3236.0834961,2857.376709,0.2748019993,1.0,3.5100646019,3.4560134411,8.5
1934.7181,57.078098297,0.2666710019,0.2324990034,2.1972000599,1.1423000097,1.1071000099,1.0,0.123800002,9.0,1.0,3038.439209,763.02593994,0.2654570043,1.0,3.4826464653,3.4296045303,8.5
1934.8705,69.781196594,0.2666710019,0.1752150059,2.2546999454,1.2446000576,1.1699999571,1.0,0.2118999958,3.0,1.0,,,0.2316019982,1.0,,,8.5
1935.0229,80.828102112,0.2906729877,0.0960839987,2.3259000778,1.3210999966,1.2226999998,1.0,0.352699995,3.0,1.0,,,0.1899210066,0.0,,,8.5
1935.1753,88.460899353,0.3029299974,0.0373300016,2.3872001171,1.3445999622,1.2541999817,1.0,0.4458000064,3.0,1.0,,,0.1899210066,0.0,,,8.5
1935.3277,94.453102112,0.3074910045,0.0368690006,2.3970999718,1.3422000408,1.2754000425,1.0,0.4465000033,3.0,1.0,,,0.1556649953,0.0,,,8.5
1935.4801,99.984397888,0.3283169866,0.0505549982,2.3861000538,1.3384000063,1.2953000069,1.0,0.4476999938,2.0,1.0,0.0099999998,0.0099999998,0.1696580052,0.0,-2.0,-2.0,8.5
1935.6325,102.58249664,0.3325490057,0.0578569993,2.363699913,1.3260999918,1.3068000078,1.0,0.451700002,2.0,1.0,0.0099999998,0.0099999998,0.1780039966,0.0,-2.0,-2.0,8.5
1935.7849,103.0503006,0.3283169866,0.0718630031,2.342799902,1.3076000214,1.3122999668,0.9460999966,0.4578999877,2.0,0.9460999966,0.0099999998,0.0099999998,0.1936459988,0.0,-2.0,-2.0,8.5
1935.9373,103.51760101,0.3344019949,0.0606350005,2.339099884,1.2891999483,1.3177000284,1.0,0.4643000066,2.0,1.0,0.0099999998,0.0099999998,0.1841250062,0.0,-2.0,-2.0,8.5
1936.0897,103.01950073,0.3316420019,0.0490120016,2.3638000488,1.2755999565,1.3169000149,1.0,0.4693000019,2.0,1.0,0.0099999998,0.0099999998,0.1738090068,0.0,-2.0,-2.0,8.5
1936.2421,101.51170349,0.3129369915,0.026966,2.3970000744,1.2669999599,1.3095999956,1.0,0.4724000096,2.0,1.0,0.0099999998,0.0099999998,0.1526010036,0.0,-2.0,-2.0,8.5
1936.3945,99.869102478,0.2942770123,0.0059500001,2.4240999222,1.2591999769,1.3013999462,1.0,0.4754000008,2.0,1.0,0.0099999998,0.0099999998,0.1323730052,0.0,-2.0,-2.0,8.5
1936.5469,98.87550354,0.3000879884,0.0115430001,2.4123001099,1.2504999638,1.2936999798,1.0,0.4778000116,2.0,1.0,0.0099999998,0.0099999998,0.1385850012,0.0,-2.0,-2.0,8.5
1936.6993,98.964797974,0.3137840033,0.0290259998,2.3842999935,1.2403999567,1.2867000103,1.0,0.476000011,2.0,1.0,0.0099999998,0.0099999998,0.1555760056,0.0,-2.0,-2.0,8.5
1936.8517,99.504898071,0.3329110146,0.0402540006,2.3657999039,1.2297999859,1.280099988,1.0,0.476000011,2.0,1.0,0.0099999998,0.0099999998,0.1697600037,0.0,-2.0,-2.0,8.5
1937.0041,100.05660248,0.3346349895,0.0376919992,2.3742001057,1.2244999409,1.2748999596,1.0,0.476000011,2.0,1.0,0.0099999998,0.0099999998,0.167783007,0.0,-2.0,-2.0,8.5
1937.1565,100.65039825,0.3637140095,0.0589069985,2.3599998951,1.2362999916,1.2748999596,0.9757999778,0.476000011,2.0,0.9757999778,0.0099999998,0.0099999998,0.1876859963,0.0,-2.0,-2.0,8.5
1937.3089,101.27490234,0.3656420112,0.0670370013,2.3506999016,1.260800004,1.2784999609,0.9401000142,0.4747999907,2.0,0.9401000142,0.0099999998,0.0099999998,0.1932310015,0.0,-2.0,-2.0,8.5
1937.4613,101.89109802,0.3705480099,0.0758749992,2.320499897,1.2851999998,1.2819000483,0.8460000157,0.4657999873,2.0,0.8460000157,0.0099999998,0.0099999998,0.198149994,0.0,-2.0,-2.0,8.5
1937.6137,102.2405014,0.3454959989,0.0832350031,2.3164000511,1.3011000156,1.277099967,0.909799993,0.4600999951,2.0,0.909799993,0.0099999998,0.0099999998,0.2070170045,0.0,-2.0,-2.0,8.5
1937.7661,102.28299713,0.3618749976,0.0899299979,2.3006000519,1.3073999882,1.2628999949,0.8180999756,0.4578999877,2.0,0.8180999756,0.0099999998,0.0099999998,0.2116120011,0.0,-2.0,-2.0,8.5
1937.9185,102.32530212,0.3706870079,0.0948399976,2.2999000549,1.3137999773,1.2486000061,0.7915999889,0.4557999969,1.0,0.7915999889,0.0099999998,0.0099999998,0.2159399986,0.0,-2.0,-2.0,8.5
1938.0709,101.84770203,0.3742029965,0.0978609994,2.2983000278,1.3213000298,1.2426999807,0.7778000236,0.4532999992,1.0,0.7778000236,0.0099999998,0.0099999998,0.2182909995,0.0,-2.0,-2.0,8.5
1938.2233,100.52539825,0.3838939965,0.103027001,2.2980000973,1.3303999901,1.2502000332,0.7527999878,0.4503000081,1.0,0.7527999878,0.0099999998,0.0099999998,0.2226479948,0.0,-2.0,-2.0,8.5
1938.3757,98.974601746,0.4014039934,0.103027001,2.2999000549,1.34010005,1.2613999844,0.7106000185,0.4472000003,1.0,0.7106000185,0.0099999998,0.0099999998,0.2226479948,0.0,-2.0,-2.0,8.5
1938.5281,97.845199585,0.3838939965,0.103027001,2.298199892,1.3486000299,1.2743999958,0.7527999878,0.4444999993,1.0,0.7527999878,0.0099999998,0.0099999998,0.2226479948,0.0,-2.0,-2.0,8.5
1938.6805,97.783203125,0.3838939965,0.1146270037,2.3062000275,1.3538999557,1.2915999889,0.7009999752,0.442900002,1.0,0.7009999752,0.0099999998,0.0099999998,0.2226479948,0.0,-2.0,-2.0,8.5
1938.8329,98.406700134,0.3959890008,0.1058899984,2.3157999516,1.3573000431,1.3114999533,0.7480999827,0.4417999983,1.0,0.7480999827,0.0099999998,0.0099999998,0.2232390046,0.0,-2.0,-2.0,8.5
1938.9853,98.558097839,0.3691819906,0.0911049992,2.3276000023,1.3623000383,1.3313000202,0.8398000002,0.4402999878,1.0,0.8398000002,,,0.2080440074,0.0,,,8.5
1939.1377,95.929702759,0.3252519965,0.070028998,2.3380999565,1.3769999743,1.3492000103,1.0,0.4359999895,3.0,1.0,,,0.1857990026,0.0,,,8.5
1939.2901,90.085899353,0.2782439888,0.0788789988,2.3531000614,1.4029999971,1.3653000593,1.0,0.356400013,3.0,1.0,,,0.1735029966,0.0,,,8.5
1939.4425,84.25,0.2561349869,0.0749690011,2.3796000481,1.42900002,1.3812999725,1.0,0.3323000073,3.0,1.0,,,0.1571169943,0.0,,,8.5
1939.5949,79.925796509,0.2446449995,0.0580150001,2.3979001045,1.4440000057,1.3959000111,1.0,0.3323000073,3.0,1.0,,,0.1462250054,0.0,,,8.5
1939.7473,78.326202393,0.2453660071,0.0810109973,2.3722999096,1.4387999773,1.4076000452,1.0,0.3032000065,3.0,1.0,,,0.1615069956,0.0,,,8.5
1939.8997,77.009803772,0.2561349869,0.1129809991,2.3301999569,1.431499958,1.4191000462,1.0,0.277700007,3.0,1.0,106.19989777,42.548900604,0.1867090017,0.0,2.0261266232,1.6288933754,8.5
1940.0521,76.588897705,0.2466199994,0.1366280019,2.3104999065,1.4273999929,1.4306999445,1.0,0.232099995,3.0,1.0,107.13239288,43.301258087,0.1982370019,0.0,2.0299215317,1.6288933754,8.5
1940.2045,78.359397888,0.2373519987,0.1322679967,2.3213000298,1.4311000109,1.4421999454,1.0,0.2237000018,3.0,1.0,105.9480896,42.477294922,0.1916300058,0.0,2.0251348019,1.6281994581,8.5
1940.3569,81.148399353,0.2506299913,0.1136839986,2.3329999447,1.4383000135,1.4536999464,1.0,0.2684000134,3.0,1.0,,,0.1849170029,0.0,,,8.5
1940.5093,83.621101379,0.2797189951,0.0903239995,2.3396999836,1.445299983,1.4636000395,1.0,0.3436000049,3.0,1.0,,,0.1815149933,0.0,,,8.5
1940.6617,84.829399109,0.2963190079,0.0733290017,2.3475000858,1.4509999752,1.467599988,1.0,0.3914000094,3.0,1.0,,,0.1771810055,0.0,,,8.5
1940.8141,84.770103455,0.2912009954,0.0834240019,2.339799881,1.4556000233,1.4654999971,1.0,0.3702999949,3.0,1.0,,,0.1816740036,0.0,,,8.5
1940.9665,84.69909668,0.2679289877,0.1008580029,2.3359000683,1.459800005,1.4631999731,1.0,0.3118000031,3.0,1.0,,,0.1835709959,0.0,,,8.5
