well_id,depth_m,gamma_ray_api,resistivity_ohmm,density_gcc,neutron_porosity_vv,sonic_usft,caliper_in,hydrocarbon_probability,lithology
mywell,2000.2491,48.317,6.183,2.24,0.306,96.375,8.5,0.1582,Silty Sand
mywell,2000.4015,48.317,6.183,2.24,0.306,96.375,8.5,0.1582,Silty Sand
mywell,2000.5539,49.8238,6.1999,2.2182,0.300048,96.623,8.5,0.1465,Silty Sand
mywell,2000.7063,41.4675,6.2556,2.3103,0.299008,97.245,8.5,0.202,Sandstone
mywell,2000.8587,40.0925,6.1022,2.1781,0.282136,97.126,8.5,0.1792,Sandstone
mywell,2001.0111,46.2265,6.1,2.2524,0.310768,95.637,8.5,0.1817,Silty Sand
mywell,2001.1635,53.1238,6.1962,2.2649,0.270328,95.253,8.5,0.1213,Silty Sand
mywell,2001.3159,49.089,6.3289,2.1718,0.29976,94.506,8.5,0.1682,Silty Sand
mywell,2001.4683,44.2607,6.2616,2.2236,0.23552,97.724,8.5,0.1585,Sandstone
mywell,2001.6207,40.7837,6.3185,2.3252,0.243928,99.114,8.5,0.1698,Sandstone
mywell,2001.7731,40.6747,6.3577,2.1841,0.17952,98.381,8.5,0.1584,Sandstone
mywell,2001.9255,39.1374,6.3838,2.2316,0.244472,98.251,8.5,0.1794,Sandstone
mywell,2002.0779,44.7358,6.3612,2.238,0.23508,97.754,8.5,0.1566,Sandstone
mywell,2002.2303,46.2025,6.2916,2.244,0.236984,97.13,8.5,0.1403,Silty Sand
mywell,2002.3827,42.7936,6.0906,2.238,0.242952,97.993,8.5,0.1715,Sandstone
mywell,2002.5351,33.6396,5.8975,2.2201,0.259864,98.992,8.5,0.1803,Sandstone
mywell,2002.6875,35.5639,5.7958,2.2438,0.21536,99.248,8.5,0.167,Sandstone
mywell,2002.8399,39.6343,5.665,2.2519,0.242776,99.994,8.5,0.1473,Sandstone
mywell,2002.9923,49.4908,5.5569,2.2064,0.485048,105.952,8.5,0.1699,Silty Sand
mywell,2003.1447,55.2095,5.4717,1.9828,0.590168,117.78,8.5,0.1376,Silty Sand
mywell,2003.2971,66.6273,5.475,1.9383,0.596952,128.167,8.5,0.1165,Silty Sand
mywell,2003.4495,68.6227,5.4958,1.6682,0.664456,137.426,8.5,0.1134,Silty Sand
mywell,2003.6019,69.6677,5.5178,1.5787,0.592584,138.864,8.5,0.0976,Silty Sand
mywell,2003.7543,68.182,5.5765,1.6841,0.526528,132.055,8.5,0.1088,Silty Sand
mywell,2003.9067,73.5804,5.4371,1.9112,0.339504,124.436,8.5,0.1143,Shale
mywell,2004.0591,71.3404,5.3963,2.2473,0.255664,114.703,8.5,0.0674,Silty Sand
mywell,2004.2115,58.5996,5.8622,2.1657,0.213336,109.045,8.5,0.0871,Silty Sand
mywell,2004.3639,40.9842,6.1725,2.1948,0.229864,102.304,8.5,0.1581,Sandstone
mywell,2004.5163,31.4626,6.0768,2.2079,0.258768,101.382,8.5,0.1971,Sandstone
mywell,2004.6687,32.2818,6.203,2.1515,0.271896,102.491,8.5,0.1954,Sandstone
mywell,2004.8211,33.1005,6.3945,2.1143,0.200576,101.632,8.5,0.1624,Sandstone
mywell,2004.9735,34.5325,6.4069,2.1428,0.361696,101.997,8.5,0.2637,Sandstone
mywell,2005.1259,33.8307,6.406,2.1648,0.32828,99.768,8.5,0.2329,Sandstone
mywell,2005.2783,31.0127,6.3713,2.1571,0.290304,101.238,8.5,0.218,Sandstone
mywell,2005.4307,32.8778,6.3184,2.2016,0.29992,100.63,8.5,0.2228,Sandstone
mywell,2005.5831,30.0807,6.3071,2.1851,0.231552,102.113,8.5,0.2211,Sandstone
mywell,2005.7355,30.0233,6.2812,2.1691,0.276632,105.349,8.5,0.2108,Sandstone
mywell,2005.8879,33.498,6.3008,2.1958,0.225416,105.499,8.5,0.1769,Sandstone
mywell,2006.0403,43.2913,6.3694,2.1454,0.290472,104.26,8.5,0.1875,Sandstone
mywell,2006.1927,62.7081,6.4355,2.1162,0.3406,104.498,8.5,0.0798,Silty Sand
mywell,2006.3451,74.8216,6.5064,2.1606,0.332072,102.02,8.5,0.0548,Silty Sand
mywell,2006.4975,85.588,6.6102,2.2215,0.380608,100.016,8.5,0.0707,Shale
mywell,2006.6499,88.7651,6.7013,2.1367,0.4058,101.86,8.5,0.0714,Shale
mywell,2006.8023,90.0141,6.6534,2.2054,0.284976,101.999,8.5,0.0381,Shale
mywell,2006.9547,87.67,6.2145,2.1207,0.390144,103.24,8.5,0.0722,Shale
mywell,2007.1071,79.9015,6.3449,2.2271,0.332472,103.25,8.5,0.0459,Silty Sand
mywell,2007.2595,66.7624,6.5186,2.1496,0.226848,102.01,8.5,0.0704,Silty Sand
mywell,2007.4119,52.6856,6.6519,2.1629,0.274608,100.76,8.5,0.123,Silty Sand
mywell,2007.5643,45.5526,6.7036,2.2037,0.254168,100.874,8.5,0.1334,Silty Sand
mywell,2007.7167,42.146,6.6127,2.1673,0.295664,99.511,8.5,0.2073,Sandstone
mywell,2007.8691,40.6945,6.3759,2.169,0.293024,99.252,8.5,0.2044,Sandstone
mywell,2008.0215,39.2416,6.0933,2.2196,0.310856,100.366,8.5,0.2183,Sandstone
mywell,2008.1739,44.6424,5.8718,2.1932,0.313976,103.599,8.5,0.1728,Sandstone
mywell,2008.3263,46.797,5.6716,2.0928,0.27432,106.601,8.5,0.1083,Silty Sand
mywell,2008.4787,51.0409,5.6492,2.1079,0.349392,109.725,8.5,0.1831,Silty Sand
mywell,2008.6311,55.1422,5.6778,2.1586,0.251792,111.362,8.5,0.0839,Silty Sand
mywell,2008.7835,61.9841,5.7216,2.1144,0.292664,111.251,8.5,0.0844,Silty Sand
mywell,2008.9359,59.936,5.8172,2.1358,0.246376,112.366,8.5,0.0828,Silty Sand
mywell,2009.0883,48.0626,5.8527,2.137,0.223184,112.251,8.5,0.1168,Silty Sand
mywell,2009.2407,44.2599,5.8937,2.1687,0.334104,111.63,8.5,0.196,Sandstone
mywell,2009.3931,48.5095,5.9059,2.1363,0.306232,112.493,8.5,0.1606,Silty Sand
mywell,2009.5455,59.6574,5.9546,2.1548,0.386352,112.376,8.5,0.1081,Silty Sand
mywell,2009.6979,64.9024,6.1861,2.1302,0.281848,112.623,8.5,0.0805,Silty Sand
mywell,2009.8503,58.6041,6.3725,2.2232,0.284968,110.517,8.5,0.1,Silty Sand
mywell,2010.0027,49.6597,6.4633,2.1813,0.204648,107.524,8.5,0.1143,Silty Sand
mywell,2010.1551,44.7411,6.3182,2.2118,0.212928,106.88,8.5,0.1478,Sandstone
mywell,2010.3075,49.4725,6.2724,2.1872,0.250696,107.743,8.5,0.1176,Silty Sand
mywell,2010.4599,57.6028,6.2591,2.193,0.288696,108.246,8.5,0.113,Silty Sand
mywell,2010.6123,62.757,6.1965,2.1146,0.381256,110.606,8.5,0.0898,Silty Sand
mywell,2010.7647,67.8711,6.0928,2.1725,0.283792,112.113,8.5,0.0768,Silty Sand
mywell,2010.9171,68.7651,5.8986,2.1046,0.30284,111.629,8.5,0.0795,Silty Sand
mywell,2011.0695,74.0812,5.7095,2.0881,0.338712,115.097,8.5,0.0652,Silty Sand
mywell,2011.2219,84.0212,5.5433,2.0979,0.318168,113.265,8.5,0.0368,Silty Sand
mywell,2011.3743,88.8914,5.3863,2.1139,0.318992,113.126,8.5,0.0419,Shale
mywell,2011.5267,98.5931,5.267,2.114,0.3438,113.001,8.5,0.0593,Shale
mywell,2011.6791,101.1976,5.2452,2.1239,0.323168,111.264,8.5,0.0376,Shale
mywell,2011.8315,100.3807,5.1408,2.1002,0.394424,111.87,8.5,0.0764,Shale
mywell,2011.9839,94.1313,4.9753,2.1099,0.387064,110.511,8.5,0.0664,Shale
mywell,2012.1363,89.2857,4.7667,2.1685,0.300696,109.26,8.5,0.0406,Shale
mywell,2012.2887,93.9669,4.4059,2.1998,0.386304,105.654,8.5,0.0693,Shale
mywell,2012.4411,107.146,4.0975,2.3548,0.403864,102.525,8.5,0.0514,Shale
mywell,2012.5935,126.0653,3.8123,2.4165,0.434752,98.904,8.5,0.0322,Shale
mywell,2012.7459,141.963,3.5253,2.4249,0.394328,98.131,8.5,0.0248,Shale
mywell,2012.8983,140.6784,3.2889,2.3446,0.363248,98.497,8.5,0.0242,Shale
mywell,2013.0507,133.7775,3.0549,2.348,0.384824,101.104,8.5,0.0361,Shale
mywell,2013.2031,130.3323,2.7931,2.2597,0.358216,108.813,8.5,0.0285,Shale
mywell,2013.3555,129.1642,2.5609,2.2828,0.41752,115.075,8.5,0.0288,Shale
mywell,2013.5079,124.7029,2.4419,2.2165,0.434864,120.457,8.5,0.0281,Shale
mywell,2013.6603,127.9456,2.2753,2.2279,0.40524,123.104,8.5,0.0286,Silty Sand
mywell,2013.8127,123.4882,2.2184,2.2726,0.437736,122.009,8.5,0.027,Shale
mywell,2013.9651,122.6594,2.1426,2.2651,0.445936,119.52,8.5,0.0384,Shale
mywell,2014.1175,123.2571,2.0993,2.2531,0.528336,113.3,8.5,0.0292,Shale
mywell,2014.2699,121.6966,2.1774,2.2629,0.451624,112.506,8.5,0.0372,Shale
mywell,2014.4223,124.0589,2.2792,2.2283,0.474808,112.252,8.5,0.0283,Shale
mywell,2014.5747,115.3712,2.41,2.2945,0.454168,114.234,8.5,0.0503,Shale
mywell,2014.7271,122.3224,2.5806,2.2712,0.41928,122.434,8.5,0.037,Shale
mywell,2014.8795,121.1449,2.8657,2.2244,0.464632,125.476,8.5,0.0411,Shale
mywell,2015.0319,122.9861,3.2906,2.2438,0.338024,124.756,8.5,0.0208,Shale
mywell,2015.1843,111.2349,3.7712,2.3065,0.263592,123.51,8.5,0.0265,Shale
mywell,2015.3367,94.0468,4.2551,2.2574,0.265976,115.316,8.5,0.0356,Shale
mywell,2015.4891,74.0918,4.8314,2.2501,0.227312,108.058,8.5,0.0518,Silty Sand
mywell,2015.6415,57.0313,5.2834,2.2183,0.24684,108.0,8.5,0.0822,Silty Sand
mywell,2015.7939,53.1284,5.7304,2.1813,0.27676,104.776,8.5,0.0981,Silty Sand
mywell,2015.9463,47.2164,7.099,2.1889,0.240296,105.99,8.5,0.1251,Silty Sand
mywell,2016.0987,49.4079,7.4483,2.1672,0.273728,106.744,8.5,0.118,Silty Sand
mywell,2016.2511,41.2668,7.206,2.173,0.263088,108.982,8.5,0.1651,Sandstone
mywell,2016.4035,43.2693,6.8141,2.1591,0.365176,109.496,8.5,0.2442,Sandstone
mywell,2016.5559,40.5332,6.4489,2.1431,0.268784,109.748,8.5,0.1644,Sandstone
mywell,2016.7083,43.6923,6.2962,2.1321,0.249152,111.238,8.5,0.1527,Sandstone
mywell,2016.8607,40.3581,6.1908,2.1062,0.312488,111.746,8.5,0.2077,Sandstone
mywell,2017.0131,44.179,6.063,2.0941,0.281256,113.734,8.5,0.1555,Sandstone
mywell,2017.1655,54.2024,5.9836,2.1119,0.287944,114.742,8.5,0.1319,Silty Sand
mywell,2017.3179,67.4211,6.0901,2.1467,0.428864,115.742,8.5,0.0745,Silty Sand
mywell,2017.4703,79.0798,6.3876,2.1004,0.562928,119.842,8.5,0.0764,Silty Sand
mywell,2017.6227,82.7472,6.7005,1.8451,0.58384,126.695,8.5,0.0504,Shale
mywell,2017.7751,79.0014,6.9768,1.6535,0.417344,125.758,8.5,0.0721,Silty Sand
mywell,2017.9275,66.8666,7.2974,1.8107,0.385248,125.378,8.5,0.0774,Silty Sand
mywell,2018.0799,52.5993,7.5351,2.0173,0.258024,119.795,8.5,0.1224,Silty Sand
mywell,2018.2323,38.3529,7.5638,2.1132,0.263944,112.434,8.5,0.1757,Sandstone
mywell,2018.3847,35.4525,7.692,2.112,0.306656,109.523,8.5,0.2122,Sandstone
mywell,2018.5371,37.419,7.7208,2.1586,0.289144,108.508,8.5,0.1913,Sandstone
mywell,2018.6895,42.0766,7.6476,2.1203,0.286024,107.756,8.5,0.1773,Sandstone
mywell,2018.8419,41.0,7.5498,2.1746,0.262192,107.75,8.5,0.164,Sandstone
mywell,2018.9943,45.8984,7.422,2.1998,0.226288,106.882,8.5,0.1436,Silty Sand
mywell,2019.1467,44.201,7.3516,2.1732,0.263696,106.255,8.5,0.1504,Sandstone
mywell,2019.2991,44.6969,7.2637,2.1978,0.27392,105.506,8.5,0.1438,Sandstone
mywell,2019.4515,37.7689,7.2412,2.202,0.260112,106.74,8.5,0.1727,Sandstone
mywell,2019.6039,40.5352,7.2251,2.1792,0.325472,107.122,8.5,0.2099,Sandstone
mywell,2019.7563,37.2001,7.1913,2.1453,0.302192,106.877,8.5,0.2126,Sandstone
mywell,2019.9087,39.0975,7.1503,2.1827,0.31688,107.991,8.5,0.2169,Sandstone
mywell,2020.0611,37.0576,7.0597,2.1909,0.274344,108.124,8.5,0.182,Sandstone
mywell,2020.2135,40.3156,6.9796,2.1791,0.258128,108.993,8.5,0.1651,Sandstone
mywell,2020.3659,41.7368,6.8957,2.1691,0.266928,110.364,8.5,0.1651,Sandstone
mywell,2020.5183,45.9789,6.8325,2.165,0.323544,110.499,8.5,0.1891,Silty Sand
mywell,2020.6707,53.3727,6.7715,2.1392,0.359712,109.26,8.5,0.1894,Silty Sand
mywell,2020.8231,60.1965,6.6202,2.1122,0.3848,110.49,8.5,0.1339,Silty Sand
mywell,2020.9755,72.4804,6.5069,2.11,0.30564,110.624,8.5,0.0761,Silty Sand
mywell,2021.1279,77.3743,6.4118,2.1199,0.422056,111.865,8.5,0.1041,Silty Sand
mywell,2021.2803,80.9068,6.3435,2.114,0.394232,113.115,8.5,0.0881,Silty Sand
mywell,2021.4327,80.7118,6.2716,2.1319,0.3444,113.249,8.5,0.0534,Silty Sand
mywell,2021.5851,81.8994,6.1956,2.137,0.266624,113.498,8.5,0.0421,Silty Sand
mywell,2021.7375,81.8455,6.1315,2.1102,0.283856,113.004,8.5,0.0404,Silty Sand
mywell,2021.8899,80.1576,6.0576,2.1021,0.285984,112.38,8.5,0.0405,Silty Sand
mywell,2022.0423,80.0418,6.057,2.1318,0.3356,113.367,8.5,0.0544,Silty Sand
mywell,2022.1947,81.781,6.0411,2.1449,0.354848,113.375,8.5,0.0861,Silty Sand
mywell,2022.3471,80.6125,6.0529,2.151,0.344088,113.499,8.5,0.0478,Silty Sand
mywell,2022.4995,87.181,6.0718,2.1411,0.315232,113.252,8.5,0.0416,Shale
mywell,2022.6519,90.6693,6.1206,2.1608,0.320952,113.374,8.5,0.0488,Shale
mywell,2022.8043,93.4012,6.1637,2.161,0.321,110.647,8.5,0.0488,Shale
mywell,2022.9567,80.8514,6.1997,2.1322,0.3706,108.641,8.5,0.0937,Silty Sand
mywell,2023.1091,77.9,6.1782,2.1647,0.36108,107.757,8.5,0.0854,Silty Sand
mywell,2023.2615,85.4777,6.1522,2.2454,0.35604,107.998,8.5,0.0686,Shale
mywell,2023.4139,102.6421,6.1381,2.2083,0.356992,110.976,8.5,0.0589,Shale
mywell,2023.5663,108.1547,6.1082,2.1713,0.294504,113.48,8.5,0.034,Shale
mywell,2023.7187,109.685,6.0743,2.165,0.240432,114.864,8.5,0.0323,Shale
mywell,2023.8711,111.6046,6.0145,2.159,0.364,116.115,8.5,0.0524,Shale
mywell,2024.0235,126.3095,5.9793,2.1223,0.383848,115.753,8.5,0.0309,Shale
mywell,2024.1759,145.6182,5.9076,2.1299,0.39888,115.502,8.5,0.0337,Shale
mywell,2024.3283,159.9566,5.7949,2.1449,0.392056,112.524,8.5,0.0182,Shale
mywell,2024.4807,159.9222,5.6601,2.1767,0.318592,109.276,8.5,0.0078,Shale
mywell,2024.6331,148.3235,5.5132,2.1998,0.385456,107.514,8.5,0.0394,Shale
mywell,2024.7855,133.1357,5.3414,2.2704,0.357232,106.88,8.5,0.0443,Shale
mywell,2024.9379,129.3515,5.1406,2.2363,0.344104,110.099,8.5,0.0284,Shale
mywell,2025.0903,125.5951,4.9118,2.2241,0.40352,110.497,8.5,0.0279,Silty Sand
mywell,2025.2427,131.1559,4.781,2.2786,0.43872,111.988,8.5,0.0326,Shale
mywell,2025.3951,133.1205,4.6937,2.2611,0.421144,113.24,8.5,0.0352,Shale
mywell,2025.5475,136.985,4.7456,2.3374,0.370408,112.258,8.5,0.0313,Shale
mywell,2025.6999,139.6904,4.7807,2.2507,0.364048,111.382,8.5,0.0237,Shale
mywell,2025.8523,141.5164,4.7522,2.2123,0.404672,109.515,8.5,0.0243,Shale
mywell,2026.0047,143.637,4.8314,2.2338,0.423848,108.88,8.5,0.0254,Shale
mywell,2026.1571,144.7819,5.0056,2.2201,0.398208,109.371,8.5,0.0324,Shale
mywell,2026.3095,149.8294,5.1489,2.2438,0.32856,109.499,8.5,0.0266,Shale
mywell,2026.4619,156.2625,5.2323,2.238,0.38752,109.624,8.5,0.0182,Shale
mywell,2026.6143,153.8578,5.3233,2.2082,0.3384,110.245,8.5,0.014,Shale
mywell,2026.7667,143.4726,5.4093,2.206,0.311216,110.87,8.5,0.0084,Shale
mywell,2026.9191,132.0018,5.5419,2.1653,0.379448,108.643,8.5,0.0411,Shale
mywell,2027.0715,121.3085,5.7642,2.1997,0.397856,106.393,8.5,0.051,Shale
mywell,2027.2239,107.8637,5.9277,2.2565,0.369232,104.763,8.5,0.0552,Shale
mywell,2027.3763,93.5039,6.0222,2.38,0.350152,105.37,8.5,0.0691,Shale
mywell,2027.5287,75.3842,6.1063,2.2372,0.32024,107.855,8.5,0.0576,Silty Sand
mywell,2027.6811,67.0302,6.2012,2.1398,0.304128,109.487,8.5,0.0754,Silty Sand
mywell,2027.8335,65.1169,6.3528,2.1023,0.337728,111.856,8.5,0.0788,Silty Sand
mywell,2027.9859,69.2892,6.5207,2.0792,0.35288,114.107,8.5,0.0858,Silty Sand
mywell,2028.1383,67.1257,6.6063,2.0899,0.324232,113.381,8.5,0.0749,Silty Sand
mywell,2028.2907,66.74,6.6149,2.0999,0.291264,112.507,8.5,0.0815,Silty Sand
mywell,2028.4431,65.5347,6.5545,2.1198,0.339608,111.508,8.5,0.0788,Silty Sand
mywell,2028.5955,67.9901,6.4846,2.1319,0.288416,111.748,8.5,0.0864,Silty Sand
mywell,2028.7479,69.1141,6.4503,2.1568,0.368352,111.998,8.5,0.0801,Silty Sand
mywell,2028.9003,69.0853,6.4292,2.1183,0.288648,111.628,8.5,0.0871,Silty Sand
mywell,2029.0527,69.9312,6.4409,2.1359,0.33264,112.369,8.5,0.0877,Silty Sand
mywell,2029.2051,71.1889,6.4073,2.1241,0.305224,112.003,8.5,0.0777,Silty Sand
mywell,2029.3575,70.5006,6.3386,2.1101,0.382376,111.38,8.5,0.0849,Silty Sand
mywell,2029.5099,76.4907,6.219,2.1626,0.350264,110.755,8.5,0.0961,Silty Sand
mywell,2029.6623,76.8336,6.0196,2.1928,0.3996,107.898,8.5,0.0986,Silty Sand
mywell,2029.8147,90.9621,5.8533,2.2238,0.379168,107.875,8.5,0.0791,Shale
mywell,2029.9671,101.9672,5.7736,2.2766,0.379992,107.007,8.5,0.0747,Shale
mywell,2030.1195,110.1864,5.6282,2.277,0.393888,105.016,8.5,0.0547,Shale
mywell,2030.2719,110.621,5.25,2.2889,0.4188,101.9,8.5,0.0541,Shale
mywell,2030.4243,103.0213,4.6548,2.3396,0.385272,98.155,8.5,0.0557,Shale
mywell,2030.5767,106.5084,4.028,2.3926,0.306632,93.909,8.5,0.0373,Shale
mywell,2030.7291,115.4333,3.6262,2.3523,0.344688,93.131,8.5,0.0305,Shale
mywell,2030.8815,125.9041,3.3581,2.35,0.324168,97.961,8.5,0.0217,Shale
mywell,2031.0339,120.3733,3.0276,2.3183,0.432128,113.748,8.5,0.0367,Shale
mywell,2031.1863,114.5664,2.6689,2.2386,0.459784,125.779,8.5,0.0514,Shale
mywell,2031.3387,114.9426,2.3069,2.111,0.481824,131.951,8.5,0.0569,Shale
mywell,2031.4911,116.8903,1.9687,2.2558,0.51672,131.504,8.5,0.0421,Shale
mywell,2031.6435,126.4213,1.8976,2.2342,0.426728,120.092,8.5,0.0257,Shale
mywell,2031.7959,121.3684,1.8881,2.2479,0.437904,115.04,8.5,0.0366,Shale
mywell,2031.9483,129.6737,1.8801,2.1964,0.460816,112.024,8.5,0.0341,Shale
mywell,2032.1007,119.4857,1.8254,2.2942,0.43124,109.768,8.5,0.0342,Shale
mywell,2032.2531,123.8115,1.8319,2.1274,0.407192,112.974,8.5,0.0328,Shale
mywell,2032.4055,123.599,1.8122,2.3075,0.443704,111.76,8.5,0.0292,Shale
mywell,2032.5579,124.9967,1.8884,2.2009,0.457888,108.774,8.5,0.028,Shale
mywell,2032.7103,129.8539,2.017,2.2496,0.427248,113.462,8.5,0.0331,Shale
mywell,2032.8627,125.6125,2.0359,2.248,0.36252,113.996,8.5,0.0261,Shale
mywell,2033.0151,125.9986,2.0241,2.242,0.388784,115.736,8.5,0.0256,Shale
mywell,2033.1675,112.2866,2.0865,2.2162,0.4634,118.23,8.5,0.0471,Shale
mywell,2033.3199,113.0281,2.1713,2.2745,0.45408,115.522,8.5,0.0439,Shale
mywell,2033.4723,112.9903,2.4756,2.273,0.497648,113.02,8.5,0.0446,Shale
mywell,2033.6247,119.1692,2.8431,2.3087,0.351184,109.28,8.5,0.0326,Shale
mywell,2033.7771,114.511,3.1248,2.2753,0.350992,101.81,8.5,0.0494,Shale
mywell,2033.9295,108.3295,3.4692,2.2631,0.325208,97.286,8.5,0.0398,Shale
mywell,2034.0819,98.6427,4.0682,2.2263,0.363688,95.266,8.5,0.0735,Shale
mywell,2034.2343,92.3015,4.7793,2.2627,0.419552,96.986,8.5,0.069,Shale
mywell,2034.3867,83.7872,5.5201,2.1836,0.327744,99.976,8.5,0.0371,Silty Sand
mywell,2034.5391,75.5032,6.4367,2.1225,0.309144,105.704,8.5,0.0582,Silty Sand
mywell,2034.6915,65.9991,6.8587,2.0734,0.3834,108.602,8.5,0.0785,Silty Sand
mywell,2034.8439,59.7051,6.8362,2.0611,0.30464,110.237,8.5,0.1179,Silty Sand
mywell,2034.9963,53.0681,6.4878,2.0729,0.315904,111.118,8.5,0.1438,Silty Sand
mywell,2035.1487,55.8164,6.2449,2.0631,0.391392,112.489,8.5,0.1198,Silty Sand
mywell,2035.3011,57.8448,6.1934,2.0392,0.343392,115.848,8.5,0.1009,Silty Sand
mywell,2035.4535,63.9668,6.1374,2.0836,0.340024,114.511,8.5,0.0807,Silty Sand
mywell,2035.6059,68.7419,6.1082,2.0205,0.298336,114.748,8.5,0.087,Silty Sand
mywell,2035.7583,68.1163,6.104,2.0349,0.36248,114.998,8.5,0.0782,Silty Sand
mywell,2035.9107,69.9234,6.1189,2.0707,0.314392,114.132,8.5,0.0859,Silty Sand
mywell,2036.0631,62.875,6.1567,2.0531,0.386416,112.885,8.5,0.0881,Silty Sand
mywell,2036.2155,67.8584,6.1788,2.0669,0.356248,113.495,8.5,0.0833,Silty Sand
mywell,2036.3679,69.9544,6.2375,2.0432,0.384768,113.872,8.5,0.087,Silty Sand
mywell,2036.5203,78.8593,6.3104,2.1015,0.351272,113.131,8.5,0.079,Silty Sand
mywell,2036.6727,81.8058,6.3854,2.1298,0.335128,111.265,8.5,0.0532,Silty Sand
mywell,2036.8251,81.8637,6.4217,2.1488,0.365752,109.39,8.5,0.0823,Silty Sand
mywell,2036.9775,79.9822,6.3149,2.2958,0.436432,107.267,8.5,0.079,Silty Sand
mywell,2037.1299,85.182,6.1225,2.3764,0.378472,106.01,8.5,0.0712,Shale
mywell,2037.2823,107.1413,5.9613,2.3264,0.362128,104.512,8.5,0.0548,Shale
mywell,2037.4347,122.8418,5.7626,2.2367,0.32728,104.624,8.5,0.0199,Shale
mywell,2037.5871,122.3787,5.6231,2.3084,0.370648,103.881,8.5,0.051,Shale
mywell,2037.7395,111.6316,5.4573,2.312,0.352152,103.751,8.5,0.0548,Shale
mywell,2037.8919,107.7198,5.3042,2.2991,0.387712,104.37,8.5,0.0647,Shale
mywell,2038.0443,118.5772,5.1939,2.2573,0.337408,104.995,8.5,0.0285,Shale
mywell,2038.1967,117.0827,5.1365,2.2481,0.329064,105.124,8.5,0.0235,Shale
mywell,2038.3491,118.056,5.0656,2.2629,0.31412,103.265,8.5,0.0227,Shale
mywell,2038.5015,106.6292,5.0035,2.3136,0.336816,101.514,8.5,0.0359,Shale
mywell,2038.6539,108.8811,4.9544,2.2713,0.331048,100.756,8.5,0.0324,Shale
mywell,2038.8063,102.7169,4.8042,2.3176,0.332984,103.85,8.5,0.035,Shale
mywell,2038.9587,107.6399,4.6661,2.2932,0.329032,102.883,8.5,0.0371,Shale
mywell,2039.1111,102.6287,4.4854,2.2484,0.227816,104.859,8.5,0.0279,Shale
mywell,2039.2635,105.8398,4.3441,2.2966,0.304376,103.635,8.5,0.0335,Shale
mywell,2039.4159,101.773,4.2994,2.2791,0.321864,102.013,8.5,0.037,Shale
mywell,2039.5683,104.8152,4.2712,2.3197,0.357712,100.264,8.5,0.0525,Shale
mywell,2039.7207,99.9058,4.2402,2.324,0.356016,100.126,8.5,0.0648,Shale
mywell,2039.8731,99.3442,4.0803,2.328,0.332192,100.249,8.5,0.0486,Shale
mywell,2040.0255,106.6342,3.8171,2.3052,0.332,100.25,8.5,0.0419,Shale
mywell,2040.1779,114.2947,3.7029,2.2772,0.4064,103.97,8.5,0.0442,Shale
mywell,2040.3303,118.9738,3.4877,2.3068,0.467512,111.316,8.5,0.0342,Shale
mywell,2040.4827,122.0177,3.3759,2.2891,0.366816,116.831,8.5,0.0366,Shale
mywell,2040.6351,124.4615,3.3294,2.2632,0.423536,122.083,8.5,0.0256,Shale
mywell,2040.7875,125.1724,3.2734,2.2501,0.387296,122.497,8.5,0.0243,Shale
mywell,2040.9399,126.4339,3.3117,2.2688,0.417752,117.168,8.5,0.0256,Shale
mywell,2041.0923,132.0488,3.5709,2.3295,0.4428,108.941,8.5,0.028,Shale
mywell,2041.2447,140.3604,3.9232,2.336,0.384472,100.071,8.5,0.0239,Shale
mywell,2041.3971,145.9038,4.3327,2.4451,0.375072,95.536,8.5,0.0319,Shale
mywell,2041.5495,144.0979,4.9996,2.4837,0.29068,92.276,8.5,0.015,Shale
mywell,2041.7019,128.0205,5.9266,2.3997,0.286032,97.086,8.5,0.0189,Shale
mywell,2041.8543,96.2858,6.5371,2.3097,0.346512,99.729,8.5,0.0591,Shale
mywell,2042.0067,63.8415,6.7275,2.2594,0.347992,103.842,8.5,0.0743,Silty Sand
mywell,2042.1591,50.8854,6.9224,2.1717,0.300384,108.835,8.5,0.1494,Silty Sand
mywell,2042.3115,42.724,7.0331,2.165,0.236512,109.123,8.5,0.1696,Sandstone
mywell,2042.4639,42.3664,6.8693,2.1491,0.230048,107.761,8.5,0.1708,Sandstone
mywell,2042.6163,46.1187,6.6884,2.2016,0.31928,109.362,8.5,0.1829,Silty Sand
mywell,2042.7687,55.4817,6.6027,2.1613,0.372576,106.647,8.5,0.1328,Silty Sand
mywell,2042.9211,67.591,6.4929,2.1392,0.35316,105.509,8.5,0.0776,Silty Sand
mywell,2043.0735,68.6334,6.37,2.141,0.373832,104.384,8.5,0.0763,Silty Sand
mywell,2043.2259,72.4582,6.3482,2.266,0.290672,104.995,8.5,0.0937,Silty Sand
mywell,2043.3783,74.9244,6.2805,2.2224,0.308848,106.116,8.5,0.0626,Silty Sand
mywell,2043.5307,77.6264,6.162,2.2399,0.405224,106.001,8.5,0.0978,Silty Sand
mywell,2043.6831,81.3561,5.9318,2.2886,0.32168,105.504,8.5,0.0451,Silty Sand
mywell,2043.8355,78.9328,5.8149,2.2325,0.309096,102.4,8.5,0.0525,Silty Sand
mywell,2043.9879,79.907,5.8854,2.2866,0.33876,102.499,8.5,0.0447,Silty Sand
mywell,2044.1403,75.2933,5.9544,2.2186,0.40348,102.996,8.5,0.0975,Silty Sand
mywell,2044.2927,77.8283,5.9937,2.2547,0.348448,105.356,8.5,0.0776,Silty Sand
mywell,2044.4451,81.5015,6.1795,2.2947,0.414464,106.119,8.5,0.0822,Silty Sand
mywell,2044.5975,82.0875,6.4836,2.2672,0.384248,105.381,8.5,0.0764,Silty Sand
mywell,2044.7499,75.9416,7.4959,2.14,0.24016,98.555,8.5,0.0605,Silty Sand
mywell,2044.9023,74.0062,8.7123,2.3791,0.145752,90.812,8.5,0.0563,Silty Sand
mywell,2045.0547,68.9268,8.717,2.5764,0.1202,89.7332,8.5,0.0783,Silty Sand
mywell,2045.2071,77.2634,8.4224,2.6891,0.108096,88.7082,8.5,0.0515,Silty Sand
mywell,2045.3595,75.1843,8.6372,2.688,0.204224,87.6832,8.5,0.0601,Silty Sand
mywell,2045.5119,78.1212,8.8453,2.5928,0.315112,86.6582,8.5,0.0595,Silty Sand
mywell,2045.6643,76.1997,8.5772,2.34,0.293184,85.6332,8.5,0.0696,Silty Sand
mywell,2045.8167,80.3623,7.1346,2.2348,0.287048,95.669,8.5,0.0409,Silty Sand
mywell,2045.9691,97.9028,5.5864,2.2062,0.29196,102.818,8.5,0.0404,Shale
mywell,2046.1215,110.2565,4.5572,2.2397,0.333664,107.463,8.5,0.0302,Shale
mywell,2046.2739,115.568,3.9885,2.2926,0.380624,102.292,8.5,0.0362,Shale
mywell,2046.4263,120.1296,3.617,2.3495,0.398856,105.102,8.5,0.0334,Shale
mywell,2046.5787,118.7683,3.371,2.4532,0.386104,103.513,8.5,0.0378,Shale
mywell,2046.7311,126.5105,2.9414,2.3528,0.379056,105.484,8.5,0.0265,Shale
mywell,2046.8835,124.9699,2.5462,2.354,0.427608,110.088,8.5,0.0255,Shale
mywell,2047.0359,132.4754,2.3426,2.3054,0.39824,108.761,8.5,0.0331,Shale
mywell,2047.1883,131.424,2.2269,2.3496,0.440656,112.098,8.5,0.032,Shale
mywell,2047.3407,130.291,2.1863,2.225,0.45092,113.861,8.5,0.0338,Shale
mywell,2047.4931,127.7365,2.1642,2.2905,0.458936,115.239,8.5,0.0256,Shale
mywell,2047.6455,131.4717,2.0876,2.2364,0.471896,118.97,8.5,0.0343,Shale
mywell,2047.7979,129.9426,2.0007,2.2439,0.554336,116.024,8.5,0.0326,Shale
mywell,2047.9503,133.9595,2.0129,2.248,0.47564,115.752,8.5,0.0347,Shale
mywell,2048.1027,122.9074,2.0864,2.2282,0.436312,118.974,8.5,0.0301,Shale
mywell,2048.2551,118.4244,2.1941,2.2181,0.487584,118.752,8.5,0.0361,Shale
mywell,2048.4075,113.5857,2.3626,2.214,0.449312,120.858,8.5,0.0517,Shale
mywell,2048.5599,126.1246,2.5406,2.2626,0.3994,116.163,8.5,0.0256,Shale
mywell,2048.7123,129.573,2.7057,2.2947,0.416856,113.025,8.5,0.0262,Shale
mywell,2048.8647,125.7828,2.8112,2.3535,0.366408,108.536,8.5,0.0254,Shale
mywell,2049.0171,123.894,2.9439,2.3361,0.372944,105.276,8.5,0.0281,Shale
mywell,2049.1695,120.3951,3.0799,2.2537,0.36804,106.118,8.5,0.0368,Shale
mywell,2049.3219,125.3746,3.3935,2.25,0.419584,106.497,8.5,0.0261,Shale
mywell,2049.4743,119.8985,3.7462,2.253,0.354528,105.632,8.5,0.0327,Shale
mywell,2049.6267,124.5065,3.8294,2.2788,0.439312,104.757,8.5,0.0294,Shale
mywell,2049.7791,120.7466,3.6862,2.3236,0.323936,106.114,8.5,0.0243,Shale
mywell,2049.9315,119.1169,3.6721,2.2853,0.41228,106.001,8.5,0.0342,Shale
mywell,2050.0839,112.3792,3.6799,2.2483,0.418952,110.34,8.5,0.0447,Shale
mywell,2050.2363,114.4548,3.7276,2.3472,0.50332,114.839,8.5,0.0479,Shale
mywell,2050.3887,91.5836,3.8808,2.1238,0.369088,118.223,8.5,0.065,Shale
mywell,2050.5411,72.1819,4.1369,2.3343,0.270784,114.034,8.5,0.0755,Silty Sand
mywell,2050.6935,58.5378,4.4207,2.1277,0.368208,113.504,8.5,0.1121,Silty Sand
mywell,2050.8459,52.1149,4.8337,2.2014,0.337256,106.804,8.5,0.1333,Silty Sand
mywell,2050.9983,47.5028,5.3548,2.1772,0.231848,105.138,8.5,0.1078,Silty Sand
mywell,2051.1507,54.0509,5.9582,2.1889,0.229016,103.885,8.5,0.1117,Silty Sand
mywell,2051.3031,54.9135,6.5265,2.2098,0.270664,103.131,8.5,0.0889,Silty Sand
mywell,2051.4555,64.0524,6.9764,2.216,0.232312,102.257,8.5,0.0717,Silty Sand
mywell,2051.6079,72.4935,7.2935,2.2745,0.213152,101.63,8.5,0.0783,Silty Sand
mywell,2051.7603,84.1446,7.4041,2.3296,0.269544,100.261,8.5,0.0336,Silty Sand
mywell,2051.9127,82.0348,7.3713,2.2735,0.316624,100.994,8.5,0.0468,Silty Sand
mywell,2052.0651,76.3219,7.2401,2.277,0.317992,101.868,8.5,0.0583,Silty Sand
mywell,2052.2175,69.4232,7.1041,2.2284,0.284272,103.735,8.5,0.0808,Silty Sand
mywell,2052.3699,68.873,6.9978,2.2845,0.282016,103.006,8.5,0.0769,Silty Sand
mywell,2052.5223,69.369,6.9355,2.1759,0.344496,104.24,8.5,0.0758,Silty Sand
mywell,2052.6747,68.8145,6.9747,2.2236,0.276552,103.506,8.5,0.0746,Silty Sand
mywell,2052.8271,62.0356,6.9849,2.2002,0.386112,103.872,8.5,0.0998,Silty Sand
mywell,2052.9795,60.6418,7.1894,2.2,0.387,103.255,8.5,0.1196,Silty Sand
mywell,2053.1319,61.8373,7.2773,2.1812,0.363192,104.118,8.5,0.1163,Silty Sand
mywell,2053.2843,67.5986,7.3246,2.2742,0.30348,105.241,8.5,0.0822,Silty Sand
mywell,2053.4367,65.9844,7.1266,2.3454,0.336728,106.242,8.5,0.0729,Silty Sand
mywell,2053.5891,65.8629,6.9117,2.3361,0.290376,109.722,8.5,0.0897,Silty Sand
mywell,2053.7415,61.6609,6.7205,2.2616,0.365392,111.238,8.5,0.1094,Silty Sand
mywell,2053.8939,59.6718,6.6744,2.1658,0.357072,111.746,8.5,0.1345,Silty Sand
mywell,2054.0463,47.2768,6.668,2.161,0.3322,111.006,8.5,0.1844,Silty Sand
mywell,2054.1987,43.2755,6.5807,2.1362,0.295296,112.488,8.5,0.1869,Sandstone
mywell,2054.3511,39.2085,6.4897,2.1628,0.272184,109.276,8.5,0.1697,Sandstone
mywell,2054.5035,46.4107,6.3918,2.1769,0.268032,110.614,8.5,0.1258,Silty Sand
mywell,2054.6559,50.2178,6.2472,2.1552,0.2928,109.261,8.5,0.159,Silty Sand
mywell,2054.8083,59.7018,6.0972,2.1748,0.305896,110.614,8.5,0.1166,Silty Sand
mywell,2054.9607,63.5119,6.0504,2.1224,0.289136,113.105,8.5,0.0851,Silty Sand
mywell,2055.1131,62.4855,5.9389,2.122,0.316776,113.373,8.5,0.0909,Silty Sand
mywell,2055.2655,62.3004,5.8993,2.1121,0.306088,110.771,8.5,0.0956,Silty Sand
mywell,2055.4179,61.7623,5.9357,2.0842,0.382384,113.354,8.5,0.0927,Silty Sand
mywell,2055.5703,65.2608,5.94,2.0919,0.330424,110.523,8.5,0.075,Silty Sand
mywell,2055.7227,63.5381,5.817,2.1406,0.340912,111.244,8.5,0.0935,Silty Sand
mywell,2055.8751,60.914,5.3944,2.1182,0.318184,110.878,8.5,0.1001,Silty Sand
mywell,2056.0275,60.1232,4.9833,2.1448,0.28824,110.131,8.5,0.1005,Silty Sand
mywell,2056.1799,67.2088,4.6576,2.1142,0.27312,111.241,8.5,0.0703,Silty Sand
mywell,2056.3323,88.6704,4.3505,2.118,0.23332,111.498,8.5,0.0371,Shale
mywell,2056.4847,114.1807,4.0603,2.122,0.477032,113.236,8.5,0.0514,Shale
mywell,2056.6371,129.5497,3.8368,2.1746,0.403608,114.986,8.5,0.0265,Shale
mywell,2056.7895,133.4257,3.5682,2.304,0.384152,116.86,8.5,0.0313,Shale
mywell,2056.9419,139.4467,3.2376,2.3258,0.445504,116.503,8.5,0.0228,Shale
mywell,2057.0943,148.5182,3.116,2.2774,0.415248,115.26,8.5,0.0329,Shale
mywell,2057.2467,153.7881,3.0594,2.279,0.43484,112.026,8.5,0.0154,Shale
mywell,2057.3991,141.8615,3.0402,2.2671,0.413176,111.256,8.5,0.026,Shale
mywell,2057.5515,127.7609,2.9646,2.3136,0.399112,110.754,8.5,0.026,Shale
mywell,2057.7039,127.4446,3.1128,2.314,0.336504,115.214,8.5,0.0195,Shale
mywell,2057.8563,135.3939,3.2688,2.2366,0.4352,117.978,8.5,0.0288,Shale
mywell,2058.0087,129.4713,3.3603,2.2519,0.518336,121.968,8.5,0.0243,Shale
mywell,2058.1611,106.6843,3.6953,2.2768,0.546776,120.76,8.5,0.0568,Shale
mywell,2058.3135,76.855,3.9123,2.2324,0.317848,117.402,8.5,0.0508,Silty Sand
mywell,2058.4659,58.8522,3.9576,2.1983,0.292192,111.795,8.5,0.1093,Silty Sand
mywell,2058.6183,52.6548,4.1336,2.1792,0.303904,108.526,8.5,0.1409,Silty Sand
mywell,2058.7707,54.6436,4.509,2.175,0.404192,107.26,8.5,0.1063,Silty Sand
mywell,2058.9231,59.3422,4.8939,2.1929,0.381192,107.126,8.5,0.1003,Silty Sand
mywell,2059.0755,56.9883,5.2283,2.2019,0.344296,107.621,8.5,0.1269,Silty Sand
mywell,2059.2279,57.0831,5.5732,2.2318,0.342016,107.997,8.5,0.1272,Silty Sand
mywell,2059.3803,52.499,5.818,2.1983,0.289424,109.488,8.5,0.118,Silty Sand
mywell,2059.5327,48.494,5.9331,2.1871,0.381256,109.252,8.5,0.1676,Silty Sand
mywell,2059.6851,48.3906,6.0659,2.1572,0.340336,107.762,8.5,0.1622,Silty Sand
mywell,2059.8375,48.0845,6.2178,2.1471,0.306272,107.874,8.5,0.165,Silty Sand
mywell,2059.9899,50.436,6.3847,2.1371,0.2564,107.751,8.5,0.1173,Silty Sand
mywell,2060.1423,42.5329,6.4247,2.1945,0.318496,108.618,8.5,0.2165,Sandstone
mywell,2060.2947,44.0314,6.4677,2.2,0.374552,109.493,8.5,0.1951,Sandstone
mywell,2060.4471,48.8731,6.5097,2.1772,0.25596,108.632,8.5,0.13,Silty Sand
mywell,2060.5995,50.274,6.4475,2.1631,0.254008,108.253,8.5,0.1183,Silty Sand
mywell,2060.7519,45.6484,6.3557,2.1729,0.269872,107.382,8.5,0.1431,Silty Sand
mywell,2060.9043,42.885,6.2201,2.1849,0.258096,109.483,8.5,0.1693,Sandstone
mywell,2061.0567,49.2564,6.0831,2.1533,0.260976,109.748,8.5,0.1188,Silty Sand
mywell,2061.2091,54.4228,5.9679,2.155,0.29572,111.238,8.5,0.1478,Silty Sand
mywell,2061.3615,53.6833,5.9065,2.1411,0.381312,111.994,8.5,0.1494,Silty Sand
mywell,2061.5139,55.0261,5.8931,2.145,0.413744,112.0,8.5,0.116,Silty Sand
mywell,2061.6663,53.6522,5.8424,2.145,0.318768,112.496,8.5,0.1297,Silty Sand
mywell,2061.8187,59.7507,5.8023,2.1142,0.302128,112.128,8.5,0.0982,Silty Sand
mywell,2061.9711,57.3488,5.804,2.1259,0.33672,112.125,8.5,0.1371,Silty Sand
mywell,2062.1235,55.0315,5.934,2.124,0.303272,111.877,8.5,0.117,Silty Sand
mywell,2062.2759,47.7863,6.0977,2.1359,0.325816,111.007,8.5,0.1768,Silty Sand
mywell,2062.4283,40.3733,6.2607,2.139,0.28136,111.248,8.5,0.1711,Sandstone
mywell,2062.5807,42.2405,6.3235,2.1509,0.3058,110.754,8.5,0.2088,Sandstone
mywell,2062.7331,42.3721,6.3042,2.1262,0.270288,111.618,8.5,0.1686,Sandstone
mywell,2062.8855,46.9481,6.3397,2.1448,0.316624,109.765,8.5,0.1614,Silty Sand
mywell,2063.0379,47.5395,6.1555,2.1301,0.298152,109.874,8.5,0.1676,Silty Sand
mywell,2063.1903,49.2929,6.03,2.1528,0.311888,109.255,8.5,0.1529,Silty Sand
mywell,2063.3427,48.0253,5.9516,2.1828,0.312,109.622,8.5,0.1697,Silty Sand
mywell,2063.4951,42.4092,5.9242,2.189,0.294144,110.369,8.5,0.1884,Sandstone
mywell,2063.6475,43.6476,5.9498,2.1454,0.29896,110.623,8.5,0.2037,Sandstone
mywell,2063.7999,51.471,5.8756,2.1262,0.251384,109.881,8.5,0.1178,Silty Sand
mywell,2063.9523,68.158,5.7341,2.1409,0.3006,109.627,8.5,0.0676,Silty Sand
mywell,2064.1047,84.043,5.612,2.2015,0.302984,108.385,8.5,0.0335,Silty Sand
mywell,2064.2571,93.7101,5.5287,2.2943,0.324824,106.887,8.5,0.0434,Shale
mywell,2064.4095,102.1704,5.4705,2.2811,0.391464,107.247,8.5,0.0747,Shale
mywell,2064.5619,98.5795,5.4412,2.2989,0.376128,106.01,8.5,0.0841,Shale
mywell,2064.7143,99.6323,5.3964,2.3357,0.34624,106.744,8.5,0.0751,Shale
mywell,2064.8667,98.2234,5.2879,2.2814,0.388656,105.51,8.5,0.0755,Shale
mywell,2065.0191,117.7286,5.2205,2.2989,0.380072,105.252,8.5,0.043,Shale
mywell,2065.1715,119.2738,5.1605,2.2831,0.417696,104.878,8.5,0.043,Shale
mywell,2065.3239,135.3485,5.1292,2.3157,0.344592,104.255,8.5,0.0412,Shale
mywell,2065.4763,125.6403,5.006,2.2852,0.296384,104.002,8.5,0.0204,Shale
mywell,2065.6287,135.9046,4.9008,2.2463,0.398176,104.744,8.5,0.0379,Shale
mywell,2065.7811,125.3468,4.8335,2.2887,0.380152,103.51,8.5,0.0277,Shale
mywell,2065.9335,127.7331,4.7973,2.3108,0.3552,104.492,8.5,0.0279,Shale
mywell,2066.0859,122.5182,4.8178,2.2674,0.347064,103.384,8.5,0.0361,Shale
mywell,2066.2383,123.0573,4.8061,2.267,0.470008,103.251,8.5,0.0298,Shale
mywell,2066.3907,123.6433,4.7901,2.2928,0.357912,104.614,8.5,0.029,Shale
mywell,2066.5431,118.1226,4.8594,2.3495,0.437352,103.385,8.5,0.033,Shale
mywell,2066.6955,101.5463,4.9374,2.3619,0.291184,103.871,8.5,0.0358,Shale
mywell,2066.8479,82.6344,5.1047,2.4225,0.361424,103.007,8.5,0.0683,Silty Sand
mywell,2067.0003,71.5501,5.4026,2.2921,0.370928,103.992,8.5,0.0839,Silty Sand
mywell,2067.1527,71.1396,5.6976,2.2483,0.275768,103.256,8.5,0.0632,Silty Sand
mywell,2067.3051,72.4464,5.9758,2.2163,0.228376,103.25,8.5,0.0736,Silty Sand
mywell,2067.4575,76.3387,6.3431,2.1654,0.319264,101.266,8.5,0.0554,Silty Sand
mywell,2067.6099,86.5757,6.5861,2.2543,0.267424,101.994,8.5,0.0296,Shale
mywell,2067.7622,87.8206,6.5731,2.257,0.388024,101.504,8.5,0.0684,Shale
mywell,2067.9146,77.7175,6.5522,2.2223,0.239208,102.988,8.5,0.0524,Silty Sand
mywell,2068.067,56.6006,6.4984,2.1674,0.22808,103.62,8.5,0.091,Silty Sand
mywell,2068.2194,46.8731,6.4782,2.165,0.224032,103.377,8.5,0.1221,Silty Sand
mywell,2068.3718,46.67,6.5088,2.1531,0.307328,102.507,8.5,0.1612,Silty Sand
mywell,2068.5242,48.1957,6.5993,2.1342,0.308,102.996,8.5,0.1609,Silty Sand
mywell,2068.6766,44.1448,6.728,2.1608,0.329824,103.744,8.5,0.2243,Sandstone
mywell,2068.829,40.0408,6.7548,2.1769,0.31016,102.882,8.5,0.209,Sandstone
mywell,2068.9814,36.6709,6.8631,2.1572,0.316944,103.247,8.5,0.2245,Sandstone
mywell,2069.1338,36.0369,6.9404,2.1749,0.319976,102.754,8.5,0.2221,Sandstone
mywell,2069.2862,37.8186,6.9549,2.1611,0.234688,103.99,8.5,0.1742,Sandstone
mywell,2069.4386,35.2776,6.9897,2.1709,0.28856,104.124,8.5,0.1916,Sandstone
mywell,2069.591,34.9753,6.9543,2.1631,0.310824,106.481,8.5,0.2177,Sandstone
mywell,2069.7434,31.3581,6.8538,2.1203,0.321912,105.508,8.5,0.2362,Sandstone
mywell,2069.8958,33.9925,6.8371,2.1388,0.313072,105.624,8.5,0.2216,Sandstone
mywell,2070.0482,32.7452,7.0096,2.1321,0.313,104.261,8.5,0.2162,Sandstone
mywell,2070.2006,31.3045,7.1975,2.128,0.26836,103.506,8.5,0.1975,Sandstone
mywell,2070.353,27.9698,7.2506,2.2074,0.23824,103.376,8.5,0.1979,Sandstone
mywell,2070.5054,30.6006,7.1776,2.1753,0.273712,101.887,8.5,0.2021,Sandstone
mywell,2070.6578,37.0898,7.1016,2.177,0.247216,104.975,8.5,0.168,Sandstone
mywell,2070.8102,39.7053,6.8143,2.181,0.339256,106.116,8.5,0.2418,Sandstone
mywell,2070.9626,39.6546,6.4648,2.1473,0.30528,108.481,8.5,0.2038,Sandstone
mywell,2071.115,40.8999,6.2209,2.0964,0.31988,109.74,8.5,0.2109,Sandstone
mywell,2071.2674,40.8029,6.1019,2.1039,0.28032,109.006,8.5,0.1711,Sandstone
mywell,2071.4198,42.8664,6.2607,2.0822,0.332576,108.008,8.5,0.26,Sandstone
mywell,2071.5722,39.6927,6.4376,2.1078,0.389544,106.388,8.5,0.2491,Sandstone
mywell,2071.7246,43.02,6.5501,2.1239,0.331472,104.639,8.5,0.2426,Sandstone
mywell,2071.877,38.4471,6.6026,2.1667,0.334968,105.617,8.5,0.2556,Sandstone
mywell,2072.0294,41.1618,6.5098,2.1948,0.348888,105.625,8.5,0.2514,Sandstone
mywell,2072.1818,41.2842,6.3235,2.1434,0.331144,106.989,8.5,0.2389,Sandstone
mywell,2072.3342,49.0801,6.1553,2.1043,0.409368,108.24,8.5,0.176,Silty Sand
mywell,2072.4866,52.865,5.9893,2.0861,0.357424,109.49,8.5,0.157,Silty Sand
mywell,2072.639,58.0534,5.8144,2.1019,0.378824,109.624,8.5,0.1355,Silty Sand
mywell,2072.7914,59.6197,5.685,2.0712,0.386936,110.989,8.5,0.1288,Silty Sand
mywell,2072.9438,60.9752,5.6394,2.065,0.407832,112.116,8.5,0.1091,Silty Sand
mywell,2073.0962,60.5465,5.637,2.0819,0.418912,111.505,8.5,0.1305,Silty Sand
mywell,2073.2486,62.9367,5.6797,2.077,0.42396,111.128,8.5,0.1019,Silty Sand
mywell,2073.401,66.2108,5.809,2.1018,0.411104,109.389,8.5,0.0935,Silty Sand
mywell,2073.5534,69.3945,5.9449,2.104,0.325688,109.499,8.5,0.0833,Silty Sand
mywell,2073.7058,66.7852,6.0512,2.0941,0.356744,111.608,8.5,0.0809,Silty Sand
mywell,2073.8582,58.9351,6.1095,2.1119,0.4314,108.773,8.5,0.1132,Silty Sand
mywell,2074.0106,57.2818,6.1576,2.112,0.308,108.75,8.5,0.117,Silty Sand
mywell,2074.163,61.7895,6.1461,2.1219,0.360568,109.866,8.5,0.1,Silty Sand
mywell,2074.3154,61.3528,6.0904,2.124,0.436392,107.891,8.5,0.0937,Silty Sand
mywell,2074.4678,57.6161,6.0106,2.122,0.44196,106.759,8.5,0.1155,Silty Sand
mywell,2074.6202,56.4244,5.8979,2.1121,0.409264,108.61,8.5,0.1199,Silty Sand
mywell,2074.7726,60.4038,5.7621,2.118,0.406024,108.253,8.5,0.1297,Silty Sand
mywell,2074.925,64.53,5.6985,2.1299,0.338544,107.878,8.5,0.0959,Silty Sand
mywell,2075.0774,59.7449,5.6861,2.136,0.351888,103.535,8.5,0.1248,Silty Sand
mywell,2075.2298,61.5174,5.6056,2.1003,0.3024,97.3,8.5,0.0839,Silty Sand
mywell,2075.3822,59.4309,5.606,2.102,0.454768,95.142,8.5,0.1292,Silty Sand
mywell,2075.5346,62.638,5.6487,2.1506,0.374656,103.061,8.5,0.0936,Silty Sand
mywell,2075.687,61.055,5.7055,2.1649,0.365072,106.473,8.5,0.1096,Silty Sand
mywell,2075.8394,63.5736,5.8102,2.1342,0.423528,102.036,8.5,0.0897,Silty Sand
mywell,2075.9918,59.8373,6.1126,2.1489,0.356544,101.504,8.5,0.1069,Silty Sand
mywell,2076.1442,56.9183,6.735,2.2055,0.101056,101.004,8.5,0.0839,Silty Sand
mywell,2076.2966,48.4709,7.4761,2.5224,0.032536,100.504,8.5,0.1125,Silty Sand
mywell,2076.449,47.3435,8.3867,2.6639,0.026048,100.004,8.5,0.0838,Silty Sand
mywell,2076.6014,49.8954,9.8374,2.7622,0.063696,99.504,8.5,0.0978,Silty Sand
mywell,2076.7538,54.8095,10.3162,2.7263,0.127488,99.004,8.5,0.0948,Silty Sand
mywell,2076.9062,54.5107,9.2,2.724,0.252,98.504,8.5,0.1154,Silty Sand
mywell,2077.0586,54.6945,7.6385,2.5187,0.28772,98.004,8.5,0.1163,Silty Sand
mywell,2077.211,52.8896,6.8602,2.2521,0.368352,97.504,8.5,0.1658,Silty Sand
mywell,2077.3634,57.2388,6.0039,2.246,0.275752,107.048,8.5,0.0901,Silty Sand
mywell,2077.5158,56.5617,5.5318,2.123,0.419832,108.613,8.5,0.1389,Silty Sand
mywell,2077.6682,57.1562,5.4447,2.1766,0.31684,108.253,8.5,0.1018,Silty Sand
mywell,2077.8206,54.7514,5.4132,2.171,0.321952,107.63,8.5,0.1003,Silty Sand
mywell,2077.973,59.3021,5.285,2.169,0.380528,110.105,8.5,0.1271,Silty Sand
mywell,2078.1254,60.0513,5.28,2.1025,0.41572,107.769,8.5,0.1288,Silty Sand
mywell,2078.2778,69.2509,5.3475,2.096,0.355488,107.0764,8.5,0.0962,Silty Sand
mywell,2078.4302,68.2169,5.4125,2.1367,0.317304,105.8617,8.5,0.0696,Silty Sand
mywell,2078.5826,71.4737,5.5221,2.139,0.399336,104.6427,8.5,0.0891,Silty Sand
mywell,2078.735,71.2272,5.6668,2.1509,0.347424,104.1509,8.5,0.0893,Silty Sand
mywell,2078.8874,70.9016,5.8743,2.2353,0.352952,104.4486,8.5,0.0737,Silty Sand
mywell,2079.0398,71.149,6.0248,2.2707,0.294472,104.7536,8.5,0.0831,Silty Sand
mywell,2079.1922,64.4371,6.2313,2.2145,0.322768,104.1925,8.5,0.0772,Silty Sand
mywell,2079.3446,62.0389,6.2925,2.21,0.30316,104.9935,8.5,0.0986,Silty Sand
mywell,2079.497,55.0581,6.2365,2.1614,0.303,104.504,8.5,0.1214,Silty Sand
mywell,2079.6494,50.8832,6.3144,2.155,0.319864,104.252,8.5,0.1482,Silty Sand
mywell,2079.8018,43.7304,6.4221,2.1729,0.262464,104.002,8.5,0.1445,Sandstone
mywell,2079.9542,44.2226,6.5718,2.167,0.27688,104.868,8.5,0.1438,Sandstone
mywell,2080.1066,46.1336,6.571,2.1472,0.343464,106.611,8.5,0.2142,Silty Sand
mywell,2080.259,50.8392,6.4946,2.149,0.271584,105.385,8.5,0.1125,Silty Sand
mywell,2080.4114,53.6953,6.3799,2.143,0.307704,106.491,8.5,0.1434,Silty Sand
mywell,2080.5638,49.1607,6.2252,2.137,0.254432,106.872,8.5,0.1281,Silty Sand
mywell,2080.7162,45.8444,6.105,2.1449,0.322448,107.867,8.5,0.1888,Silty Sand
mywell,2080.8686,44.3399,5.9344,2.1242,0.312088,108.619,8.5,0.1957,Sandstone
mywell,2081.021,47.0124,5.8219,2.1161,0.24256,108.749,8.5,0.1095,Silty Sand
mywell,2081.1734,53.2191,5.7754,2.12,0.247952,109.99,8.5,0.1028,Silty Sand
mywell,2081.3258,64.4528,5.6917,2.1388,0.264864,110.744,8.5,0.0648,Silty Sand
mywell,2081.4782,76.4788,5.5958,2.1529,0.258056,110.874,8.5,0.0463,Silty Sand
mywell,2081.6306,82.3643,5.5414,2.1103,0.344304,112.239,8.5,0.0584,Silty Sand
mywell,2081.783,76.2874,5.5093,2.0902,0.346984,112.87,8.5,0.104,Silty Sand
mywell,2081.9354,74.4306,5.5774,2.1158,0.248792,112.751,8.5,0.0483,Silty Sand
mywell,2082.0878,77.2234,5.6355,2.118,0.308512,113.37,8.5,0.0484,Silty Sand
mywell,2082.2402,78.9572,5.7491,2.1368,0.327848,113.499,8.5,0.0483,Silty Sand
mywell,2082.3926,76.8481,5.7262,2.1003,0.328992,113.624,8.5,0.0479,Silty Sand
mywell,2082.545,76.0989,5.6635,2.1099,0.307176,114.741,8.5,0.0507,Silty Sand
mywell,2082.6974,74.0534,5.6094,2.1179,0.284184,114.254,8.5,0.0497,Silty Sand
mywell,2082.8498,75.2413,5.4751,2.0882,0.335584,114.622,8.5,0.0652,Silty Sand
mywell,2083.0022,70.8138,5.4046,2.09,0.288384,113.509,8.5,0.0739,Silty Sand
mywell,2083.1546,77.5613,5.3445,2.1079,0.291968,113.128,8.5,0.0499,Silty Sand
mywell,2083.307,78.73,5.2686,2.114,0.327712,114.365,8.5,0.0459,Silty Sand
mywell,2083.4594,84.9618,5.1926,2.1606,0.291296,112.391,8.5,0.0327,Silty Sand
mywell,2083.6118,84.9396,5.2208,2.1223,0.359448,112.499,8.5,0.0893,Silty Sand
mywell,2083.7642,94.2321,5.1783,2.118,0.338176,110.144,8.5,0.0605,Shale
mywell,2083.9166,109.2624,5.0798,2.1507,0.31816,104.793,8.5,0.0341,Shale
mywell,2084.069,125.2739,5.0175,2.2839,0.315024,104.998,8.5,0.0197,Shale
mywell,2084.2214,142.1033,5.0349,2.3376,0.407256,104.256,8.5,0.0307,Shale
mywell,2084.3738,147.3379,4.8535,2.3013,0.357408,105.49,8.5,0.0327,Shale
mywell,2084.5262,145.7213,4.601,2.2574,0.395688,110.46,8.5,0.0316,Shale
mywell,2084.6786,137.7343,4.3312,2.2382,0.271008,108.02,8.5,0.0114,Shale
mywell,2084.831,134.7059,4.1276,2.1497,0.427728,109.488,8.5,0.0291,Shale
mywell,2084.9834,134.1334,4.0546,2.272,0.511336,115.452,8.5,0.0347,Shale
mywell,2085.1358,128.8942,4.056,2.273,0.512,116.864,8.5,0.0258,Shale
mywell,2085.2882,123.5864,4.0748,2.3881,0.474304,118.239,8.5,0.0294,Shale
mywell,2085.4406,123.1472,4.317,2.1727,0.494832,117.382,8.5,0.0321,Shale
mywell,2085.593,129.7874,4.445,2.2474,0.399768,110.555,8.5,0.0297,Shale
mywell,2085.7454,138.8801,4.3776,2.2401,0.356344,106.656,8.5,0.023,Shale
mywell,2085.8978,135.2786,4.3334,2.246,0.349056,106.749,8.5,0.0298,Shale
mywell,2086.0502,133.2987,4.4411,2.3045,0.333128,106.006,8.5,0.0218,Shale
mywell,2086.2026,131.1681,4.7336,2.2554,0.346888,107.488,8.5,0.0327,Shale
mywell,2086.355,133.2332,4.987,2.2709,0.290456,107.5,8.5,0.0201,Shale
mywell,2086.5074,132.0021,5.0991,2.269,0.357456,106.136,8.5,0.0318,Shale
mywell,2086.6598,130.0784,5.1645,2.2244,0.391728,106.373,8.5,0.0381,Shale
mywell,2086.8122,135.9545,5.1104,2.1932,0.388032,106.747,8.5,0.0301,Shale
mywell,2086.9646,138.8123,5.0832,2.2198,0.340384,106.626,8.5,0.0176,Shale
mywell,2087.117,147.4327,5.0701,2.2825,0.357856,106.749,8.5,0.0322,Shale
mywell,2087.2694,148.0387,5.072,2.2324,0.339152,106.75,8.5,0.024,Shale
mywell,2087.4218,147.4627,5.078,2.2479,0.351896,107.618,8.5,0.0338,Shale
mywell,2087.5742,141.0824,5.0552,2.2282,0.329184,107.253,8.5,0.0299,Shale
mywell,2087.7266,136.441,5.0183,2.2359,0.385544,109.358,8.5,0.0293,Shale
mywell,2087.879,137.5111,4.9654,2.1914,0.289776,109.871,8.5,0.0129,Shale
mywell,2088.0314,131.6364,4.9144,2.2098,0.322728,109.379,8.5,0.0183,Shale
mywell,2088.1838,135.5342,4.8594,2.2199,0.409304,107.639,8.5,0.0298,Shale
mywell,2088.3362,130.6199,4.7886,2.1873,0.461584,106.509,8.5,0.0305,Shale
mywell,2088.4886,140.7857,4.7354,2.308,0.292368,106.5,8.5,0.0112,Shale
mywell,2088.641,143.3252,4.6437,2.2971,0.328696,106.004,8.5,0.035,Shale
mywell,2088.7934,150.1045,4.5746,2.2613,0.396456,104.636,8.5,0.0192,Shale
mywell,2088.9458,144.8488,4.5304,2.255,0.334504,105.741,8.5,0.032,Shale
mywell,2089.0982,140.6128,4.5131,2.2808,0.43816,106.246,8.5,0.0237,Shale
mywell,2089.2506,136.7261,4.4842,2.3475,0.351704,104.886,8.5,0.0381,Shale
mywell,2089.403,135.1683,4.4275,2.3222,0.419448,104.627,8.5,0.0367,Shale
mywell,2089.5554,132.9964,4.3357,2.3051,0.342624,104.501,8.5,0.0231,Shale
mywell,2089.7078,130.4404,4.216,2.3199,0.368784,105.988,8.5,0.0267,Shale
mywell,2089.8602,125.9689,4.1515,2.3121,0.371976,106.124,8.5,0.026,Shale
mywell,2090.0126,127.2305,4.027,2.316,0.343232,105.753,8.5,0.0197,Shale
mywell,2090.165,127.6567,3.9913,2.2793,0.43724,105.75,8.5,0.026,Shale
mywell,2090.3174,129.5815,3.8839,2.3157,0.464784,106.494,8.5,0.0262,Shale
mywell,2090.4698,129.7974,3.7104,2.3517,0.408456,105.508,8.5,0.0272,Shale
mywell,2090.6222,131.168,3.465,2.3788,0.35344,105.748,8.5,0.0298,Shale
mywell,2090.7746,123.1874,3.3043,2.3542,0.424424,106.37,8.5,0.0284,Shale
mywell,2090.927,128.9867,3.1721,2.3728,0.403176,107.119,8.5,0.0268,Shale
mywell,2091.0794,121.3837,3.1095,2.3928,0.384152,107.621,8.5,0.0388,Shale
mywell,2091.2318,125.8177,2.9731,2.389,0.405824,109.485,8.5,0.0272,Shale
mywell,2091.3842,111.7586,2.7924,2.383,0.394096,109.872,8.5,0.046,Shale
mywell,2091.5366,117.8579,2.7354,2.3711,0.4188,113.223,8.5,0.0349,Shale
mywell,2091.689,116.0371,2.7023,2.3502,0.441816,114.118,8.5,0.0356,Shale
mywell,2091.8414,119.1815,2.6712,2.344,0.472752,112.885,8.5,0.0333,Shale
mywell,2091.9938,114.6021,2.5688,2.3361,0.445224,112.503,8.5,0.0487,Shale
mywell,2092.1462,122.5913,2.448,2.2894,0.446984,110.144,8.5,0.0399,Shale
mywell,2092.2986,122.405,2.446,2.3257,0.429144,114.341,8.5,0.0382,Shale
mywell,2092.451,126.491,2.4896,2.2873,0.44884,117.227,8.5,0.0256,Shale
mywell,2092.6034,118.1227,2.489,2.2791,0.41428,114.77,8.5,0.0336,Shale
mywell,2092.7558,122.5012,2.4354,2.2988,0.3892,118.47,8.5,0.0385,Shale
mywell,2092.9082,120.3774,2.5154,2.2911,0.45844,116.02,8.5,0.0362,Shale
mywell,2093.0606,130.4734,2.5993,2.2424,0.482808,113.52,8.5,0.0331,Shale
mywell,2093.213,131.0341,2.7032,2.2926,0.445304,115.98,8.5,0.0321,Shale
mywell,2093.3654,126.5541,2.7437,2.3297,0.377544,109.304,8.5,0.0254,Shale
mywell,2093.5178,112.9831,2.6537,2.324,0.469256,106.77,8.5,0.0432,Shale
mywell,2093.6702,110.0577,2.5558,2.2952,0.396592,102.782,8.5,0.0431,Shale
mywell,2093.8226,112.2819,2.5828,2.3962,0.413856,104.982,8.5,0.0464,Shale
mywell,2093.975,114.3346,2.6485,2.3543,0.437808,107.48,8.5,0.0432,Shale
mywell,2094.1274,118.9588,2.6371,2.2052,0.478672,110.476,8.5,0.0374,Shale
mywell,2094.2798,117.2649,2.5755,2.2159,0.574232,115.212,8.5,0.0407,Shale
mywell,2094.4322,112.0608,2.4341,2.1575,0.463896,116.986,8.5,0.049,Shale
mywell,2094.5846,100.1894,2.3834,2.0132,0.505656,118.736,8.5,0.065,Shale
mywell,2094.737,102.0711,2.2848,2.2243,0.531792,116.766,8.5,0.0574,Shale
mywell,2094.8894,105.3665,2.2066,2.0345,0.47744,115.51,8.5,0.0567,Shale
mywell,2095.0418,112.6961,2.1891,2.275,0.507752,116.492,8.5,0.0439,Shale
mywell,2095.1942,106.1572,2.1503,2.1034,0.480224,114.268,8.5,0.0592,Shale
mywell,2095.3466,106.3391,2.1312,2.1724,0.551424,115.242,8.5,0.0573,Shale
mywell,2095.499,105.9868,2.128,2.167,0.46272,115.498,8.5,0.0573,Shale
mywell,2095.6514,109.211,2.1796,2.1749,0.45208,116.244,8.5,0.0471,Shale
mywell,2095.8038,114.6722,2.2455,2.1512,0.55616,121.086,8.5,0.0592,Shale
mywell,2095.9562,114.6426,2.4037,2.2175,0.430024,117.777,8.5,0.0541,Shale
mywell,2096.1086,114.0885,2.6242,2.1049,0.461736,119.114,8.5,0.0489,Shale
mywell,2096.261,101.4965,3.2113,2.11,0.436208,117.017,8.5,0.0595,Shale
mywell,2096.4134,89.863,3.714,2.2796,0.373504,113.156,8.5,0.0618,Shale
mywell,2096.5658,86.6502,4.1366,2.1233,0.359112,107.049,8.5,0.0646,Shale
mywell,2096.7182,92.5373,4.5864,2.1746,0.390744,104.272,8.5,0.0626,Shale
mywell,2096.8706,97.9626,5.6405,2.2157,0.312632,100.282,8.5,0.0413,Shale
mywell,2097.023,107.0183,7.2005,2.2844,0.312,97.522,8.5,0.0379,Shale
mywell,2097.1754,109.2486,9.1662,2.2552,0.275296,88.324,8.5,0.0265,Shale
mywell,2097.3278,108.5914,11.3803,2.2768,0.211512,81.058,8.5,0.0294,Shale
mywell,2097.4802,89.2916,13.2203,2.4,0.209016,79.14,8.5,0.0389,Shale
mywell,2097.6326,77.1586,15.7815,2.4228,0.29332,77.513,8.5,0.0608,Silty Sand
mywell,2097.785,63.7424,18.773,2.2177,0.17,83.328,8.5,0.0824,Silty Sand
mywell,2097.9374,63.4535,24.2441,2.1515,0.077736,80.399,8.5,0.1037,Silty Sand
mywell,2098.0898,67.3615,30.6378,2.3206,0.066088,71.571,8.5,0.1154,Silty Sand
mywell,2098.2422,65.4358,34.2473,2.322,0.066,65.424,8.5,0.1165,Silty Sand
mywell,2098.3946,65.9547,34.9228,2.5512,0.089808,67.359,8.5,0.1154,Silty Sand
mywell,2098.547,66.207,35.2653,2.547,0.108848,73.6058,8.5,0.1077,Silty Sand
mywell,2098.6994,75.8046,27.5175,2.6154,0.117928,79.8878,8.5,0.1049,Silty Sand
mywell,2098.8518,89.148,22.8204,2.6686,0.183472,86.1688,8.5,0.057,Shale
mywell,2099.0042,96.5611,18.9856,2.6591,0.276256,92.4498,8.5,0.052,Shale
mywell,2099.1566,100.8261,16.1724,2.4933,0.398024,101.18,8.5,0.0747,Shale
mywell,2099.309,94.2503,14.4348,2.2986,0.373208,106.582,8.5,0.0793,Shale
mywell,2099.4614,84.5527,13.1631,2.1988,0.37796,109.725,8.5,0.0828,Silty Sand
mywell,2099.6138,84.6883,11.9884,2.1573,0.27384,111.114,8.5,0.0385,Silty Sand
mywell,2099.7662,102.3496,10.5902,2.1282,0.289864,111.001,8.5,0.0355,Shale
mywell,2099.9186,119.1169,9.8568,2.128,0.296944,111.0,8.5,0.0272,Shale
mywell,2100.071,122.4611,9.3927,2.1528,0.31684,111.62,8.5,0.0288,Shale
mywell,2100.2234,119.2055,8.7382,2.1629,0.280296,112.121,8.5,0.0272,Shale
mywell,2100.3758,111.9572,8.3848,2.1362,0.3296,111.133,8.5,0.0367,Shale
mywell,2100.5282,118.596,8.2054,2.1548,0.357776,111.001,8.5,0.0353,Shale
mywell,2100.6806,114.0273,8.0175,2.1391,0.440336,111.0,8.5,0.0535,Shale
mywell,2100.833,114.1666,7.9327,2.1281,0.35668,109.512,8.5,0.0521,Shale
mywell,2100.9854,109.3756,7.9598,2.1121,0.292512,104.912,8.5,0.0335,Shale
mywell,2101.1378,110.1832,7.9481,2.1745,0.294976,104.007,8.5,0.0316,Shale
mywell,2101.2902,114.649,7.8954,2.2117,0.3694,108.216,8.5,0.0559,Shale
mywell,2101.4426,115.9161,7.8444,2.216,0.393808,107.01,8.5,0.0407,Shale
mywell,2101.595,106.2312,7.8996,2.1753,0.372176,106.876,8.5,0.0649,Shale
mywell,2101.7474,96.4225,8.027,2.1204,0.323392,102.907,8.5,0.0454,Shale
mywell,2101.8998,94.0475,8.2611,2.1825,0.265464,94.567,8.5,0.0394,Shale
mywell,2102.0522,100.3897,8.5923,2.2296,0.24516,90.036,8.5,0.0324,Shale
mywell,2102.2046,105.2502,9.0731,2.3292,0.250952,85.04,8.5,0.03,Shale
mywell,2102.357,106.0518,10.0134,2.3965,0.287704,85.0,8.5,0.0302,Shale
mywell,2102.5094,108.6025,11.4098,2.391,0.20864,81.9,8.5,0.0296,Shale
mywell,2102.6618,114.3667,11.7861,2.4495,0.23776,76.543,8.5,0.0287,Shale
mywell,2102.8142,110.321,11.0847,2.4639,0.174512,72.284,8.5,0.0304,Shale
mywell,2102.9666,101.3292,9.9977,2.5404,0.121424,67.91,8.5,0.0354,Shale
mywell,2103.119,90.3083,9.6745,2.6134,0.089256,67.627,8.5,0.0416,Shale
mywell,2103.2714,89.4314,8.8536,2.619,0.08404,74.941,8.5,0.0443,Shale
mywell,2103.4238,97.4136,7.5177,2.5724,0.186176,85.912,8.5,0.0341,Shale
mywell,2103.5762,113.0276,6.4168,2.4788,0.254456,94.432,8.5,0.0307,Shale
mywell,2103.7286,114.8166,5.794,2.3937,0.29964,101.32,8.5,0.0307,Shale
mywell,2103.881,121.1223,5.4934,2.3117,0.315872,101.623,8.5,0.0227,Shale
mywell,2104.0334,117.332,5.3263,2.3011,0.277312,103.361,8.5,0.0219,Shale
mywell,2104.1858,127.1446,4.7913,2.3089,0.387112,103.251,8.5,0.0277,Shale
mywell,2104.3382,115.3448,4.1997,2.2574,0.330464,105.234,8.5,0.0321,Shale
mywell,2104.4906,112.9218,3.8131,2.2788,0.33496,104.382,8.5,0.0281,Shale
mywell,2104.643,110.3347,3.6205,2.283,0.328056,101.647,8.5,0.0286,Shale
mywell,2104.7954,114.658,3.4008,2.2751,0.399424,101.873,8.5,0.0498,Shale
mywell,2104.9478,115.5243,3.393,2.3415,0.46448,105.471,8.5,0.0357,Shale
mywell,2105.1002,111.7921,3.2194,2.3618,0.371752,107.36,8.5,0.0434,Shale
mywell,2105.2526,104.6702,3.1674,2.4166,0.42556,110.971,8.5,0.0583,Shale
mywell,2105.405,100.5636,3.0301,2.3446,0.519248,113.976,8.5,0.0564,Shale
mywell,2105.5574,100.9337,2.9139,2.2894,0.47536,112.264,8.5,0.0568,Shale
mywell,2105.7098,116.4678,2.8059,2.2285,0.374808,115.474,8.5,0.0389,Shale
mywell,2105.8622,114.6973,2.7455,2.2627,0.521808,111.656,8.5,0.0503,Shale
mywell,2106.0146,117.1818,2.7341,2.2263,0.507128,111.377,8.5,0.0404,Shale
mywell,2106.167,116.5026,2.8015,2.2687,0.465336,112.987,8.5,0.0385,Shale
mywell,2106.3194,124.5887,2.9944,2.3107,0.433256,116.72,8.5,0.0271,Shale
mywell,2106.4718,124.1987,3.2936,2.2614,0.41812,111.542,8.5,0.0276,Shale
mywell,2106.6242,119.229,3.9358,2.2382,0.446768,107.408,8.5,0.0342,Shale
mywell,2106.7766,112.9205,4.8318,2.3045,0.4718,101.919,8.5,0.0442,Shale
mywell,2106.929,105.7881,5.954,2.2971,0.336096,94.559,8.5,0.0371,Shale
mywell,2107.0814,101.1073,7.7526,2.4567,0.322104,92.268,8.5,0.0398,Shale
mywell,2107.2338,105.3931,10.0496,2.3509,0.21288,92.374,8.5,0.0318,Shale
mywell,2107.3862,109.6509,12.3238,2.3262,0.294336,90.143,8.5,0.0282,Shale
mywell,2107.5386,106.9917,13.3568,2.2466,0.322776,83.553,8.5,0.0408,Shale
mywell,2107.691,95.9122,13.6626,2.3273,0.16924,80.524,8.5,0.0374,Shale
mywell,2107.8434,97.0967,13.5579,2.4768,0.147168,77.276,8.5,0.0377,Shale
mywell,2107.9958,105.0807,12.7971,2.5425,0.189656,81.714,8.5,0.034,Shale
mywell,2108.1482,116.1314,12.0837,2.537,0.267376,87.33,8.5,0.0279,Shale
mywell,2108.3006,108.524,11.9877,2.41,0.299744,96.303,8.5,0.0315,Shale
mywell,2108.453,95.1196,12.3134,2.3118,0.29008,97.119,8.5,0.046,Shale
mywell,2108.6054,91.665,12.6354,2.2713,0.291984,96.629,8.5,0.0463,Shale
mywell,2108.7578,95.1249,13.01,2.3275,0.285056,96.625,8.5,0.0394,Shale
mywell,2108.9102,97.9465,13.4316,2.2715,0.25028,96.377,8.5,0.0415,Shale
mywell,2109.0626,91.2224,14.2951,2.273,0.25992,97.119,8.5,0.0417,Shale
mywell,2109.215,80.1558,16.406,2.271,0.23024,99.357,8.5,0.0438,Silty Sand
mywell,2109.3674,66.1849,20.2482,2.2889,0.262736,100.987,8.5,0.1027,Silty Sand
mywell,2109.5198,50.319,27.0831,2.3297,0.314584,105.464,8.5,0.1978,Silty Sand
mywell,2109.6722,42.3721,37.806,2.3072,0.252504,109.096,8.5,0.2567,Sandstone
mywell,2109.8246,39.079,61.7248,2.1959,0.218272,111.605,8.5,0.295,Sandstone
mywell,2109.977,34.8112,72.082,2.1246,0.230896,110.137,8.5,0.3827,Sandstone
mywell,2110.1294,28.6286,74.5378,2.1061,0.248856,108.637,8.5,0.3883,Sandstone
mywell,2110.2818,30.5957,107.3724,2.1278,0.255944,108.253,8.5,0.4874,Sandstone
mywell,2110.4342,32.5037,135.0628,2.13,0.242112,106.266,8.5,0.5463,Sandstone
mywell,2110.5866,33.4674,168.2928,2.1389,0.27176,107.986,8.5,0.6037,Sandstone
mywell,2110.739,29.14,176.7093,2.1469,0.272,106.76,8.5,0.6096,Sandstone
mywell,2110.8914,33.3914,176.406,2.1242,0.26208,107.742,8.5,0.598,Sandstone
mywell,2111.0438,31.9697,165.854,2.1319,0.278864,108.618,8.5,0.605,Sandstone
mywell,2111.1962,33.8259,150.4803,2.13,0.261144,107.881,8.5,0.6063,Sandstone
mywell,2111.3486,29.8313,143.4963,2.1121,0.235208,108.247,8.5,0.5439,Sandstone
mywell,2111.501,32.5568,124.3529,2.11,0.286584,108.002,8.5,0.542,Sandstone
mywell,2111.6534,36.8268,87.116,2.1685,0.328664,106.76,8.5,0.4421,Sandstone
mywell,2111.8058,35.7896,25.1106,2.163,0.292296,107.494,8.5,0.2163,Sandstone
mywell,2111.9582,30.5819,18.3693,2.1471,0.276128,105.888,8.5,0.2085,Sandstone
mywell,2112.1106,27.8209,15.7755,2.1262,0.313696,103.767,8.5,0.2126,Sandstone
mywell,2112.263,33.8036,13.9843,2.1667,0.334832,100.774,8.5,0.2514,Sandstone
mywell,2112.4154,41.3892,12.1408,2.1372,0.314168,98.642,8.5,0.2068,Sandstone
mywell,2112.5678,40.8826,11.2094,2.1529,0.311024,97.757,8.5,0.2105,Sandstone
mywell,2112.7202,39.5735,10.1624,2.157,0.373496,99.238,8.5,0.248,Sandstone
mywell,2112.8726,39.3626,10.2096,2.1808,0.281744,98.878,8.5,0.1906,Sandstone
mywell,2113.025,37.0109,10.3003,2.1572,0.319688,97.883,8.5,0.2251,Sandstone
mywell,2113.1774,36.4196,10.2822,2.2393,0.318016,97.131,8.5,0.2214,Sandstone
mywell,2113.3298,35.1393,10.4556,2.24,0.318,96.133,8.5,0.2223,Sandstone
mywell,2113.4822,36.9622,10.8072,2.1815,0.292208,95.505,8.5,0.2169,Sandstone
mywell,2113.6346,35.5971,11.0719,2.2336,0.28208,97.484,8.5,0.191,Sandstone
mywell,2113.787,38.9459,11.2555,2.2519,0.283984,99.856,8.5,0.187,Sandstone
mywell,2113.9394,41.1306,11.3711,2.246,0.300864,100.991,8.5,0.1937,Sandstone
mywell,2114.0918,41.0428,11.5347,2.2301,0.277192,101.372,8.5,0.1663,Sandstone
mywell,2114.2442,42.9516,11.7116,2.1933,0.266088,100.383,8.5,0.179,Sandstone
mywell,2114.3966,40.739,11.7338,2.1791,0.28088,99.383,8.5,0.1856,Sandstone
mywell,2114.549,42.1217,11.8213,2.2058,0.247272,98.507,8.5,0.1762,Sandstone
mywell,2114.7014,38.6451,11.7079,2.2338,0.257912,98.376,8.5,0.1817,Sandstone
mywell,2114.8538,38.1289,11.5761,2.2062,0.26296,98.127,8.5,0.1861,Sandstone
mywell,2115.0062,42.593,11.4738,2.2358,0.289784,100.729,8.5,0.2118,Sandstone
mywell,2115.1586,50.9856,11.4651,2.2062,0.249328,101.99,8.5,0.1113,Silty Sand
mywell,2115.311,52.9199,11.4154,2.202,0.262888,101.504,8.5,0.1103,Silty Sand
mywell,2115.4634,51.1732,11.3208,2.1931,0.325496,103.112,8.5,0.1478,Silty Sand
mywell,2115.6158,48.5183,11.1077,2.1632,0.249616,104.489,8.5,0.1258,Silty Sand
mywell,2115.7682,52.7934,10.6923,2.169,0.31844,105.368,8.5,0.1499,Silty Sand
mywell,2115.9206,70.5074,10.4023,2.2017,0.27932,108.103,8.5,0.0866,Silty Sand
mywell,2116.073,86.9922,9.9705,2.1812,0.345464,109.737,8.5,0.0442,Shale
mywell,2116.2254,112.9686,9.6337,2.1145,0.417424,111.486,8.5,0.0502,Shale
mywell,2116.3778,123.9581,9.3443,2.0862,0.409072,111.5,8.5,0.0313,Shale
mywell,2116.5302,140.7067,9.0513,2.1336,0.247304,111.624,8.5,0.0105,Shale
mywell,2116.6826,146.1353,8.8427,2.0844,0.431504,111.997,8.5,0.0374,Shale
mywell,2116.835,141.589,8.6862,2.0731,0.40324,111.132,8.5,0.0211,Shale
mywell,2116.9874,133.0099,8.6314,2.0918,0.374232,110.505,8.5,0.0369,Shale
mywell,2117.1398,139.9306,8.6161,2.096,0.368048,109.632,8.5,0.0313,Shale
mywell,2117.2922,146.2693,8.6894,2.0841,0.300544,108.261,8.5,0.0177,Shale
mywell,2117.4446,141.6606,8.7307,2.08,0.393248,108.994,8.5,0.031,Shale
mywell,2117.597,123.0557,8.8362,2.1078,0.400944,108.132,8.5,0.0347,Shale
mywell,2117.7494,118.4886,9.1048,2.0753,0.443656,108.621,8.5,0.0378,Shale
mywell,2117.9018,129.6339,9.4185,2.1018,0.37456,106.393,8.5,0.0317,Shale
mywell,2118.0542,136.5301,9.8912,2.0881,0.353168,105.011,8.5,0.0395,Shale
mywell,2118.2066,133.0396,10.6291,2.1316,0.309352,106.364,8.5,0.0214,Shale
mywell,2118.359,127.6215,12.117,2.1389,0.349672,108.731,8.5,0.0348,Shale
mywell,2118.5114,129.2535,12.4544,2.0944,0.403568,108.626,8.5,0.0295,Shale
mywell,2118.6638,126.0708,12.206,2.2091,0.393088,110.981,8.5,0.0319,Shale
mywell,2118.8162,111.1967,12.3369,2.1306,0.455496,110.628,8.5,0.0572,Shale
mywell,2118.9686,93.956,12.8776,2.1766,0.374656,109.137,8.5,0.0718,Shale
mywell,2119.121,98.649,13.4078,2.2078,0.325392,110.489,8.5,0.0517,Shale
mywell,2119.2734,109.9125,13.5568,2.087,0.370632,110.004,8.5,0.054,Shale
mywell,2119.4258,128.2379,13.4657,2.1277,0.3958,110.496,8.5,0.0374,Shale
mywell,2119.5782,143.5438,13.2339,2.122,0.378144,113.228,8.5,0.0278,Shale
mywell,2119.7306,162.8196,12.7995,2.1041,0.31352,111.142,8.5,0.0055,Shale
mywell,2119.883,181.1861,11.9746,2.0861,0.414184,110.877,8.5,0.018,Shale
mywell,2120.0354,184.3755,10.8381,2.0771,0.322744,110.255,8.5,0.0131,Shale
mywell,2120.1878,175.1059,9.6257,2.1464,0.323984,108.514,8.5,0.0129,Shale
mywell,2120.3402,153.2913,8.251,2.1589,0.233728,110.484,8.5,0.007,Shale
mywell,2120.4926,136.2153,7.0942,2.2076,0.373864,105.044,8.5,0.0398,Shale
mywell,2120.645,123.4736,6.3212,2.2417,0.376984,106.612,8.5,0.0312,Shale
mywell,2120.7974,110.6903,5.815,2.3085,0.348232,105.757,8.5,0.0588,Shale
mywell,2120.9498,97.6007,5.442,2.2971,0.415456,105.874,8.5,0.0841,Shale
mywell,2121.1022,87.692,5.3071,2.3674,0.43584,107.859,8.5,0.0866,Shale
mywell,2121.2546,81.9814,5.0332,2.3482,0.352672,109.859,8.5,0.0768,Silty Sand
mywell,2121.407,87.2253,4.6997,2.2637,0.352,108.635,8.5,0.0601,Shale
mywell,2121.5594,92.3986,4.4182,2.2025,0.407552,109.741,8.5,0.064,Shale
mywell,2121.7118,102.7231,4.4636,2.2318,0.319712,107.642,8.5,0.0406,Shale
mywell,2121.8642,108.4108,4.5771,2.1695,0.352728,104.277,8.5,0.0549,Shale
mywell,2122.0166,113.5658,4.5592,2.3079,0.48196,102.018,8.5,0.0439,Shale
mywell,2122.169,114.7061,4.5431,2.312,0.39372,98.156,8.5,0.0551,Shale
mywell,2122.3214,106.4546,4.5976,2.3864,0.399944,99.365,8.5,0.0657,Shale
mywell,2122.4738,109.7787,4.5692,2.3503,0.39008,100.739,8.5,0.0481,Shale
mywell,2122.6262,110.0252,4.567,2.3639,0.331472,102.858,8.5,0.0272,Shale
mywell,2122.7786,114.0595,4.6632,2.3561,0.309176,105.107,8.5,0.0284,Shale
mywell,2122.931,115.456,4.9289,2.36,0.267336,105.745,8.5,0.0235,Shale
mywell,2123.0834,117.0463,5.0639,2.3888,0.303704,106.866,8.5,0.0271,Shale
mywell,2123.2358,115.5512,5.194,2.3225,0.35856,104.643,8.5,0.0414,Shale
mywell,2123.3882,110.0889,5.2674,2.3012,0.3342,103.509,8.5,0.0345,Shale
mywell,2123.5406,107.0015,5.2898,2.2633,0.36376,102.632,8.5,0.0647,Shale
mywell,2123.693,101.1698,5.3376,2.3086,0.401696,101.509,8.5,0.0669,Shale
mywell,2123.8454,95.5122,5.4412,2.312,0.340496,99.64,8.5,0.0528,Shale
mywell,2123.9978,87.6351,5.561,2.4122,0.353888,102.601,8.5,0.0914,Shale
mywell,2124.1502,73.0074,5.7416,2.2959,0.351024,102.873,8.5,0.0859,Silty Sand
mywell,2124.3026,54.0569,5.865,2.2811,0.292472,103.991,8.5,0.134,Silty Sand
mywell,2124.455,37.9873,5.99,2.1917,0.251328,104.868,8.5,0.167,Sandstone
mywell,2124.6074,38.607,6.1358,2.1474,0.239096,103.511,8.5,0.1666,Sandstone
mywell,2124.7598,37.2321,6.1985,2.141,0.230072,103.624,8.5,0.1738,Sandstone
mywell,2124.9122,38.1713,6.1474,2.1708,0.219088,103.501,8.5,0.1824,Sandstone
mywell,2125.0646,33.1317,6.0676,2.167,0.296376,104.492,8.5,0.2173,Sandstone
mywell,2125.217,31.9323,5.9628,2.171,0.279144,105.368,8.5,0.2032,Sandstone
mywell,2125.3694,33.9923,5.8162,2.1948,0.280984,104.383,8.5,0.1579,Sandstone
mywell,2125.5218,39.9699,5.7803,2.1365,0.3554,103.631,8.5,0.2981,Sandstone
mywell,2125.6742,53.8336,5.7334,2.2094,0.36592,104.121,8.5,0.1692,Silty Sand
mywell,2125.8266,65.3471,5.7221,2.1475,0.359056,106.481,8.5,0.0929,Silty Sand
mywell,2125.979,79.2844,5.7448,2.1867,0.404632,108.856,8.5,0.0899,Silty Sand
mywell,2126.1314,86.8886,5.7529,2.187,0.372264,109.991,8.5,0.0811,Shale
mywell,2126.2838,91.3406,5.7282,2.2039,0.41168,110.248,8.5,0.0797,Shale
mywell,2126.4362,87.0251,5.6883,2.1088,0.399104,110.498,8.5,0.0825,Shale
mywell,2126.5886,77.2099,5.6959,2.1685,0.330552,111.368,8.5,0.0471,Silty Sand
mywell,2126.741,66.1545,5.7387,2.0797,0.385552,110.259,8.5,0.091,Silty Sand
mywell,2126.8934,59.5089,5.8104,2.1336,0.318544,108.39,8.5,0.097,Silty Sand
mywell,2127.0458,56.0098,5.8755,2.1062,0.320976,107.755,8.5,0.1212,Silty Sand
mywell,2127.1982,51.888,5.8869,2.1318,0.31604,104.278,8.5,0.1495,Silty Sand
mywell,2127.3506,44.7354,6.0209,2.1766,0.249536,103.878,8.5,0.1422,Sandstone
mywell,2127.503,38.4482,6.1014,2.171,0.339272,103.999,8.5,0.2489,Sandstone
mywell,2127.6554,32.0611,6.1397,2.169,0.317184,102.884,8.5,0.2313,Sandstone
mywell,2127.8078,31.4406,6.1212,2.1888,0.289224,102.627,8.5,0.2054,Sandstone
mywell,2127.9602,32.1721,5.993,2.1652,0.233448,101.757,8.5,0.2072,Sandstone
mywell,2128.1126,34.1769,5.868,2.1948,0.278632,101.998,8.5,0.1485,Sandstone
mywell,2128.265,33.5561,5.8601,2.1811,0.236344,104.976,8.5,0.1451,Sandstone
mywell,2128.4174,32.7981,5.7727,2.181,0.236,106.24,8.5,0.1692,Sandstone
mywell,2128.5698,33.5618,5.7641,2.1959,0.25584,106.002,8.5,0.1517,Sandstone
mywell,2128.7222,32.2695,5.642,2.196,0.256,103.272,8.5,0.1729,Sandstone
mywell,2128.8746,29.2017,5.5309,2.1752,0.322464,103.25,8.5,0.2102,Sandstone
mywell,2129.027,28.5421,5.3881,2.175,0.279352,99.778,8.5,0.1929,Sandstone
mywell,2129.1794,30.021,5.2283,2.1393,0.306776,100.246,8.5,0.2052,Sandstone
mywell,2129.3318,32.882,5.103,2.2134,0.269304,102.482,8.5,0.1694,Sandstone
mywell,2129.4842,33.1193,5.0415,2.2338,0.279912,105.228,8.5,0.1776,Sandstone
mywell,2129.6366,34.1814,4.9954,2.2161,0.241312,104.134,8.5,0.1527,Sandstone
mywell,2129.789,32.2784,4.7936,2.1595,0.269768,106.729,8.5,0.1826,Sandstone
mywell,2129.9414,34.246,4.8148,2.2036,0.26504,106.998,8.5,0.1607,Sandstone
mywell,2130.0938,37.0178,4.8071,2.1752,0.331464,110.596,8.5,0.2506,Sandstone
mywell,2130.2462,49.6553,4.807,2.1512,0.335968,110.873,8.5,0.1406,Silty Sand
mywell,2130.3986,69.9244,4.7951,2.155,0.319136,106.907,8.5,0.0747,Silty Sand
mywell,2130.551,86.5344,4.9666,2.2215,0.315032,107.991,8.5,0.0379,Shale
mywell,2130.7034,91.6548,5.0156,2.1347,0.459832,102.916,8.5,0.0676,Shale
mywell,2130.8558,79.7305,5.2729,2.0457,0.562184,104.487,8.5,0.0814,Silty Sand
mywell,2131.0082,63.6836,5.5141,1.9716,0.397336,108.096,8.5,0.1414,Silty Sand
mywell,2131.1606,49.7126,5.6112,2.2101,0.426752,108.621,8.5,0.171,Silty Sand
mywell,2131.313,42.0945,5.7181,2.2259,0.434936,107.013,8.5,0.2891,Sandstone
mywell,2131.4654,36.2744,5.7746,2.0326,0.38044,108.86,8.5,0.2857,Sandstone
mywell,2131.6178,30.3504,5.7532,2.0201,0.341312,107.387,8.5,0.2913,Sandstone
mywell,2131.7702,27.1465,5.6409,2.022,0.25172,103.035,8.5,0.1737,Sandstone
mywell,2131.9226,27.1855,5.4753,2.0607,0.316472,102.132,8.5,0.1805,Sandstone
mywell,2132.075,26.067,5.354,2.0789,0.209864,101.505,8.5,0.1808,Sandstone
mywell,2132.2274,29.5151,5.2439,2.1564,0.201064,100.508,8.5,0.1647,Sandstone
mywell,2132.3798,28.4379,5.1081,2.1649,0.353768,102.236,8.5,0.2831,Sandstone
mywell,2132.5322,30.4953,5.0921,2.161,0.405592,103.614,8.5,0.2738,Sandstone
mywell,2132.6846,28.781,5.0543,2.2116,0.260176,103.501,8.5,0.1976,Sandstone
mywell,2132.837,28.1817,4.9072,2.1614,0.230232,103.748,8.5,0.2015,Sandstone
mywell,2132.9894,29.0242,4.9129,2.042,0.257776,110.57,8.5,0.1711,Sandstone
mywell,2133.1418,31.1142,4.8128,2.2325,0.289744,115.213,8.5,0.1933,Sandstone
mywell,2133.2942,36.0603,4.7068,2.0931,0.300912,115.994,8.5,0.1939,Sandstone
mywell,2133.4466,36.8331,4.7774,2.2368,0.339688,118.604,8.5,0.2356,Sandstone
mywell,2133.599,34.6625,5.0181,2.1051,0.472928,113.293,8.5,0.2717,Sandstone
mywell,2133.7514,33.3365,5.2025,2.108,0.378768,107.174,8.5,0.3074,Sandstone
mywell,2133.9038,30.0435,5.3042,2.0574,0.455376,105.017,8.5,0.3022,Sandstone
mywell,2134.0562,29.4158,5.2673,2.1383,0.365728,104.256,8.5,0.3452,Sandstone
mywell,2134.2086,23.9312,5.1301,2.1241,0.303496,103.01,8.5,0.1858,Sandstone
mywell,2134.361,27.4195,4.9961,2.126,0.468664,102.132,8.5,0.2656,Sandstone
mywell,2134.5134,30.1195,4.9494,2.1488,0.328144,100.265,8.5,0.2516,Sandstone
mywell,2134.6658,33.7826,4.9946,2.1321,0.397432,99.01,8.5,0.2864,Sandstone
mywell,2134.8182,34.305,5.0198,2.1528,0.392048,100.612,8.5,0.2858,Sandstone
mywell,2134.9706,40.7124,5.1619,2.159,0.358272,102.113,8.5,0.2929,Sandstone
mywell,2135.123,56.5735,5.2731,2.157,0.370896,100.389,8.5,0.1356,Silty Sand
mywell,2135.2754,78.036,5.2988,2.0677,0.358104,101.863,8.5,0.0929,Silty Sand
mywell,2135.4278,99.6094,5.3169,2.073,0.358992,102.495,8.5,0.0741,Shale
mywell,2135.5802,114.0827,5.193,2.1236,0.343128,102.004,8.5,0.0401,Shale
mywell,2135.7326,123.2689,5.0988,2.1686,0.46204,102.372,8.5,0.0336,Shale
mywell,2135.885,131.2304,5.1,2.1888,0.49772,98.283,8.5,0.0369,Shale
mywell,2136.0374,135.7233,5.1536,2.2743,0.376976,100.73,8.5,0.0355,Shale
mywell,2136.1898,144.3586,5.1451,2.1937,0.41568,100.254,8.5,0.0394,Shale
mywell,2136.3422,147.7809,5.0666,2.2456,0.367392,102.854,8.5,0.0388,Shale
mywell,2136.4946,141.9949,5.0442,2.244,0.42652,105.479,8.5,0.0254,Shale
mywell,2136.647,122.6843,5.0926,2.2569,0.429976,106.244,8.5,0.0399,Shale
mywell,2136.7994,107.3176,5.1039,2.3254,0.424048,107.738,8.5,0.0565,Shale
mywell,2136.9518,100.3859,5.0286,2.3111,0.426976,107.626,8.5,0.0595,Shale
mywell,2137.1042,103.2822,4.8395,2.2594,0.379384,107.873,8.5,0.0546,Shale
mywell,2137.2566,96.6963,4.7616,2.2144,0.410744,107.503,8.5,0.0693,Shale
mywell,2137.409,100.9612,4.7094,2.1575,0.348504,108.368,8.5,0.0591,Shale
mywell,2137.5614,101.4692,4.7774,2.2939,0.38768,107.135,8.5,0.0599,Shale
mywell,2137.7138,108.2662,4.8683,2.2404,0.351296,107.497,8.5,0.0565,Shale
mywell,2137.8662,109.8378,4.8789,2.2529,0.328184,107.376,8.5,0.0318,Shale
mywell,2138.0186,104.6936,4.8274,2.2302,0.41232,107.375,8.5,0.056,Shale
mywell,2138.171,103.1253,4.7824,2.2459,0.420936,107.127,8.5,0.0546,Shale
mywell,2138.3234,96.8029,4.7066,2.2926,0.33172,105.017,8.5,0.0422,Shale
mywell,2138.4758,100.8777,4.7129,2.3109,0.42028,105.992,8.5,0.0595,Shale
mywell,2138.6282,110.5255,4.7021,2.2991,0.446792,105.504,8.5,0.0436,Shale
mywell,2138.7806,113.2953,4.6941,2.2732,0.468824,104.632,8.5,0.0442,Shale
mywell,2138.933,119.889,4.6087,2.273,0.426344,104.873,8.5,0.0342,Shale
mywell,2139.0854,113.864,4.5485,2.2224,0.413104,103.759,8.5,0.0483,Shale
mywell,2139.2378,110.6981,4.422,2.4928,0.320744,102.758,8.5,0.0311,Shale
mywell,2139.3902,112.0271,4.4349,2.2629,0.415232,102.254,8.5,0.0442,Shale
mywell,2139.5426,110.0252,4.5441,2.3215,0.533056,103.242,8.5,0.0428,Shale
mywell,2139.695,110.2044,4.6829,2.3032,0.473488,105.358,8.5,0.0436,Shale
mywell,2139.8474,99.6471,4.7306,2.1334,0.407528,107.607,8.5,0.0742,Shale
mywell,2139.9998,97.2457,4.7955,2.1201,0.378232,106.757,8.5,0.0706,Shale
mywell,2140.1522,102.5292,4.6323,2.3303,0.325424,106.254,8.5,0.0385,Shale
mywell,2140.3046,103.4509,4.7213,2.2953,0.385512,106.498,8.5,0.0546,Shale
mywell,2140.457,104.9053,5.0265,2.2851,0.333424,104.764,8.5,0.034,Shale
mywell,2140.6094,107.4149,5.15,2.2969,0.335976,104.254,8.5,0.0437,Shale
mywell,2140.7618,103.8092,5.4079,2.291,0.322112,102.266,8.5,0.0327,Shale
mywell,2140.9142,110.3332,5.4269,2.3376,0.30216,102.622,8.5,0.0263,Shale
mywell,2141.0666,106.9457,5.4776,2.2696,0.301008,100.393,8.5,0.0273,Shale
mywell,2141.219,105.9548,5.474,2.3295,0.275208,100.251,8.5,0.026,Shale
mywell,2141.3714,92.5956,5.4998,2.2873,0.232344,100.746,8.5,0.0326,Shale
mywell,2141.5238,85.8525,5.4316,2.3396,0.320288,101.494,8.5,0.0353,Shale
mywell,2141.6762,85.5649,5.4419,2.4303,0.387464,104.228,8.5,0.0841,Shale
mywell,2141.8286,91.1628,5.2168,2.2475,0.346336,107.102,8.5,0.0694,Shale
mywell,2141.981,93.7912,4.9849,2.3025,0.477936,108.737,8.5,0.0623,Shale
mywell,2142.1334,84.134,4.8778,2.299,0.413528,110.238,8.5,0.0638,Silty Sand
mywell,2142.2858,69.7513,4.8978,2.3575,0.394152,111.118,8.5,0.0723,Silty Sand
mywell,2142.4382,59.6832,4.8762,2.2598,0.455504,110.505,8.5,0.0975,Silty Sand
mywell,2142.5906,61.5404,4.75,2.2243,0.423264,109.26,8.5,0.0825,Silty Sand
mywell,2142.743,68.7916,4.6181,2.2548,0.391256,106.894,8.5,0.0715,Silty Sand
mywell,2142.8954,78.5081,4.5912,2.2481,0.391992,106.875,8.5,0.0768,Silty Sand
mywell,2143.0478,86.9545,4.6208,2.1617,0.33248,106.255,8.5,0.0392,Shale
mywell,2143.2002,89.0655,4.6845,2.1451,0.363744,101.786,8.5,0.062,Shale
mywell,2143.3526,87.1446,4.7842,2.1728,0.394752,99.394,8.5,0.0716,Shale
mywell,2143.505,100.2968,4.8386,2.1948,0.440632,99.251,8.5,0.072,Shale
mywell,2143.6574,106.7389,4.9511,2.198,0.408264,98.754,8.5,0.0653,Shale
mywell,2143.8098,118.1038,4.9748,2.1831,0.485376,102.594,8.5,0.0378,Shale
mywell,2143.9622,109.8304,5.0147,2.2683,0.450288,104.857,8.5,0.0448,Shale
mywell,2144.1146,114.5494,4.8354,2.3652,0.387504,102.643,8.5,0.0482,Shale
mywell,2144.267,116.4639,4.8112,2.1964,0.41676,102.749,8.5,0.0425,Shale
mywell,2144.4194,130.0942,4.7842,2.3835,0.390216,102.502,8.5,0.0295,Shale
mywell,2144.5718,128.9888,4.9169,2.2918,0.379088,104.112,8.5,0.0279,Shale
mywell,2144.7242,138.28,4.8783,2.3317,0.429592,104.869,8.5,0.0398,Shale
mywell,2144.8766,141.9093,4.8393,2.3439,0.41016,103.511,8.5,0.0307,Shale
mywell,2145.029,148.88,4.7666,2.3341,0.32072,105.112,8.5,0.0288,Shale
mywell,2145.1814,136.3396,4.8057,2.33,0.32992,101.281,8.5,0.0199,Shale
mywell,2145.3338,123.3638,4.8506,2.3221,0.405392,101.498,8.5,0.0298,Shale
mywell,2145.4862,115.4331,4.8808,2.203,0.402032,97.78,8.5,0.0437,Shale
mywell,2145.6386,117.7736,4.9713,2.3062,0.458544,97.378,8.5,0.0378,Shale
mywell,2145.791,114.2595,5.0285,2.307,0.457016,100.227,8.5,0.0486,Shale
mywell,2145.9434,110.5576,4.9288,2.2812,0.388552,97.77,8.5,0.0488,Shale
mywell,2146.0958,99.6824,4.677,2.2711,0.435616,105.686,8.5,0.0675,Shale
mywell,2146.2482,98.1606,4.3923,2.2224,0.284224,104.014,8.5,0.0373,Shale
mywell,2146.4006,108.1047,4.4763,2.2547,0.31772,103.504,8.5,0.0382,Shale
mywell,2146.553,120.588,4.5335,2.2104,0.301136,103.252,8.5,0.027,Shale
mywell,2146.7054,130.0961,4.659,2.2923,0.353576,104.118,8.5,0.0318,Shale
mywell,2146.8578,124.3301,4.8673,2.2672,0.416496,103.877,8.5,0.0294,Shale
mywell,2147.0102,129.5039,4.9722,2.3374,0.459656,102.883,8.5,0.0272,Shale
mywell,2147.1626,111.8209,4.9125,2.0821,0.441152,104.983,8.5,0.0474,Shale
mywell,2147.315,114.5181,4.8882,2.3964,0.300136,103.512,8.5,0.0337,Shale
mywell,2147.4674,103.4316,5.135,2.2294,0.311896,105.732,8.5,0.0361,Shale
mywell,2147.6198,110.4854,5.4108,2.2925,0.301088,108.726,8.5,0.0268,Shale
mywell,2147.7722,96.7254,5.6094,2.2811,0.399208,109.742,8.5,0.0777,Shale
mywell,2147.9246,96.3848,5.7261,2.2245,0.343456,111.114,8.5,0.0556,Shale
mywell,2148.077,104.3002,5.6982,2.1982,0.317208,107.901,8.5,0.0388,Shale
mywell,2148.2294,107.9104,5.7208,2.1712,0.289224,106.635,8.5,0.0316,Shale
mywell,2148.3818,110.7047,5.8748,2.1085,0.294952,103.897,8.5,0.0316,Shale
mywell,2148.5342,99.5204,6.0317,2.0316,0.284088,103.503,8.5,0.0366,Shale
mywell,2148.6866,90.006,6.0558,2.2086,0.406016,102.26,8.5,0.0649,Shale
mywell,2148.839,75.4577,6.2643,2.3062,0.369304,101.754,8.5,0.0974,Silty Sand
mywell,2148.9914,67.8811,6.4257,2.3437,0.374952,101.502,8.5,0.071,Silty Sand
mywell,2149.1438,61.4166,6.6413,2.2369,0.301592,100.136,8.5,0.0998,Silty Sand
mywell,2149.2962,61.8273,6.8364,2.24,0.3258,98.885,8.5,0.0914,Silty Sand
mywell,2149.4486,61.3687,6.9432,2.24,0.371632,98.875,8.5,0.1027,Silty Sand
mywell,2149.601,71.653,6.9748,2.2668,0.353152,101.355,8.5,0.0729,Silty Sand
mywell,2149.7534,80.0301,6.9839,2.2243,0.304392,102.491,8.5,0.045,Silty Sand
mywell,2149.9058,84.938,6.9443,2.2458,0.311936,101.26,8.5,0.0405,Silty Sand
mywell,2150.0582,75.793,6.9946,2.2043,0.327872,101.002,8.5,0.0548,Silty Sand
mywell,2150.2106,69.3117,6.989,2.2457,0.333952,99.14,8.5,0.0742,Silty Sand
mywell,2150.363,64.5252,7.0436,2.248,0.276464,98.505,8.5,0.075,Silty Sand
mywell,2150.5154,66.0504,7.0232,2.2163,0.309728,98.748,8.5,0.0771,Silty Sand
mywell,2150.6678,63.7586,6.9446,2.2606,0.279248,100.61,8.5,0.079,Silty Sand
mywell,2150.8202,67.1356,6.9004,2.2164,0.302808,101.121,8.5,0.0762,Silty Sand
mywell,2150.9726,66.1978,6.8375,2.2805,0.313912,101.373,8.5,0.0734,Silty Sand
mywell,2151.125,63.0017,6.7993,2.1917,0.385424,102.367,8.5,0.075,Silty Sand
mywell,2151.2774,58.6578,6.8784,2.2138,0.396912,101.755,8.5,0.1195,Silty Sand
mywell,2151.4298,59.4692,6.9504,2.2219,0.331528,103.114,8.5,0.1173,Silty Sand
mywell,2151.5822,58.4116,6.9946,2.2686,0.29132,101.761,8.5,0.1252,Silty Sand
mywell,2151.7346,54.8973,7.0287,2.1896,0.292984,102.494,8.5,0.1339,Silty Sand
mywell,2151.887,56.8272,7.0409,2.1731,0.298952,101.384,8.5,0.126,Silty Sand
mywell,2152.0394,59.8884,7.0212,2.1948,0.365464,101.251,8.5,0.1258,Silty Sand
mywell,2152.1918,59.915,7.1222,2.2297,0.35608,99.886,8.5,0.1332,Silty Sand
mywell,2152.3442,51.484,7.2182,2.2062,0.263744,99.379,8.5,0.1204,Silty Sand
mywell,2152.4966,47.1028,7.2488,2.202,0.259032,98.507,8.5,0.128,Silty Sand
mywell,2152.649,46.9539,7.1756,2.2318,0.310584,99.12,8.5,0.1587,Silty Sand
mywell,2152.8014,53.4675,7.1373,2.2747,0.324888,99.001,8.5,0.1433,Silty Sand
mywell,2152.9538,62.452,7.141,2.2442,0.223816,99.248,8.5,0.0888,Silty Sand
mywell,2153.1062,66.8501,7.4088,2.2063,0.319224,99.25,8.5,0.0807,Silty Sand
mywell,2153.2586,60.4013,7.4814,2.2685,0.311072,99.126,8.5,0.121,Silty Sand
mywell,2153.411,51.4031,7.4651,2.2283,0.34076,98.629,8.5,0.1645,Silty Sand
mywell,2153.5634,42.4179,7.3747,2.2548,0.237832,101.849,8.5,0.1535,Sandstone
mywell,2153.7158,41.0822,7.2619,2.3274,0.279656,100.511,8.5,0.1739,Sandstone
mywell,2153.8682,41.5511,7.133,2.2615,0.365312,101.74,8.5,0.2411,Sandstone
mywell,2154.0206,44.527,7.0854,2.2263,0.357072,100.758,8.5,0.2456,Sandstone
mywell,2154.173,51.9702,7.085,2.2786,0.369896,100.626,8.5,0.1689,Silty Sand
mywell,2154.3254,52.4238,7.0096,2.2284,0.348176,100.873,8.5,0.166,Silty Sand
mywell,2154.4778,47.9412,6.7789,2.1596,0.325184,100.007,8.5,0.1727,Silty Sand
mywell,2154.6302,42.7396,6.6312,2.3266,0.348808,100.992,8.5,0.2437,Sandstone
mywell,2154.7826,38.9324,6.6875,2.2615,0.323208,99.14,8.5,0.2151,Sandstone
mywell,2154.935,39.4813,6.7366,2.255,0.29324,98.753,8.5,0.1885,Sandstone
mywell,2155.0874,35.9495,6.6497,2.1895,0.351528,97.634,8.5,0.2702,Sandstone
mywell,2155.2398,35.8387,6.5875,2.2624,0.286528,99.113,8.5,0.186,Sandstone
mywell,2155.3922,36.4153,6.4719,2.1817,0.27608,99.497,8.5,0.187,Sandstone
mywell,2155.5446,40.4267,6.3133,2.185,0.240288,100.864,8.5,0.1565,Sandstone
mywell,2155.697,43.6711,6.2465,2.183,0.223136,102.115,8.5,0.1495,Sandstone
mywell,2155.8494,45.0461,6.1587,2.1711,0.21308,101.257,8.5,0.1362,Silty Sand
mywell,2156.0018,43.8755,6.1749,2.1492,0.289384,101.622,8.5,0.1741,Sandstone
mywell,2156.1542,40.1837,6.1899,2.1262,0.264208,101.005,8.5,0.1576,Sandstone
mywell,2156.3066,43.7569,6.184,2.1409,0.28384,100.876,8.5,0.1564,Sandstone
mywell,2156.459,44.2354,6.1979,2.1222,0.22448,100.131,8.5,0.1634,Sandstone
mywell,2156.6114,49.6712,6.2297,2.1389,0.295424,100.001,8.5,0.148,Silty Sand
mywell,2156.7638,51.2734,6.1854,2.136,0.301952,100.372,8.5,0.1483,Silty Sand
mywell,2156.9162,57.3322,6.303,2.1787,0.294064,100.251,8.5,0.1184,Silty Sand
mywell,2157.0686,56.8245,6.6125,2.1006,0.361456,100.87,8.5,0.1394,Silty Sand
mywell,2157.221,54.3569,6.9205,2.1605,0.308432,98.767,8.5,0.1497,Silty Sand
mywell,2157.3734,41.7346,7.1204,2.1362,0.333792,98.254,8.5,0.2496,Sandstone
mywell,2157.5258,32.4689,7.3313,2.1955,0.339952,96.514,8.5,0.2655,Sandstone
mywell,2157.6782,29.1333,7.3667,2.1454,0.308256,97.74,8.5,0.2321,Sandstone
mywell,2157.8306,28.4166,7.3432,2.1787,0.29808,98.866,8.5,0.2269,Sandstone
mywell,2157.983,34.3481,7.3519,2.177,0.296016,98.503,8.5,0.2188,Sandstone
mywell,2158.1354,33.9853,7.4185,2.1572,0.298976,98.004,8.5,0.2166,Sandstone
mywell,2158.2878,37.9956,7.5222,2.1262,0.324792,96.388,8.5,0.2287,Sandstone
mywell,2158.4402,36.1521,7.6629,2.1568,0.343848,95.507,8.5,0.2612,Sandstone
mywell,2158.5926,33.4844,7.7215,2.1729,0.384672,94.756,8.5,0.2668,Sandstone
mywell,2158.745,35.3319,7.7002,2.173,0.322504,96.238,8.5,0.2257,Sandstone
mywell,2158.8974,35.7924,7.6306,2.173,0.349776,97.738,8.5,0.2708,Sandstone
mywell,2159.0498,37.5489,7.5546,2.2256,0.322224,97.75,8.5,0.2213,Sandstone
mywell,2159.2022,34.3122,7.5451,2.2399,0.300176,97.254,8.5,0.2074,Sandstone
mywell,2159.3546,35.6718,7.4775,2.2023,0.305952,96.754,8.5,0.2136,Sandstone
mywell,2159.507,35.1503,7.3391,2.2159,0.366512,96.626,8.5,0.2721,Sandstone
mywell,2159.6594,32.6412,7.334,2.1952,0.28268,97.245,8.5,0.2093,Sandstone
mywell,2159.8118,35.9958,7.209,2.2545,0.318704,98.738,8.5,0.22,Sandstone
mywell,2159.9642,39.8739,7.1217,2.1955,0.332888,98.502,8.5,0.2449,Sandstone
mywell,2160.1166,48.1991,7.0496,2.2099,0.272488,98.376,8.5,0.1319,Silty Sand
mywell,2160.269,53.2429,7.0341,2.1951,0.299776,98.127,8.5,0.1489,Silty Sand
mywell,2160.4214,62.7844,6.9586,2.1871,0.292064,95.769,8.5,0.1088,Silty Sand
mywell,2160.5738,62.7578,6.955,2.2197,0.32672,98.106,8.5,0.0865,Silty Sand
mywell,2160.7262,65.0991,6.9729,2.1714,0.233752,98.001,8.5,0.0774,Silty Sand
mywell,2160.8786,63.2828,7.1208,2.169,0.22804,99.116,8.5,0.0809,Silty Sand
mywell,2161.031,75.6928,7.4672,2.2216,0.334144,100.241,8.5,0.06,Silty Sand
mywell,2161.1834,76.5697,7.6902,2.216,0.272504,98.638,8.5,0.0566,Silty Sand
mywell,2161.3358,80.9537,7.9083,2.1694,0.221408,95.401,8.5,0.0438,Silty Sand
mywell,2161.4882,66.0574,7.8931,2.1591,0.25076,95.127,8.5,0.085,Silty Sand
mywell,2161.6406,56.9356,7.6886,2.1788,0.235128,94.629,8.5,0.1098,Silty Sand
mywell,2161.793,46.2029,7.7098,2.2018,0.235992,96.113,8.5,0.1457,Silty Sand
mywell,2161.9454,46.117,7.7179,2.2278,0.227072,96.497,8.5,0.151,Silty Sand
mywell,2162.0978,43.4059,7.6476,2.232,0.228984,95.88,8.5,0.1597,Sandstone
mywell,2162.2502,45.2827,7.7016,2.232,0.228008,98.479,8.5,0.1499,Silty Sand
mywell,2162.4026,47.1342,7.6881,2.2518,0.23792,101.228,8.5,0.1123,Silty Sand
mywell,2162.555,63.4565,7.7545,2.2441,0.215184,96.414,8.5,0.0831,Silty Sand
mywell,2162.7074,70.6481,7.5655,2.2519,0.171352,97.491,8.5,0.0782,Silty Sand
mywell,2162.8598,79.142,7.317,2.253,0.251352,96.26,8.5,0.0503,Silty Sand
mywell,2163.0122,79.5622,6.9618,2.2728,0.359136,95.506,8.5,0.0722,Silty Sand
mywell,2163.1646,84.154,6.8281,2.1599,0.372896,93.64,8.5,0.0713,Silty Sand
mywell,2163.317,90.6152,6.8816,2.157,0.247016,92.261,8.5,0.0407,Shale
mywell,2163.4694,91.2324,6.8919,2.2195,0.28072,97.086,8.5,0.0403,Shale
mywell,2163.6218,90.7162,6.9981,2.216,0.205608,98.241,8.5,0.0401,Shale
mywell,2163.7742,83.8979,6.9643,2.1912,0.327016,99.366,8.5,0.0423,Silty Sand
mywell,2163.9266,70.4946,6.7924,2.2118,0.30816,99.623,8.5,0.0791,Silty Sand
mywell,2164.079,62.7268,6.4597,2.1872,0.311968,98.261,8.5,0.0923,Silty Sand
mywell,2164.2314,62.5569,5.8717,2.1711,0.314976,96.886,8.5,0.0797,Silty Sand
mywell,2164.3838,72.8639,5.3978,2.1373,0.307064,99.727,8.5,0.0627,Silty Sand
mywell,2164.5362,84.3838,4.6242,2.1747,0.261368,103.842,8.5,0.0301,Silty Sand
mywell,2164.6886,96.8334,3.5387,2.2742,0.318536,107.595,8.5,0.048,Shale
mywell,2164.841,112.5511,2.1819,2.2671,0.248568,105.517,8.5,0.0248,Shale
mywell,2164.9934,120.4404,2.0916,2.1738,0.271808,101.656,8.5,0.0258,Shale
mywell,2165.1458,125.5801,1.599,2.1909,0.357312,109.933,8.5,0.0273,Shale
mywell,2165.2982,122.9485,1.3053,2.2585,0.350064,115.208,8.5,0.029,Shale
mywell,2165.4506,118.7279,1.1145,2.2104,0.468048,117.854,8.5,0.0368,Shale
mywell,2165.603,109.6579,0.9573,2.1396,0.475944,128.167,8.5,0.0522,Shale
mywell,2165.7554,109.8637,0.8598,2.0061,0.447232,126.514,8.5,0.0481,Shale
mywell,2165.9078,115.2536,0.8699,2.1092,0.565048,127.244,8.5,0.059,Shale
mywell,2166.0602,122.2003,0.873,2.0981,0.459856,125.018,8.5,0.0395,Shale
mywell,2166.2126,136.1539,0.9286,2.0454,0.554232,119.048,8.5,0.0266,Shale
mywell,2166.365,142.8162,0.9657,2.0767,0.4558,114.412,8.5,0.0305,Shale
mywell,2166.5174,149.0015,1.0682,1.956,0.46492,110.283,8.5,0.0463,Shale
mywell,2166.6698,145.6772,1.2684,2.1871,0.441192,108.266,8.5,0.0319,Shale
mywell,2166.8222,146.8831,1.5279,2.2217,0.419176,106.762,8.5,0.0319,Shale
mywell,2166.9746,143.6908,1.9407,2.2299,0.415032,103.526,8.5,0.0342,Shale
mywell,2167.127,130.4456,2.5471,2.2459,0.38524,102.508,8.5,0.0353,Shale
mywell,2167.2794,114.5553,3.1036,2.2529,0.473288,101.136,8.5,0.0544,Shale
mywell,2167.4318,83.418,3.5415,2.259,0.5484,101.001,8.5,0.0669,Silty Sand
mywell,2167.5842,64.1315,4.0132,2.2084,0.388296,101.868,8.5,0.0691,Silty Sand
mywell,2167.7366,45.3552,4.6727,2.3776,0.266968,100.883,8.5,0.1352,Silty Sand
mywell,2167.889,49.6759,5.4091,2.26,0.229296,101.867,8.5,0.0933,Silty Sand
mywell,2168.0414,49.7646,5.9179,2.2104,0.239912,101.131,8.5,0.1087,Silty Sand
mywell,2168.1938,54.6337,6.1849,2.1981,0.257856,102.117,8.5,0.0905,Silty Sand
mywell,2168.3462,59.2461,6.0739,2.202,0.226256,100.389,8.5,0.1011,Silty Sand
mywell,2168.4986,65.0009,5.9867,2.1613,0.229968,99.755,8.5,0.0782,Silty Sand
mywell,2168.651,70.8046,5.8035,2.1868,0.287536,101.982,8.5,0.0735,Silty Sand
mywell,2168.8034,76.6443,5.6264,2.1632,0.274112,99.644,8.5,0.0454,Silty Sand
mywell,2168.9558,79.9557,5.3889,2.2801,0.316656,101.361,8.5,0.0392,Silty Sand
mywell,2169.1082,80.8083,5.0388,2.2344,0.261448,102.119,8.5,0.0343,Silty Sand
mywell,2169.2606,94.9103,4.6075,2.2628,0.372104,102.249,8.5,0.0599,Shale
mywell,2169.413,112.9227,4.3352,2.2967,0.296616,104.73,8.5,0.0268,Shale
mywell,2169.5654,123.0237,4.1505,2.3139,0.287072,102.766,8.5,0.0196,Shale
mywell,2169.7178,119.6122,3.9228,2.2465,0.30684,102.502,8.5,0.024,Shale
mywell,2169.8702,122.8507,3.5907,2.2926,0.340728,102.252,8.5,0.0209,Shale
mywell,2170.0226,125.6953,3.3212,2.299,0.418376,102.126,8.5,0.0277,Shale
mywell,2170.175,122.9166,3.1841,2.3694,0.430904,105.845,8.5,0.0298,Shale
mywell,2170.3274,121.0935,2.9052,2.4008,0.441912,107.735,8.5,0.0389,Shale
mywell,2170.4798,122.4837,2.7602,2.3018,0.349744,103.906,8.5,0.0389,Shale
mywell,2170.6322,122.1974,2.5785,2.3923,0.35396,107.843,8.5,0.0365,Shale
mywell,2170.7846,119.8182,2.4937,2.4317,0.444272,105.147,8.5,0.0374,Shale
mywell,2170.937,121.4973,2.4345,2.1493,0.487656,106.365,8.5,0.0414,Shale
mywell,2171.0894,122.6151,2.2981,2.2373,0.4632,110.839,8.5,0.0399,Shale
mywell,2171.2418,122.6428,2.1571,2.2122,0.43324,108.147,8.5,0.0436,Shale
mywell,2171.3942,112.9462,2.0985,2.1674,0.461768,111.225,8.5,0.0498,Shale
mywell,2171.5466,115.3609,2.0504,2.2523,0.411408,110.506,8.5,0.0503,Shale
mywell,2171.699,122.9381,2.0173,2.3899,0.451672,107.276,8.5,0.0305,Shale
mywell,2171.8514,131.5342,2.0309,2.1866,0.480768,107.622,8.5,0.0366,Shale
mywell,2172.0038,122.05,2.0201,2.3774,0.424456,106.137,8.5,0.0379,Shale
mywell,2172.1562,118.1022,2.0587,2.2778,0.426976,106.125,8.5,0.0342,Shale
mywell,2172.3086,123.525,2.1989,2.2572,0.51628,104.761,8.5,0.0302,Shale
mywell,2172.461,135.842,2.327,2.3453,0.485256,104.502,8.5,0.0369,Shale
mywell,2172.6134,132.8569,2.2943,2.2914,0.468136,106.732,8.5,0.0352,Shale
mywell,2172.7658,127.997,2.2067,2.289,0.389632,106.75,8.5,0.0288,Shale
mywell,2172.9182,119.8266,2.1872,2.3455,0.335432,108.61,8.5,0.0226,Shale
mywell,2173.0706,120.8076,2.2832,2.2032,0.432216,109.865,8.5,0.0402,Shale
mywell,2173.223,113.8581,2.28,2.4361,0.416136,107.767,8.5,0.0495,Shale
mywell,2173.3754,111.4817,2.1481,2.2059,0.463616,106.758,8.5,0.049,Shale
mywell,2173.5278,110.0216,2.0994,2.3349,0.472928,106.626,8.5,0.046,Shale
mywell,2173.6802,113.8094,2.0782,2.2775,0.432328,106.129,8.5,0.0446,Shale
mywell,2173.8326,112.1506,2.0859,2.2889,0.405216,105.009,8.5,0.0447,Shale
mywell,2173.985,111.8325,2.0701,2.287,0.498248,104.752,8.5,0.0444,Shale
mywell,2174.1374,113.3884,2.0531,2.3634,0.44444,105.494,8.5,0.0433,Shale
mywell,2174.2898,120.0137,2.054,2.3402,0.381504,105.252,8.5,0.0334,Shale
mywell,2174.4422,118.8925,2.1135,2.2954,0.505992,104.878,8.5,0.0342,Shale
mywell,2174.5946,118.3205,2.2063,2.289,0.476248,104.379,8.5,0.0338,Shale
mywell,2174.747,116.828,2.2378,2.3703,0.467072,108.963,8.5,0.0393,Shale
mywell,2174.8994,113.9094,2.2221,2.2678,0.431288,110.984,8.5,0.0447,Shale
mywell,2175.0518,117.5842,2.2101,2.2868,0.434968,110.752,8.5,0.0342,Shale
mywell,2175.2042,113.651,2.5274,2.2949,0.339768,101.45,8.5,0.0272,Shale
mywell,2175.3566,118.9302,3.026,2.293,0.415384,100.631,8.5,0.0375,Shale
mywell,2175.509,132.0872,3.4665,2.3049,0.432864,99.881,8.5,0.0335,Shale
mywell,2175.6614,136.4666,3.6882,2.3179,0.479624,97.767,8.5,0.0303,Shale
mywell,2175.8138,125.1426,3.8894,2.3378,0.387744,102.338,8.5,0.0271,Shale
mywell,2175.9662,117.7638,4.1509,2.5076,0.387,101.011,8.5,0.0413,Shale
mywell,2176.1186,115.6595,4.5915,2.3275,0.354264,102.24,8.5,0.0337,Shale
mywell,2176.271,118.2182,4.7081,2.3786,0.3292,103.366,8.5,0.0228,Shale
mywell,2176.4234,117.1071,4.5959,2.3304,0.335944,104.367,8.5,0.0247,Shale
mywell,2176.5758,120.3349,4.5315,2.3181,0.372704,104.623,8.5,0.0364,Shale
mywell,2176.7282,130.0439,4.5131,2.3051,0.327368,105.493,8.5,0.0164,Shale
mywell,2176.8806,128.5556,4.4088,2.2931,0.338904,105.004,8.5,0.018,Shale
mywell,2177.033,134.3095,4.5459,2.3277,0.330072,104.504,8.5,0.0232,Shale
mywell,2177.1854,126.8218,4.4101,2.2596,0.4044,103.88,8.5,0.0277,Shale
mywell,2177.3378,133.1554,4.4388,2.1816,0.364328,103.875,8.5,0.0385,Shale
mywell,2177.4902,135.4946,4.441,2.1998,0.36896,104.743,8.5,0.0386,Shale
mywell,2177.6426,143.0294,4.4499,2.2784,0.33924,103.634,8.5,0.0252,Shale
mywell,2177.795,137.0606,4.4054,2.3137,0.320152,101.517,8.5,0.0195,Shale
mywell,2177.9474,126.8847,4.3961,2.2912,0.314048,103.732,8.5,0.02,Shale
mywell,2178.0998,114.3206,4.4119,2.2771,0.292176,102.386,8.5,0.0303,Shale
mywell,2178.2522,113.6059,4.3922,2.2691,0.32672,103.615,8.5,0.028,Shale
mywell,2178.4046,112.2132,4.2005,2.3007,0.39644,105.981,8.5,0.0446,Shale
mywell,2178.557,118.0112,4.1196,2.303,0.371208,105.504,8.5,0.0342,Shale
mywell,2178.7094,117.7802,4.2599,2.2306,0.362072,105.004,8.5,0.0352,Shale
mywell,2178.8618,124.8996,4.2779,2.2727,0.359024,105.372,8.5,0.0274,Shale
mywell,2179.0142,124.7288,4.2512,2.2809,0.36892,105.499,8.5,0.0274,Shale
mywell,2179.1666,127.7843,4.1875,2.2691,0.305512,104.508,8.5,0.0216,Shale
mywell,2179.319,128.9151,4.1632,2.2829,0.351624,104.252,8.5,0.0281,Shale
mywell,2179.4714,127.4162,4.0985,2.2532,0.374816,103.63,8.5,0.0277,Shale
mywell,2179.6238,136.4629,4.0603,2.2649,0.308536,102.261,8.5,0.0148,Shale
mywell,2179.7762,121.0459,4.0193,2.2888,0.295104,102.002,8.5,0.0239,Shale
mywell,2179.9286,120.7038,3.9039,2.3237,0.33964,102.0,8.5,0.024,Shale
mywell,2180.081,120.9192,3.7879,2.3399,0.308256,102.0,8.5,0.0242,Shale
mywell,2180.2334,116.7526,3.7305,2.3519,0.318912,102.992,8.5,0.026,Shale
mywell,2180.3858,129.1726,3.7141,2.4869,0.414232,103.744,8.5,0.0321,Shale
mywell,2180.5382,127.6164,3.5424,2.4235,0.3158,103.874,8.5,0.0227,Shale
mywell,2180.6906,118.3942,3.417,2.3059,0.345752,102.635,8.5,0.0252,Shale
mywell,2180.843,116.9887,3.2275,2.3338,0.409488,103.493,8.5,0.0365,Shale
mywell,2180.9954,114.248,3.1099,2.4024,0.397104,101.392,8.5,0.046,Shale
mywell,2181.1478,111.6696,3.1269,2.4357,0.418824,105.591,8.5,0.0497,Shale
mywell,2181.3002,112.1728,3.1409,2.4578,0.328728,106.741,8.5,0.0309,Shale
mywell,2181.4526,116.3493,3.0835,2.339,0.365696,106.13,8.5,0.0356,Shale
mywell,2181.605,127.4458,3.0433,2.3747,0.46024,108.977,8.5,0.0266,Shale
mywell,2181.7574,122.0214,2.9855,2.3304,0.423304,109.372,8.5,0.0362,Shale
mywell,2181.9098,122.845,2.9939,2.3052,0.510296,105.655,8.5,0.0292,Shale
mywell,2182.0622,116.6808,3.0872,2.2852,0.427672,106.245,8.5,0.0385,Shale
mywell,2182.2146,123.2883,3.2428,2.3475,0.429976,108.234,8.5,0.0284,Shale
mywell,2182.367,124.083,3.2559,2.346,0.39032,102.546,8.5,0.0286,Shale
mywell,2182.5194,135.9503,3.2858,2.3658,0.388016,104.732,8.5,0.0386,Shale
mywell,2182.6718,130.1872,3.3792,2.3422,0.381056,103.758,8.5,0.0277,Shale
mywell,2182.8242,129.272,3.4524,2.4144,0.3562,102.262,8.5,0.0297,Shale
mywell,2182.9766,125.92,3.3836,2.4249,0.338144,105.474,8.5,0.0225,Shale
mywell,2183.129,136.0659,3.4088,2.419,0.324112,105.376,8.5,0.0176,Shale
mywell,2183.2814,137.9356,3.4774,2.3287,0.409312,103.763,8.5,0.0405,Shale
mywell,2183.4338,129.7848,3.597,2.3984,0.327664,103.874,8.5,0.0183,Shale
mywell,2183.5862,116.0988,3.6922,2.3097,0.380568,101.767,8.5,0.0362,Shale
mywell,2183.7386,120.4163,3.8001,2.3239,0.333384,101.502,8.5,0.0243,Shale
mywell,2183.891,119.7407,4.0173,2.3865,0.368712,100.632,8.5,0.0392,Shale
mywell,2184.0434,132.0249,4.2154,2.4207,0.32932,96.037,8.5,0.0263,Shale
mywell,2184.1958,135.1625,4.346,2.3268,0.281384,95.008,8.5,0.0142,Shale
mywell,2184.3482,160.9106,4.3718,2.328,0.396072,89.792,8.5,0.0141,Shale
mywell,2184.5006,173.7859,4.3442,2.2734,0.397992,87.518,8.5,0.0142,Shale
mywell,2184.653,171.7383,4.5206,2.3821,0.350384,92.584,8.5,0.0159,Shale
mywell,2184.8054,151.1727,4.6222,2.387,0.381744,94.485,8.5,0.0152,Shale
mywell,2184.9578,143.1047,4.6141,2.3503,0.364144,99.708,8.5,0.0264,Shale
mywell,2185.1102,143.4675,4.5406,2.4165,0.323328,102.23,8.5,0.0179,Shale
mywell,2185.2626,137.9019,4.5122,2.411,0.370616,103.986,8.5,0.0445,Shale
mywell,2185.415,129.9279,4.5477,2.282,0.365048,105.24,8.5,0.031,Shale
mywell,2185.5674,118.7278,4.6313,2.2324,0.407656,103.39,8.5,0.0339,Shale
mywell,2185.7198,112.8328,4.7897,2.238,0.37824,101.763,8.5,0.0442,Shale
mywell,2185.8722,105.3708,4.9755,2.1983,0.349232,100.138,8.5,0.0594,Shale
mywell,2186.0246,104.0849,5.1893,2.2436,0.308328,97.769,8.5,0.0281,Shale
mywell,2186.177,96.6251,5.3458,2.3115,0.296096,97.378,8.5,0.0349,Shale
mywell,2186.3294,84.0539,5.3827,2.3537,0.346592,98.243,8.5,0.0672,Silty Sand
mywell,2186.4818,67.6901,5.2689,2.3322,0.284504,99.986,8.5,0.0683,Silty Sand
mywell,2186.6342,55.1917,5.0567,2.3112,0.302848,100.744,8.5,0.1239,Silty Sand
mywell,2186.7866,42.6404,4.8139,2.2068,0.289112,102.362,8.5,0.1737,Sandstone
mywell,2186.939,36.0682,4.6096,2.1376,0.292968,103.119,8.5,0.1974,Sandstone
mywell,2187.0914,35.1639,4.4096,2.2392,0.250344,106.101,8.5,0.152,Sandstone
mywell,2187.2438,38.3691,4.1838,2.1289,0.204368,110.093,8.5,0.1498,Sandstone
mywell,2187.3962,44.2547,3.9826,2.1508,0.256576,110.125,8.5,0.1428,Sandstone
mywell,2187.5486,50.6905,3.8342,2.1589,0.292712,109.505,8.5,0.1499,Silty Sand
mywell,2187.701,51.3779,3.7308,2.1223,0.286056,108.508,8.5,0.1144,Silty Sand
mywell,2187.8534,59.5015,3.6496,2.1141,0.333616,104.78,8.5,0.0972,Silty Sand
mywell,2188.0058,65.1093,3.5954,2.1021,0.312176,104.502,8.5,0.073,Silty Sand
mywell,2188.1582,71.6139,3.5543,2.1318,0.318944,104.252,8.5,0.077,Silty Sand
mywell,2188.3106,63.3709,3.5441,2.134,0.286264,103.506,8.5,0.0756,Silty Sand
mywell,2188.463,52.7134,3.5371,2.1548,0.374288,104.12,8.5,0.1332,Silty Sand
mywell,2188.6154,52.0635,3.5539,2.1709,0.264888,103.257,8.5,0.1047,Silty Sand
mywell,2188.7678,58.0953,3.553,2.171,0.264,103.622,8.5,0.0851,Silty Sand
mywell,2188.9202,61.2857,3.558,2.1928,0.354272,102.633,8.5,0.0834,Silty Sand
mywell,2189.0726,60.6047,3.564,2.193,0.355,101.881,8.5,0.1003,Silty Sand
mywell,2189.225,55.022,3.5977,2.1712,0.357976,100.759,8.5,0.1276,Silty Sand
mywell,2189.3774,56.1773,3.6297,2.1809,0.282608,101.122,8.5,0.1006,Silty Sand
mywell,2189.5298,50.2568,3.6508,2.1284,0.290928,101.001,8.5,0.1619,Silty Sand
mywell,2189.6822,50.3499,3.6639,2.1845,0.318776,101.124,8.5,0.1514,Silty Sand
mywell,2189.8346,53.5631,3.6838,2.191,0.27436,101.993,8.5,0.1047,Silty Sand
mywell,2189.987,63.0844,3.686,2.1979,0.247216,101.876,8.5,0.0686,Silty Sand
mywell,2190.1394,59.3844,3.7108,2.1653,0.307512,101.875,8.5,0.1114,Silty Sand
mywell,2190.2918,52.4348,3.7199,2.2255,0.271296,101.503,8.5,0.104,Silty Sand
mywell,2190.4442,47.543,3.7448,2.1913,0.321592,101.5,8.5,0.1586,Silty Sand
mywell,2190.5966,43.6511,3.7777,2.2098,0.280336,101.748,8.5,0.1425,Sandstone
mywell,2190.749,43.5248,3.8117,2.1366,0.237344,102.246,8.5,0.1362,Sandstone
mywell,2190.9014,38.8953,3.8338,2.1568,0.236008,101.382,8.5,0.1519,Sandstone
mywell,2191.0538,41.4481,3.8528,2.1788,0.262784,100.755,8.5,0.1782,Sandstone
mywell,2191.2062,42.1773,3.8877,2.1889,0.259032,100.75,8.5,0.1833,Sandstone
mywell,2191.3586,42.7484,3.8969,2.1811,0.289752,101.742,8.5,0.1901,Sandstone
mywell,2191.511,43.5317,3.901,2.1532,0.307856,102.494,8.5,0.1892,Sandstone
mywell,2191.6634,43.0658,3.901,2.1867,0.246496,103.368,8.5,0.1368,Sandstone
mywell,2191.8158,43.062,3.901,2.1979,0.23608,103.251,8.5,0.1368,Sandstone
mywell,2191.9682,49.4793,3.9169,2.2476,0.284608,103.25,8.5,0.109,Silty Sand
mywell,2192.1206,55.3451,3.9269,2.1915,0.29492,103.126,8.5,0.113,Silty Sand
mywell,2192.273,67.7285,3.9032,2.2098,0.212664,104.613,8.5,0.0653,Silty Sand
mywell,2192.4254,67.1187,3.8812,2.2021,0.220928,105.989,8.5,0.0692,Silty Sand
mywell,2192.5778,65.0199,3.8979,2.202,0.291432,105.628,8.5,0.0832,Silty Sand
mywell,2192.7302,56.0006,3.9238,2.1752,0.299936,103.269,8.5,0.1199,Silty Sand
mywell,2192.8826,61.0328,3.9329,2.177,0.368448,102.382,8.5,0.0808,Silty Sand
mywell,2193.035,71.1061,3.9518,2.2137,0.298568,102.499,8.5,0.0849,Silty Sand
mywell,2193.1874,89.1958,4.0105,2.1654,0.292048,103.244,8.5,0.0443,Shale
mywell,2193.3398,90.1921,4.0864,2.1551,0.249344,104.118,8.5,0.0345,Shale
mywell,2193.4922,90.0046,4.1922,2.1957,0.238088,103.009,8.5,0.034,Shale
mywell,2193.6446,88.9158,4.2228,2.191,0.318352,101.76,8.5,0.046,Shale
mywell,2193.797,92.3869,3.978,2.1831,0.285272,99.89,8.5,0.0418,Shale
mywell,2193.9494,98.4245,3.7955,2.1572,0.3098,99.627,8.5,0.0484,Shale
mywell,2194.1018,101.8825,3.9468,2.1689,0.315952,99.253,8.5,0.0417,Shale
mywell,2194.2542,122.371,3.9817,2.1908,0.275328,99.126,8.5,0.0293,Shale
mywell,2194.4066,131.2031,4.0108,2.2337,0.259128,101.605,8.5,0.0192,Shale
mywell,2194.559,137.4542,3.9802,2.2142,0.316536,103.361,8.5,0.0179,Shale
mywell,2194.7114,131.676,3.9979,2.2438,0.286248,104.491,8.5,0.0181,Shale
mywell,2194.8638,136.3281,3.9742,2.2906,0.417936,102.144,8.5,0.0294,Shale
mywell,2195.0162,135.5555,3.9184,2.3009,0.352536,100.141,8.5,0.0328,Shale
mywell,2195.1686,132.7416,3.8347,2.2306,0.295456,99.009,8.5,0.0212,Shale
mywell,2195.321,130.6665,3.8925,2.2905,0.3198,98.008,8.5,0.0185,Shale
mywell,2195.4734,130.5607,3.8742,2.2989,0.328928,99.86,8.5,0.0214,Shale
mywell,2195.6258,132.9339,3.9484,2.295,0.349832,100.619,8.5,0.0419,Shale
mywell,2195.7782,140.7501,3.9619,2.4448,0.350992,100.997,8.5,0.0265,Shale
mywell,2195.9306,142.3675,3.9838,2.3686,0.319256,102.364,8.5,0.0192,Shale
mywell,2196.083,147.6911,4.0068,2.3124,0.365624,103.243,8.5,0.0387,Shale
mywell,2196.2354,139.6244,4.0784,2.307,0.32136,103.746,8.5,0.0232,Shale
mywell,2196.3878,142.0876,4.0602,2.2614,0.352744,104.866,8.5,0.0335,Shale
mywell,2196.5402,142.3748,4.0273,2.3116,0.353992,105.495,8.5,0.0266,Shale
mywell,2196.6926,139.1411,4.0052,2.2693,0.3044,105.252,8.5,0.0101,Shale
mywell,2196.845,134.2244,3.9643,2.2303,0.339712,106.366,8.5,0.0241,Shale
mywell,2196.9974,128.7201,3.9065,2.2826,0.358848,106.623,8.5,0.0262,Shale
mywell,2197.1498,131.3365,3.9219,2.285,0.34412,106.749,8.5,0.028,Shale
mywell,2197.3022,139.7087,3.8823,2.287,0.36384,106.626,8.5,0.0237,Shale
mywell,2197.4546,148.9619,3.8423,2.2245,0.331264,105.261,8.5,0.0329,Shale
mywell,2197.607,151.0626,3.8251,2.1496,0.341912,105.746,8.5,0.0118,Shale
mywell,2197.7594,152.5015,3.8438,2.155,0.310256,104.634,8.5,0.0073,Shale
mywell,2197.9118,166.41,3.8291,2.1748,0.292144,104.749,8.5,0.0086,Shale
mywell,2198.0642,174.9014,3.8002,2.1571,0.317792,105.246,8.5,0.0053,Shale
mywell,2198.2166,164.674,3.7395,2.1491,0.324944,105.25,8.5,0.0129,Shale
mywell,2198.369,137.5887,3.6963,2.149,0.28036,106.49,8.5,0.0116,Shale
mywell,2198.5214,116.7949,3.6276,2.1182,0.39904,106.624,8.5,0.0429,Shale
mywell,2198.6738,111.2176,3.6587,2.1368,0.393056,108.237,8.5,0.0543,Shale
mywell,2198.8262,102.2777,3.6441,2.1102,0.387048,108.622,8.5,0.0605,Shale
mywell,2198.9786,98.3779,3.6321,2.11,0.4118,108.377,8.5,0.0664,Shale
mywell,2199.131,100.0483,3.633,2.1259,0.3872,108.623,8.5,0.0661,Shale
mywell,2199.2834,103.04,3.636,2.1101,0.365176,107.881,8.5,0.0595,Shale
mywell,2199.4358,107.3891,3.639,2.1318,0.333256,108.867,8.5,0.0437,Shale
mywell,2199.5882,108.6293,3.6588,2.132,0.325064,107.635,8.5,0.0389,Shale
mywell,2199.7406,118.4231,3.6501,2.1161,0.347816,107.253,8.5,0.0338,Shale
mywell,2199.893,128.6849,3.4595,2.1021,0.321216,106.134,8.5,0.0158,Shale
mywell,2200.0454,138.3577,3.4957,2.098,0.314056,103.149,8.5,0.0181,Shale
mywell,2200.1978,137.7277,3.5972,2.1099,0.317968,102.753,8.5,0.0181,Shale
mywell,2200.3502,134.4543,3.722,2.1427,0.304112,100.89,8.5,0.0229,Shale
mywell,2200.5026,132.9787,3.7498,2.1242,0.265312,100.627,8.5,0.0212,Shale
mywell,2200.655,134.5294,3.7619,2.1548,0.386024,102.361,8.5,0.0385,Shale
mywell,2200.8074,130.5918,3.6826,2.2195,0.346328,102.251,8.5,0.0323,Shale
mywell,2200.9598,135.6539,3.6205,2.4253,0.429328,104.73,8.5,0.0405,Shale
mywell,2201.1122,138.7682,3.7142,2.3288,0.38536,104.006,8.5,0.029,Shale
mywell,2201.2646,138.7216,3.8152,2.3538,0.366152,104.62,8.5,0.029,Shale
mywell,2201.417,127.7782,3.8755,2.235,0.314416,104.625,8.5,0.02,Shale
mywell,2201.5694,112.2316,3.8542,2.2826,0.315984,103.881,8.5,0.0287,Shale
mywell,2201.7218,110.375,3.7677,2.2532,0.326912,102.883,8.5,0.0286,Shale
mywell,2201.8742,112.2041,3.6757,2.1935,0.3766,102.131,8.5,0.0493,Shale
mywell,2202.0266,127.8529,3.7315,2.2982,0.333352,102.993,8.5,0.0215,Shale
mywell,2202.179,132.2416,3.8133,2.3575,0.344904,103.744,8.5,0.0282,Shale
mywell,2202.3314,135.123,3.9152,2.3144,0.293416,103.13,8.5,0.0167,Shale
mywell,2202.4838,127.9699,3.8257,2.311,0.390216,103.621,8.5,0.0307,Shale
mywell,2202.6362,129.3047,3.7079,2.3418,0.38604,103.005,8.5,0.0272,Shale
mywell,2202.7886,125.3926,3.6405,2.3559,0.436592,103.248,8.5,0.027,Shale
mywell,2202.941,126.4919,3.645,2.3481,0.502472,103.994,8.5,0.027,Shale
mywell,2203.0934,118.1255,3.7075,2.3748,0.342296,101.272,8.5,0.0223,Shale
mywell,2203.2458,114.8945,3.713,2.3284,0.403496,105.094,8.5,0.0488,Shale
mywell,2203.3982,116.9909,3.7656,2.2933,0.416896,99.421,8.5,0.042,Shale
mywell,2203.5506,120.1477,3.8702,2.3535,0.432872,102.351,8.5,0.033,Shale
mywell,2203.703,120.8833,4.0833,2.354,0.468712,99.771,8.5,0.0393,Shale
mywell,2203.8554,118.5479,4.1197,2.4314,0.35492,99.75,8.5,0.0385,Shale
mywell,2204.0078,120.76,4.1627,2.4399,0.340112,101.486,8.5,0.026,Shale
mywell,2204.1602,119.2632,4.1203,2.2476,0.385632,99.764,8.5,0.0376,Shale
mywell,2204.3126,111.6423,4.0089,2.5089,0.452464,101.362,8.5,0.0486,Shale
mywell,2204.465,105.2768,3.9505,2.3632,0.3042,98.771,8.5,0.036,Shale
mywell,2204.6174,103.0734,3.9282,2.4106,0.413112,99.37,8.5,0.0636,Shale
mywell,2204.7698,102.559,3.9716,2.3187,0.366384,101.855,8.5,0.0541,Shale
mywell,2204.9222,104.9189,4.0285,2.3676,0.366,99.271,8.5,0.0587,Shale
mywell,2205.0746,109.1471,4.1143,2.362,0.348144,104.582,8.5,0.0409,Shale
mywell,2205.227,112.6074,4.0466,2.3283,0.426368,103.261,8.5,0.0428,Shale
mywell,2205.3794,113.2649,4.1214,2.3181,0.44684,102.754,8.5,0.0439,Shale
mywell,2205.5318,104.4362,4.3611,2.4569,0.470808,111.306,8.5,0.0587,Shale
mywell,2205.6842,95.8328,4.4999,2.2745,0.384696,115.219,8.5,0.0614,Shale
mywell,2205.8366,85.5999,4.5585,2.394,0.32448,119.838,8.5,0.0389,Shale
mywell,2205.989,77.1663,4.6691,2.1787,0.38352,114.791,8.5,0.0952,Silty Sand
mywell,2206.1414,70.1332,4.7295,2.425,0.56256,111.402,8.5,0.0782,Silty Sand
mywell,2206.2938,57.4667,4.733,2.1046,0.545152,103.811,8.5,0.1053,Silty Sand
mywell,2206.4462,54.013,4.5693,1.8064,0.41108,102.386,8.5,0.1905,Silty Sand
mywell,2206.5986,49.4803,4.3329,1.677,0.29096,100.391,8.5,0.1985,Silty Sand
mywell,2206.751,47.8647,4.1534,2.1184,0.295952,100.499,8.5,0.1694,Silty Sand
mywell,2206.9034,40.1412,4.0994,2.1508,0.279136,100.996,8.5,0.1672,Sandstone
mywell,2207.0558,37.3312,3.9482,2.1867,0.273048,101.124,8.5,0.1719,Sandstone
mywell,2207.2082,35.5184,3.8458,2.189,0.291848,99.761,8.5,0.2256,Sandstone
mywell,2207.3606,35.628,3.7617,2.187,0.2672,101.114,8.5,0.168,Sandstone
mywell,2207.513,37.2241,3.6906,2.1632,0.280888,102.241,8.5,0.1718,Sandstone
mywell,2207.6654,34.8254,3.6087,2.167,0.272072,103.366,8.5,0.1533,Sandstone
mywell,2207.8178,32.8875,3.6189,2.1571,0.256128,101.763,8.5,0.1716,Sandstone
mywell,2207.9702,28.9467,3.6121,2.1669,0.25104,101.378,8.5,0.1983,Sandstone
mywell,2208.1226,26.9082,3.612,2.1472,0.311512,101.251,8.5,0.2077,Sandstone
mywell,2208.275,26.2373,3.6457,2.1609,0.286208,98.77,8.5,0.214,Sandstone
mywell,2208.4274,31.2515,3.7472,2.1828,0.306832,97.262,8.5,0.2313,Sandstone
mywell,2208.5798,33.7492,3.8164,2.189,0.26732,97.126,8.5,0.1815,Sandstone
mywell,2208.7322,36.871,3.8666,2.2059,0.2174,98.117,8.5,0.2045,Sandstone
mywell,2208.8846,34.6263,3.8462,2.1911,0.193192,96.389,8.5,0.1522,Sandstone
mywell,2209.037,38.2109,3.8867,2.2337,0.17812,97.119,8.5,0.1614,Sandstone
mywell,2209.1894,48.1045,3.9693,2.234,0.234544,97.001,8.5,0.1369,Silty Sand
mywell,2209.3418,69.4991,3.969,2.2181,0.199288,95.636,8.5,0.0803,Silty Sand
mywell,2209.4942,97.8756,3.847,2.2101,0.187096,93.393,8.5,0.0394,Shale
mywell,2209.6466,109.9286,3.723,2.2477,0.194936,96.971,8.5,0.0277,Shale
mywell,2209.799,116.4869,3.603,2.2242,0.251544,99.48,8.5,0.0311,Shale
mywell,2209.9514,114.0937,3.5365,2.2567,0.340288,102.352,8.5,0.0271,Shale
mywell,2210.1038,118.4765,3.5082,2.505,0.441192,103.615,8.5,0.0378,Shale
mywell,2210.2562,123.0048,3.4058,2.7004,0.420176,106.849,8.5,0.0325,Shale
mywell,2210.4086,120.5233,3.2036,2.3211,0.448768,103.031,8.5,0.0364,Shale
mywell,2210.561,118.2402,3.1385,2.3904,0.516456,100.644,8.5,0.0392,Shale
mywell,2210.7134,117.4899,3.0517,2.2918,0.493192,98.889,8.5,0.038,Shale
mywell,2210.8658,121.7089,3.0024,2.4239,0.430504,96.023,8.5,0.0455,Shale
mywell,2211.0182,125.6207,3.0585,2.2921,0.346672,95.008,8.5,0.0294,Shale
mywell,2211.1706,124.1838,3.063,2.3942,0.461072,98.968,8.5,0.0322,Shale
mywell,2211.323,125.0013,3.0461,2.272,0.426288,101.356,8.5,0.0275,Shale
mywell,2211.4754,122.4228,3.1016,2.394,0.428976,103.111,8.5,0.0425,Shale
mywell,2211.6278,124.9534,3.0941,2.4109,0.402216,104.613,8.5,0.0309,Shale
mywell,2211.7802,128.8349,2.8857,2.4358,0.49128,103.633,8.5,0.0312,Shale
mywell,2211.9326,132.3757,2.761,2.3408,0.435456,102.261,8.5,0.0307,Shale
mywell,2212.085,125.5433,2.7392,2.2894,0.399288,101.63,8.5,0.0277,Shale
mywell,2212.2374,119.0638,2.7221,2.4279,0.4734,103.981,8.5,0.037,Shale
mywell,2212.3898,116.6371,2.7785,2.3248,0.388688,102.388,8.5,0.0371,Shale
mywell,2212.5422,123.9568,2.9645,2.4063,0.4624,105.847,8.5,0.0293,Shale
mywell,2212.6946,130.6336,3.1267,2.2919,0.450104,107.115,8.5,0.0296,Shale
mywell,2212.847,134.8306,3.3661,2.3922,0.478768,103.777,8.5,0.038,Shale
mywell,2212.9994,137.1406,3.6527,2.3325,0.466104,97.674,8.5,0.0324,Shale
mywell,2213.1518,139.2432,3.6867,2.2854,0.445168,98.369,8.5,0.0246,Shale
mywell,2213.3042,132.8318,3.6156,2.3475,0.379528,95.027,8.5,0.0352,Shale
mywell,2213.4566,132.8117,3.7747,2.3599,0.33436,95.496,8.5,0.0239,Shale
mywell,2213.609,126.3789,4.1559,2.4007,0.42328,95.872,8.5,0.0306,Shale
mywell,2213.7614,126.6127,4.4417,2.4496,0.3248,95.875,8.5,0.0238,Shale
mywell,2213.9138,119.8089,4.5372,2.4778,0.327968,98.355,8.5,0.0278,Shale
mywell,2214.0662,121.0892,4.661,2.2647,0.452992,98.251,8.5,0.0409,Shale
mywell,2214.2186,121.7279,4.5846,2.5368,0.408368,98.126,8.5,0.0473,Silty Sand
mywell,2214.371,111.3051,4.579,2.2771,0.34848,95.521,8.5,0.0486,Shale
mywell,2214.5234,90.263,4.6544,2.3673,0.370816,96.492,8.5,0.071,Shale
mywell,2214.6758,76.2397,4.6917,2.3204,0.413656,95.88,8.5,0.0989,Silty Sand
mywell,2214.8282,69.9865,4.7108,2.3825,0.333648,96.123,8.5,0.0769,Silty Sand
mywell,2214.9806,79.73,4.588,2.4167,0.242728,95.877,8.5,0.0427,Silty Sand
mywell,2215.133,77.8915,4.209,2.3287,0.305488,95.255,8.5,0.0691,Silty Sand
mywell,2215.2854,77.5923,4.1733,2.3012,0.295088,95.25,8.5,0.0594,Silty Sand
mywell,2215.4378,72.2491,4.3754,2.297,0.278136,96.118,8.5,0.0805,Silty Sand
mywell,2215.5902,64.9197,4.2768,2.2484,0.286928,99.349,8.5,0.0808,Silty Sand
mywell,2215.7426,59.0796,4.154,2.2549,0.315768,99.127,8.5,0.1141,Silty Sand
mywell,2215.895,57.551,4.0528,2.2401,0.33584,99.497,8.5,0.1115,Silty Sand
mywell,2216.0474,47.9731,3.9915,2.2102,0.269536,97.64,8.5,0.1353,Silty Sand
mywell,2216.1998,48.9842,3.9136,2.1594,0.243208,96.633,8.5,0.1382,Silty Sand
mywell,2216.3522,51.1863,3.91,2.1769,0.219192,97.369,8.5,0.1301,Silty Sand
mywell,2216.5046,57.5945,3.8892,2.2157,0.247768,99.731,8.5,0.1018,Silty Sand
mywell,2216.657,56.7284,3.8682,2.2061,0.248,99.006,8.5,0.1014,Silty Sand
mywell,2216.8094,48.7741,3.8501,2.1852,0.305536,98.752,8.5,0.1715,Silty Sand
mywell,2216.9618,47.2656,3.849,2.179,0.302032,98.378,8.5,0.1662,Silty Sand
mywell,2217.1142,51.103,3.8361,2.1532,0.273232,98.623,8.5,0.1265,Silty Sand
mywell,2217.2666,60.9231,3.834,2.1282,0.252168,98.997,8.5,0.1034,Silty Sand
mywell,2217.419,82.1663,3.831,2.1806,0.226208,101.232,8.5,0.0341,Silty Sand
mywell,2217.5714,105.285,3.7883,2.2336,0.284528,102.614,8.5,0.0296,Shale
mywell,2217.7238,118.0367,3.7493,2.1913,0.341544,101.633,8.5,0.025,Shale
mywell,2217.8762,109.1019,3.7044,2.1612,0.368784,101.625,8.5,0.0473,Shale
mywell,2218.0286,88.6255,3.5324,2.1888,0.348168,102.245,8.5,0.0652,Shale
mywell,2218.181,81.0488,3.532,2.1731,0.287488,102.25,8.5,0.0381,Silty Sand
mywell,2218.3334,73.4617,3.5151,2.1889,0.344536,102.994,8.5,0.0696,Silty Sand
mywell,2218.4858,70.8238,3.5259,2.2277,0.334088,103.496,8.5,0.0676,Silty Sand
mywell,2218.6382,63.3868,3.529,2.1367,0.305232,103.252,8.5,0.075,Silty Sand
mywell,2218.7906,61.8777,3.407,2.1707,0.301032,102.754,8.5,0.0934,Silty Sand
mywell,2218.943,57.3058,3.4258,2.167,0.29108,102.378,8.5,0.1262,Silty Sand
mywell,2219.0954,57.517,3.425,2.167,0.291,102.251,8.5,0.1262,Silty Sand
mywell,2219.2478,53.671,3.5669,2.1511,0.308856,103.366,8.5,0.1412,Silty Sand
mywell,2219.4002,61.6583,3.5898,2.1649,0.310984,103.499,8.5,0.0923,Silty Sand
mywell,2219.5526,59.742,3.587,2.169,0.30108,102.136,8.5,0.1099,Silty Sand
mywell,2219.705,67.0142,3.6029,2.163,0.321832,102.249,8.5,0.0702,Silty Sand
mywell,2219.8574,66.1554,3.5832,2.1848,0.301168,101.754,8.5,0.076,Silty Sand
mywell,2220.0098,65.1431,3.5374,2.1473,0.240488,102.246,8.5,0.066,Silty Sand
mywell,2220.1622,60.4468,3.4914,2.1847,0.226112,103.614,8.5,0.0878,Silty Sand
mywell,2220.3146,67.8391,3.4722,2.2158,0.28552,104.369,8.5,0.07,Silty Sand
mywell,2220.467,82.1501,3.4651,2.1932,0.260208,104.499,8.5,0.0342,Silty Sand
mywell,2220.6194,89.8895,3.4352,2.1771,0.26992,104.252,8.5,0.0345,Shale
mywell,2220.7718,86.4691,3.4112,2.1343,0.346384,103.506,8.5,0.0604,Shale
mywell,2220.9242,70.9896,3.3991,2.1102,0.298392,102.384,8.5,0.0837,Silty Sand
mywell,2221.0766,60.5502,3.404,2.1745,0.325776,102.251,8.5,0.1065,Silty Sand
mywell,2221.229,60.2894,3.409,2.1472,0.317072,103.49,8.5,0.1062,Silty Sand
mywell,2221.3814,68.1913,3.3981,2.1262,0.3418,105.484,8.5,0.0686,Silty Sand
mywell,2221.5338,72.1803,3.401,2.128,0.263632,107.236,8.5,0.0797,Silty Sand
mywell,2221.6862,79.8464,3.3683,2.1647,0.270936,107.87,8.5,0.0381,Silty Sand
mywell,2221.8386,88.9253,3.3521,2.1809,0.29084,107.999,8.5,0.0439,Shale
mywell,2221.991,113.2316,3.3411,2.1374,0.362424,108.248,8.5,0.0556,Shale
mywell,2222.1434,124.0077,3.3311,2.139,0.26876,107.754,8.5,0.0212,Shale
mywell,2222.2958,123.5206,3.328,2.1321,0.314624,107.13,8.5,0.0251,Shale
mywell,2222.4482,101.3051,3.325,2.1608,0.286232,107.125,8.5,0.0335,Shale
mywell,2222.6006,83.0061,3.326,2.1302,0.377264,105.389,8.5,0.0706,Silty Sand
mywell,2222.753,73.6909,3.326,2.1161,0.404784,105.499,8.5,0.0927,Silty Sand
mywell,2222.9054,77.4461,3.3409,2.1279,0.348456,105.748,8.5,0.096,Silty Sand
mywell,2223.0578,83.929,3.3589,2.128,0.325184,106.122,8.5,0.0434,Silty Sand
mywell,2223.2102,82.0168,3.3838,2.1449,0.289288,105.381,8.5,0.0409,Silty Sand
mywell,2223.3626,73.4043,3.3701,2.1629,0.296936,105.747,8.5,0.0727,Silty Sand
mywell,2223.515,66.1598,3.366,2.1223,0.35652,105.626,8.5,0.0768,Silty Sand
mywell,2223.6674,66.102,3.3452,2.1488,0.319304,105.253,8.5,0.072,Silty Sand
mywell,2223.8198,69.6861,3.348,2.1569,0.380504,104.258,8.5,0.0723,Silty Sand
mywell,2223.9722,79.3989,3.3549,2.1302,0.340328,106.234,8.5,0.0482,Silty Sand
mywell,2224.1246,78.2638,3.353,2.136,0.29536,106.002,8.5,0.0562,Silty Sand
mywell,2224.277,80.5366,3.3718,2.137,0.351544,105.876,8.5,0.0841,Silty Sand
mywell,2224.4294,72.9523,3.3581,2.1549,0.294464,106.867,8.5,0.0657,Silty Sand
mywell,2224.5818,83.3209,3.3461,2.1342,0.245392,106.627,8.5,0.0338,Silty Sand
mywell,2224.7342,80.2594,3.3688,2.1628,0.31444,106.501,8.5,0.0439,Silty Sand
mywell,2224.8866,92.6162,3.4216,2.165,0.283256,106.624,8.5,0.0415,Shale
mywell,2225.039,86.642,3.427,2.161,0.301848,106.501,8.5,0.0342,Shale
mywell,2225.1914,91.2395,3.4697,2.1263,0.332752,106.004,8.5,0.0464,Shale
mywell,2225.3438,78.2213,3.4928,2.1429,0.310184,107.116,8.5,0.0665,Silty Sand
mywell,2225.4962,70.9041,3.5138,2.1509,0.292144,104.025,8.5,0.0928,Silty Sand
mywell,2225.6486,64.2105,3.5289,2.149,0.322752,104.372,8.5,0.0738,Silty Sand
mywell,2225.801,62.2861,3.5449,2.147,0.322008,101.151,8.5,0.097,Silty Sand
mywell,2225.9534,77.3197,3.5867,2.1361,0.304144,101.869,8.5,0.0553,Silty Sand
mywell,2226.1058,83.9535,3.6297,2.137,0.265312,104.603,8.5,0.0316,Silty Sand
mywell,2226.2582,93.4419,3.6369,2.1469,0.261032,103.633,8.5,0.0348,Shale
mywell,2226.4106,85.4064,3.637,2.2016,0.277864,105.361,8.5,0.0303,Shale
mywell,2226.563,80.0675,3.6439,2.2278,0.365296,104.259,8.5,0.0767,Silty Sand
mywell,2226.7154,79.2423,3.5458,2.2647,0.318384,104.374,8.5,0.0432,Silty Sand
mywell,2226.8678,72.5658,3.5103,2.2005,0.269392,104.995,8.5,0.0696,Silty Sand
mywell,2227.0202,74.3631,3.4981,2.1633,0.312648,104.256,8.5,0.0583,Silty Sand
mywell,2227.1726,70.7244,3.499,2.1729,0.328872,103.878,8.5,0.0718,Silty Sand
mywell,2227.325,78.2421,3.5883,2.2295,0.30916,101.891,8.5,0.064,Silty Sand
mywell,2227.4774,77.7544,3.6783,2.1854,0.305032,98.527,8.5,0.0681,Silty Sand
mywell,2227.6298,79.6864,3.8119,2.181,0.370472,98.004,8.5,0.0854,Silty Sand
mywell,2227.7822,79.5949,3.8021,2.187,0.367032,97.628,8.5,0.0768,Silty Sand
mywell,2227.9346,82.0532,3.9339,2.1652,0.28268,96.261,8.5,0.0433,Silty Sand
mywell,2228.087,89.8652,4.06,2.1769,0.384176,96.622,8.5,0.0707,Shale
mywell,2228.2394,93.648,4.1949,2.1949,0.34036,96.997,8.5,0.0487,Shale
mywell,2228.3918,109.1622,4.2198,2.2863,0.336032,92.908,8.5,0.0311,Shale
mywell,2228.5442,110.3346,4.0147,2.2672,0.312192,93.247,8.5,0.0312,Shale
mywell,2228.6966,119.1857,3.9803,2.3513,0.310016,95.854,8.5,0.0253,Shale
mywell,2228.849,114.7186,3.9929,2.2994,0.310992,100.339,8.5,0.035,Shale
mywell,2229.0014,111.7665,3.8799,2.3377,0.381432,105.583,8.5,0.0434,Shale
mywell,2229.1538,117.1772,3.5715,2.4184,0.422672,108.353,8.5,0.0419,Shale
mywell,2229.3062,118.0186,2.8349,2.4795,0.481528,107.259,8.5,0.0382,Shale
mywell,2229.4586,125.6942,2.6197,2.361,0.414544,104.77,8.5,0.0265,Shale
mywell,2229.611,117.4916,2.5257,2.1408,0.44376,104.13,8.5,0.0378,Shale
mywell,2229.7634,125.2162,2.5121,2.0557,0.51344,105.117,8.5,0.0276,Shale
mywell,2229.9158,126.5121,2.5308,2.2365,0.478288,103.017,8.5,0.0277,Shale
mywell,2230.0682,131.2419,2.5092,2.2281,0.409552,102.256,8.5,0.0396,Shale
mywell,2230.2206,125.0651,2.5735,2.1933,0.357416,101.63,8.5,0.0292,Shale
mywell,2230.373,124.6529,2.6415,2.3894,0.339144,101.625,8.5,0.0219,Shale
mywell,2230.5254,120.3259,2.7154,2.2412,0.445144,99.641,8.5,0.0404,Shale
mywell,2230.6778,119.9011,2.8023,2.2529,0.456912,100.121,8.5,0.0376,Shale
mywell,2230.8302,115.8824,2.9746,2.4544,0.39748,100.497,8.5,0.0448,Shale
mywell,2230.9826,120.8775,2.9254,2.2784,0.405928,99.756,8.5,0.0403,Shale
mywell,2231.135,118.7554,2.8952,2.2988,0.454608,98.51,8.5,0.038,Shale
mywell,2231.2874,122.6296,2.9109,2.2524,0.416312,99.616,8.5,0.0452,Shale
mywell,2231.4398,119.8824,2.9884,2.2381,0.380288,100.741,8.5,0.0376,Shale
mywell,2231.5922,119.7459,2.9096,2.2519,0.427616,103.602,8.5,0.0339,Shale
mywell,2231.7446,118.881,2.6749,2.2708,0.471648,105.361,8.5,0.0342,Shale
mywell,2231.897,120.4632,2.5579,2.2591,0.406528,105.499,8.5,0.0368,Shale
mywell,2232.0494,122.1892,2.5501,2.2828,0.342512,104.012,8.5,0.0241,Shale
mywell,2232.2018,126.4875,2.5153,2.3237,0.425328,102.14,8.5,0.027,Shale
mywell,2232.3542,126.3206,2.4912,2.3577,0.425008,102.249,8.5,0.027,Shale
mywell,2232.5066,119.1647,2.4255,2.3441,0.359528,102.746,8.5,0.033,Shale
mywell,2232.659,111.9557,2.2911,2.348,0.434392,103.37,8.5,0.0428,Shale
mywell,2232.8114,114.7093,2.2017,2.3321,0.408216,105.483,8.5,0.0488,Shale
mywell,2232.9638,119.3597,2.1673,2.3499,0.435776,104.88,8.5,0.0334,Shale
mywell,2233.1162,119.0339,2.1253,2.3788,0.3368,105.123,8.5,0.0226,Shale
mywell,2233.2686,113.8686,2.1468,2.3711,0.438176,105.745,8.5,0.0453,Shale
mywell,2233.421,109.8064,2.267,2.3581,0.360632,105.626,8.5,0.0471,Shale
mywell,2233.5734,115.85,2.4208,2.3828,0.514752,103.765,8.5,0.0375,Shale
mywell,2233.7258,124.3915,2.5351,2.3384,0.402912,105.238,8.5,0.0281,Shale
mywell,2233.8782,128.3288,2.6927,2.3301,0.409936,105.25,8.5,0.0294,Shale
mywell,2234.0306,128.4919,2.9648,2.3538,0.455632,105.746,8.5,0.0255,Shale
mywell,2234.183,120.0878,3.3182,2.3768,0.387552,106.122,8.5,0.0349,Shale
mywell,2234.3354,123.8938,3.5759,2.3949,0.440568,104.637,8.5,0.0307,Shale
mywell,2234.4878,126.8484,3.6762,2.3563,0.473736,104.873,8.5,0.0265,Shale
mywell,2234.6402,127.4364,3.807,2.35,0.460112,103.139,8.5,0.027,Shale
mywell,2234.7926,126.1286,3.8497,2.3679,0.403456,104.489,8.5,0.0283,Shale
mywell,2234.945,125.6627,4.0474,2.3184,0.309752,105.244,8.5,0.0198,Shale
mywell,2235.0974,123.8188,4.051,2.4648,0.400264,105.622,8.5,0.0308,Shale
mywell,2235.2498,128.3156,4.045,2.3757,0.367272,103.269,8.5,0.0313,Shale
mywell,2235.4022,120.6193,3.9577,2.373,0.324344,103.746,8.5,0.024,Shale
mywell,2235.5546,124.9526,3.8836,2.3125,0.381536,102.634,8.5,0.0279,Shale
mywell,2235.707,112.6683,3.8522,2.314,0.371088,103.617,8.5,0.0439,Shale
mywell,2235.8594,114.305,3.8312,2.3864,0.367032,103.997,8.5,0.0459,Shale
mywell,2236.0118,113.8647,3.8469,2.3989,0.366008,102.016,8.5,0.0459,Shale
mywell,2236.1642,119.9886,3.8331,2.4377,0.287632,101.752,8.5,0.0244,Shale
mywell,2236.3166,124.8631,3.8419,2.4172,0.382232,100.51,8.5,0.0329,Shale
mywell,2236.469,121.1939,3.8132,2.3605,0.330424,100.128,8.5,0.0272,Shale
mywell,2236.6214,120.6839,3.7872,2.3828,0.376624,101.737,8.5,0.0376,Shale
mywell,2236.7738,121.9051,3.79,2.3602,0.371048,101.254,8.5,0.0355,Shale
mywell,2236.9262,128.112,3.9021,2.3987,0.409688,101.126,8.5,0.0351,Shale
mywell,2237.0786,140.9519,3.9199,2.397,0.351472,100.505,8.5,0.0241,Shale
mywell,2237.231,161.2323,3.8764,2.395,0.396632,101.864,8.5,0.0141,Shale
mywell,2237.3834,183.9749,3.8105,2.4168,0.341448,102.371,8.5,0.0104,Shale
mywell,2237.5358,200.2135,3.685,2.4418,0.29636,101.755,8.5,0.0062,Shale
mywell,2237.6882,198.0386,3.7009,2.448,0.387264,102.37,8.5,0.0148,Shale
mywell,2237.8406,197.7522,3.8934,2.454,0.374112,100.391,8.5,0.0163,Shale
mywell,2237.993,207.6898,4.0626,2.456,0.361104,100.499,8.5,0.0163,Shale
mywell,2238.1454,221.0717,4.1245,2.4034,0.337192,101.74,8.5,0.0101,Shale
mywell,2238.2978,217.1783,4.0883,2.4516,0.378664,104.354,8.5,0.0198,Shale
mywell,2238.4502,187.3344,3.8301,2.45,0.306584,106.111,8.5,0.0054,Shale
mywell,2238.6026,151.9851,3.8766,2.4599,0.448848,106.993,8.5,0.016,Shale
mywell,2238.755,113.7738,3.8572,2.5066,0.45,100.304,8.5,0.0542,Shale
mywell,2238.9074,79.2261,3.7995,2.3691,0.45496,96.158,8.5,0.0801,Silty Sand
mywell,2239.0598,56.9365,3.6661,2.364,0.372664,89.057,8.5,0.1066,Silty Sand
mywell,2239.2122,48.7347,3.5708,2.3342,0.360096,86.52,8.5,0.1696,Silty Sand
mywell,2239.3646,47.1106,3.322,2.2913,0.319328,89.724,8.5,0.1674,Silty Sand
mywell,2239.517,41.1678,3.0353,2.289,0.19004,95.33,8.5,0.1514,Sandstone
mywell,2239.6694,37.9099,2.8902,2.3108,0.195944,98.475,8.5,0.1698,Sandstone
mywell,2239.8218,31.4876,2.8771,2.2951,0.277344,102.592,8.5,0.1874,Sandstone
mywell,2239.9742,28.6634,2.7649,2.2613,0.279984,105.105,8.5,0.1944,Sandstone
mywell,2240.1266,24.2296,2.7015,2.1856,0.221472,106.861,8.5,0.204,Sandstone
mywell,2240.279,23.5552,2.6712,2.191,0.28548,107.123,8.5,0.1861,Sandstone
mywell,2240.4314,22.4866,2.6601,2.187,0.213584,107.125,8.5,0.2097,Sandstone
mywell,2240.5838,23.1694,2.6749,2.183,0.281448,107.993,8.5,0.1909,Sandstone
mywell,2240.7362,22.555,2.6859,2.181,0.264144,107.256,8.5,0.1948,Sandstone
mywell,2240.8886,27.0517,2.683,2.1572,0.24416,107.002,8.5,0.187,Sandstone
mywell,2241.041,30.2078,2.6949,2.1729,0.281696,107.496,8.5,0.1953,Sandstone
mywell,2241.1934,36.4985,2.7039,2.1631,0.226448,106.012,8.5,0.177,Sandstone
mywell,2241.3458,31.9322,2.7476,2.1769,0.254768,104.016,8.5,0.1848,Sandstone
mywell,2241.4982,30.3386,2.8016,2.1849,0.253016,104.124,8.5,0.1976,Sandstone
mywell,2241.6506,25.3214,2.8655,2.181,0.274824,103.629,8.5,0.1889,Sandstone
mywell,2241.803,28.624,2.9206,2.177,0.273016,103.997,8.5,0.1977,Sandstone
mywell,2241.9554,24.4767,2.9756,2.183,0.24324,105.488,8.5,0.1902,Sandstone
mywell,2242.1078,25.681,3.0385,2.1433,0.253912,106.74,8.5,0.1848,Sandstone
mywell,2242.2602,25.7089,3.1084,2.1956,0.260944,106.998,8.5,0.1867,Sandstone
mywell,2242.4126,32.0757,3.1824,2.2158,0.22628,105.636,8.5,0.1944,Sandstone
mywell,2242.565,35.1338,3.1959,2.1813,0.281552,103.269,8.5,0.1679,Sandstone
mywell,2242.7174,36.891,3.2535,2.1592,0.33656,99.778,8.5,0.2845,Sandstone
mywell,2242.8698,36.7949,3.3056,2.155,0.259624,99.378,8.5,0.1913,Sandstone
mywell,2243.0222,34.9399,3.3427,2.1471,0.26396,99.995,8.5,0.187,Sandstone
mywell,2243.1746,37.3435,3.3966,2.1976,0.277888,99.132,8.5,0.1964,Sandstone
mywell,2243.327,39.4809,3.4327,2.195,0.270064,99.373,8.5,0.1835,Sandstone
mywell,2243.4794,41.5802,3.4499,2.1613,0.301744,100.119,8.5,0.2186,Sandstone
mywell,2243.6318,44.3151,3.4371,2.157,0.270256,99.257,8.5,0.1631,Sandstone
mywell,2243.7842,46.7029,3.3705,2.1808,0.277936,99.374,8.5,0.134,Silty Sand
mywell,2243.9366,47.3926,3.2877,2.1889,0.290896,98.383,8.5,0.1685,Silty Sand
mywell,2244.089,48.5269,3.2384,2.2039,0.297944,96.887,8.5,0.1673,Silty Sand
mywell,2244.2414,47.2206,3.2003,2.208,0.236496,96.751,8.5,0.1314,Silty Sand
mywell,2244.3938,45.1228,3.1692,2.208,0.261792,97.866,8.5,0.1519,Silty Sand
mywell,2244.5462,37.6075,3.1154,2.1951,0.298704,99.735,8.5,0.2287,Sandstone
mywell,2244.6986,31.2508,3.0535,2.2317,0.309912,100.742,8.5,0.2338,Sandstone
mywell,2244.851,31.2704,2.9994,2.2945,0.24552,102.734,8.5,0.1818,Sandstone
mywell,2245.0034,32.0844,3.0139,2.1938,0.277736,102.502,8.5,0.1911,Sandstone
mywell,2245.1558,31.5414,3.0705,2.189,0.267088,102.004,8.5,0.1827,Sandstone
mywell,2245.3082,31.537,3.1851,2.1771,0.308664,102.0,8.5,0.2138,Sandstone
mywell,2245.4606,30.7751,3.3279,2.179,0.240552,101.628,8.5,0.1876,Sandstone
mywell,2245.613,31.9386,3.4441,2.1691,0.317376,102.245,8.5,0.2194,Sandstone
mywell,2245.7654,33.189,3.2248,2.2156,0.221776,101.134,8.5,0.2063,Sandstone
mywell,2245.9178,36.5688,3.3867,2.1733,0.21108,100.257,8.5,0.2095,Sandstone
mywell,2246.0702,51.1953,3.6519,2.175,0.19116,98.762,8.5,0.113,Silty Sand
mywell,2246.2226,80.0513,3.8018,2.1998,0.20588,94.906,8.5,0.0441,Silty Sand
mywell,2246.375,108.5243,4.17,2.1911,0.273456,92.271,8.5,0.034,Shale
mywell,2246.5274,122.3315,4.42,2.3428,0.387088,93.738,8.5,0.0438,Shale
mywell,2246.6798,125.5827,4.4865,2.5136,0.381056,92.758,8.5,0.0334,Shale
mywell,2246.8322,127.0821,4.4513,2.4406,0.399848,96.718,8.5,0.0322,Shale
mywell,2246.9846,120.3821,4.4133,2.434,0.353376,97.494,8.5,0.0416,Shale
mywell,2247.137,113.5715,4.3515,2.4191,0.347048,96.632,8.5,0.0442,Shale
mywell,2247.2894,111.8296,4.2994,2.417,0.358904,98.485,8.5,0.0547,Shale
mywell,2247.4418,116.2175,4.3496,2.417,0.395704,96.144,8.5,0.0448,Shale
mywell,2247.5942,120.7626,4.4601,2.4091,0.298784,96.249,8.5,0.0274,Shale
mywell,2247.7466,120.6601,4.5404,2.4189,0.300976,97.118,8.5,0.0288,Shale
mywell,2247.899,111.9185,4.3833,2.4458,0.299016,96.629,8.5,0.0335,Shale
mywell,2248.0514,118.048,4.1667,2.448,0.295032,96.253,8.5,0.0274,Shale
mywell,2248.2038,124.05,4.0222,2.444,0.42396,97.986,8.5,0.0341,Shale
mywell,2248.3562,141.2636,4.0428,2.3994,0.441864,97.256,8.5,0.0238,Shale
mywell,2248.5086,129.3819,4.038,2.4397,0.33784,97.374,8.5,0.0208,Shale
mywell,2248.661,105.6734,3.9993,2.4479,0.33204,97.871,8.5,0.0415,Shale
mywell,2248.8134,72.5406,3.9067,2.2903,0.324064,95.271,8.5,0.0743,Silty Sand
mywell,2248.9658,49.8796,3.8058,2.3396,0.257536,96.118,8.5,0.1232,Silty Sand
mywell,2249.1182,34.4251,3.7058,2.3182,0.246088,97.737,8.5,0.1832,Sandstone
mywell,2249.2706,32.7922,3.6425,2.2773,0.229136,98.246,8.5,0.2155,Sandstone
mywell,2249.423,29.4171,3.6043,2.2165,0.246856,98.746,8.5,0.2227,Sandstone
mywell,2249.5754,33.0931,3.5971,2.214,0.224184,96.89,8.5,0.2267,Sandstone
mywell,2249.7278,35.2409,3.5851,2.2239,0.224992,98.115,8.5,0.1989,Sandstone
mywell,2249.8802,37.2956,3.5652,2.2121,0.214088,97.381,8.5,0.2045,Sandstone
mywell,2250.0326,38.1651,3.5293,2.2338,0.234832,97.251,8.5,0.1971,Sandstone
mywell,2250.185,32.346,3.5052,2.2221,0.198296,97.746,8.5,0.1837,Sandstone
mywell,2250.3374,29.0839,3.4415,2.2458,0.21784,98.618,8.5,0.2331,Sandstone
mywell,2250.4898,27.6553,3.3487,2.2281,0.233872,99.121,8.5,0.2312,Sandstone
mywell,2250.6422,28.2124,3.3163,2.228,0.22408,99.869,8.5,0.2509,Sandstone
mywell,2250.7946,31.9291,3.3567,2.2161,0.245824,98.015,8.5,0.2056,Sandstone
mywell,2250.947,30.6625,3.4354,2.1952,0.209296,96.016,8.5,0.2194,Sandstone
mywell,2251.0994,29.534,3.5412,2.193,0.245704,94.76,8.5,0.2283,Sandstone
mywell,2251.2518,31.4743,3.6412,2.2297,0.259888,94.13,8.5,0.2186,Sandstone
mywell,2251.4042,38.5362,3.6747,2.2627,0.227264,94.249,8.5,0.2018,Sandstone
mywell,2251.5566,47.4813,3.7008,2.269,0.225016,95.366,8.5,0.1373,Silty Sand
mywell,2251.709,49.6491,3.7278,2.2442,0.241864,98.351,8.5,0.1207,Silty Sand
mywell,2251.8614,53.3959,3.6844,2.2748,0.273744,100.111,8.5,0.1216,Silty Sand
mywell,2252.0138,65.2189,3.5917,2.2631,0.281936,102.729,8.5,0.0681,Silty Sand
mywell,2252.1662,79.3101,3.4759,2.2481,0.329616,105.974,8.5,0.0432,Silty Sand
mywell,2252.3186,87.8768,3.3818,2.1954,0.291312,105.876,8.5,0.0405,Shale
mywell,2252.471,80.4852,3.3254,2.1692,0.324728,105.875,8.5,0.0443,Silty Sand
mywell,2252.6234,69.7362,3.2893,2.171,0.355752,107.487,8.5,0.0792,Silty Sand
mywell,2252.7758,67.3109,3.2642,2.169,0.304416,106.26,8.5,0.0729,Silty Sand
mywell,2252.9282,69.3831,3.2521,2.1412,0.302016,107.366,8.5,0.0769,Silty Sand
mywell,2253.0806,71.5268,3.246,2.1102,0.290096,108.243,8.5,0.0926,Silty Sand
mywell,2253.233,66.0146,3.2529,2.0981,0.311824,107.134,8.5,0.0755,Silty Sand
mywell,2253.3854,65.6506,3.2718,2.1238,0.333824,106.133,8.5,0.0712,Silty Sand
mywell,2253.5378,75.8934,3.3077,2.1061,0.331024,106.497,8.5,0.0535,Silty Sand
mywell,2253.6902,76.5434,3.3705,2.1368,0.285368,105.632,8.5,0.0517,Silty Sand
mywell,2253.8426,77.54,3.4543,2.1162,0.30484,106.493,8.5,0.052,Silty Sand
mywell,2253.995,71.841,3.5492,2.1567,0.335752,106.872,8.5,0.0712,Silty Sand
mywell,2254.1474,67.9242,3.6413,2.1411,0.309216,106.999,8.5,0.0703,Silty Sand
mywell,2254.2998,66.6143,3.7432,2.137,0.339752,107.248,8.5,0.0748,Silty Sand
mywell,2254.4522,58.2384,3.8511,2.1668,0.356864,106.754,8.5,0.1097,Silty Sand
mywell,2254.6046,52.2239,3.9324,2.165,0.325256,105.262,8.5,0.1407,Silty Sand
mywell,2254.757,43.1706,4.053,2.161,0.27044,102.15,8.5,0.1363,Sandstone
mywell,2254.9094,39.4117,4.1562,2.2116,0.2452,100.513,8.5,0.1808,Sandstone
mywell,2255.0618,38.637,4.2661,2.2299,0.271784,99.012,8.5,0.1841,Sandstone
mywell,2255.2142,39.7976,4.3612,2.2379,0.270016,97.264,8.5,0.176,Sandstone
mywell,2255.3666,37.1197,4.4463,2.236,0.237264,95.514,8.5,0.1894,Sandstone
mywell,2255.519,35.0485,4.452,2.2201,0.248904,96.368,8.5,0.1831,Sandstone
mywell,2255.6714,34.2384,4.3409,2.2379,0.227176,96.747,8.5,0.1983,Sandstone
mywell,2255.8238,44.9268,4.2815,2.2459,0.269656,97.494,8.5,0.1469,Sandstone
mywell,2255.9762,48.367,4.2691,2.248,0.281904,98.988,8.5,0.1354,Silty Sand
mywell,2256.1286,58.2069,4.271,2.2004,0.26216,99.744,8.5,0.1018,Silty Sand
mywell,2256.281,61.1102,4.2125,2.2179,0.275888,101.486,8.5,0.0746,Silty Sand
mywell,2256.4334,69.5352,4.0047,2.1773,0.328576,102.492,8.5,0.0742,Silty Sand
mywell,2256.5858,69.603,3.8363,2.1691,0.329992,102.004,8.5,0.0742,Silty Sand
mywell,2256.7382,65.0755,3.7705,2.165,0.282384,101.256,8.5,0.0705,Silty Sand
mywell,2256.8906,66.53,3.6867,2.159,0.226448,100.506,8.5,0.0808,Silty Sand
mywell,2257.043,75.5077,3.6364,2.2056,0.293456,101.12,8.5,0.0594,Silty Sand
mywell,2257.1954,89.0643,3.5894,2.208,0.306896,102.365,8.5,0.0418,Shale
mywell,2257.3478,112.5832,3.5315,2.2199,0.318904,102.375,8.5,0.0316,Shale
mywell,2257.5002,119.3986,3.4675,2.2319,0.395384,103.739,8.5,0.0348,Shale
mywell,2257.6526,126.3137,3.4829,2.2042,0.377152,103.626,8.5,0.0297,Shale
mywell,2257.805,117.6681,3.4612,2.2278,0.336328,104.369,8.5,0.0243,Shale
mywell,2257.9574,129.129,3.4908,2.2082,0.30624,102.019,8.5,0.0175,Shale
mywell,2258.1098,147.0899,3.5198,2.1614,0.288144,101.752,8.5,0.0139,Shale
mywell,2258.2622,161.7371,3.3603,2.159,0.368352,101.254,8.5,0.0143,Shale
mywell,2258.4146,154.0847,3.4701,2.2761,0.33924,100.01,8.5,0.0111,Shale
mywell,2258.567,144.6952,3.5781,2.3574,0.33404,101.24,8.5,0.0334,Shale
mywell,2258.7194,137.429,3.6574,2.354,0.31416,102.118,8.5,0.0132,Shale
mywell,2258.8718,134.3801,3.7116,2.3143,0.329872,102.001,8.5,0.0232,Shale
mywell,2259.0242,126.7384,3.7388,2.2793,0.36968,101.132,8.5,0.0303,Shale
mywell,2259.1766,124.0908,3.7688,2.2869,0.34024,99.389,8.5,0.0218,Shale
mywell,2259.329,127.8813,3.8196,2.291,0.340992,99.127,8.5,0.0215,Shale
mywell,2259.4814,126.9825,3.939,2.3089,0.346952,97.389,8.5,0.0287,Shale
mywell,2259.6338,117.8248,4.0223,2.3358,0.344024,98.367,8.5,0.0281,Shale
mywell,2259.7862,114.3871,4.026,2.3658,0.290432,98.995,8.5,0.0382,Shale
mywell,2259.9386,121.1383,3.8514,2.3382,0.295952,98.876,8.5,0.0269,Shale
mywell,2260.091,137.7951,3.5226,2.3241,0.393216,98.999,8.5,0.0326,Shale
mywell,2260.2434,147.7934,3.3474,2.3557,0.308688,97.884,8.5,0.0136,Shale
mywell,2260.3958,164.8868,3.3222,2.354,0.294112,99.239,8.5,0.006,Shale
mywell,2260.5482,177.7821,3.1811,2.3441,0.30888,98.63,8.5,0.0057,Shale
mywell,2260.7006,187.8229,3.0481,2.3966,0.3338,102.841,8.5,0.0205,Shale
mywell,2260.853,167.195,2.9319,2.3772,0.41832,105.479,8.5,0.0164,Shale
mywell,2261.0054,149.8892,2.5471,2.2074,0.49836,105.624,8.5,0.0156,Shale
mywell,2261.1578,134.615,2.2414,2.2824,0.473208,107.113,8.5,0.0352,Shale
mywell,2261.3102,127.672,2.1894,2.1858,0.429352,104.149,8.5,0.0302,Shale
mywell,2261.4626,120.6194,2.1731,2.315,0.490504,103.257,8.5,0.0364,Shale
mywell,2261.615,112.5129,2.1601,2.322,0.382872,102.134,8.5,0.0439,Shale
mywell,2261.7674,116.8307,2.154,2.3766,0.4812,103.117,8.5,0.0389,Shale
mywell,2261.9198,116.5823,2.1639,2.379,0.453232,103.249,8.5,0.0389,Shale
mywell,2262.0722,122.2106,2.1719,2.254,0.421256,101.886,8.5,0.0368,Shale
mywell,2262.2246,126.0316,2.2008,2.3195,0.483496,104.355,8.5,0.0277,Shale
mywell,2262.377,122.469,2.2278,2.3765,0.417536,103.135,8.5,0.0415,Shale
mywell,2262.5294,117.1824,2.3054,2.2738,0.403112,102.629,8.5,0.0374,Shale
mywell,2262.6818,105.9413,2.4141,2.3256,0.461528,102.997,8.5,0.0539,Shale
mywell,2262.8342,110.3626,2.4983,2.3121,0.395536,100.768,8.5,0.0482,Shale
mywell,2262.9866,110.6609,2.5238,2.3745,0.445592,100.998,8.5,0.0478,Shale
mywell,2263.139,118.9254,2.4923,2.3383,0.481712,101.62,8.5,0.033,Shale
mywell,2263.2914,113.7036,2.5009,2.2715,0.450256,101.377,8.5,0.0437,Shale
mywell,2263.4438,114.5459,2.6349,2.4625,0.324016,101.623,8.5,0.0344,Shale
mywell,2263.5962,106.8918,2.6608,2.3132,0.416248,101.625,8.5,0.0539,Shale
mywell,2263.7486,112.6709,2.5261,2.3398,0.464616,101.625,8.5,0.0428,Shale
mywell,2263.901,109.7975,2.4516,2.3162,0.45508,101.749,8.5,0.0439,Shale
mywell,2264.0534,109.2205,2.4282,2.2654,0.5046,102.122,8.5,0.0425,Shale
mywell,2264.2058,100.7751,2.5163,2.3612,0.422664,101.505,8.5,0.0536,Shale
mywell,2264.3582,101.5601,2.6489,2.4166,0.43192,102.368,8.5,0.0614,Shale
mywell,2264.5106,108.6806,2.7383,2.3287,0.39728,102.251,8.5,0.0425,Shale
mywell,2264.663,115.2624,2.7737,2.3826,0.453544,104.234,8.5,0.0505,Shale
mywell,2264.8154,118.1095,2.7571,2.3344,0.448048,103.63,8.5,0.033,Shale
mywell,2264.9678,113.0262,2.8989,2.3142,0.45792,103.997,8.5,0.0439,Shale
mywell,2265.1202,114.4333,3.0964,2.3537,0.458992,98.172,8.5,0.0537,Shale
mywell,2265.2726,108.0813,3.4006,2.3619,0.401464,95.769,8.5,0.058,Shale
mywell,2265.425,96.1726,3.4099,2.364,0.374216,93.518,8.5,0.07,Shale
mywell,2265.5774,78.0047,3.3584,2.489,0.389872,93.376,8.5,0.0965,Silty Sand
mywell,2265.7298,61.3898,3.2767,2.4563,0.361232,97.219,8.5,0.1007,Silty Sand
mywell,2265.8822,46.4127,3.1689,2.3756,0.297512,98.614,8.5,0.1617,Silty Sand
mywell,2266.0346,33.6539,3.045,2.2956,0.248392,100.609,8.5,0.1813,Sandstone
mywell,2266.187,28.4164,2.8793,2.2186,0.258912,102.733,8.5,0.1976,Sandstone
mywell,2266.3394,33.2844,2.6836,2.1694,0.29372,103.742,8.5,0.1908,Sandstone
mywell,2266.4918,34.565,2.6929,2.1888,0.267216,102.634,8.5,0.1499,Sandstone
mywell,2266.6442,38.2087,2.688,2.1979,0.29676,103.121,8.5,0.2009,Sandstone
mywell,2266.7966,43.4143,2.69,2.1653,0.260296,103.001,8.5,0.1368,Sandstone
mywell,2266.949,54.126,2.69,2.1511,0.268928,103.372,8.5,0.1047,Silty Sand
mywell,2267.1014,55.701,2.687,2.149,0.256104,103.251,8.5,0.0851,Silty Sand
mywell,2267.2538,61.0817,2.6939,2.1262,0.3056,103.746,8.5,0.0901,Silty Sand
mywell,2267.4062,69.188,2.6454,2.1587,0.295088,103.626,8.5,0.0796,Silty Sand
mywell,2267.5586,78.56,2.6539,2.1282,0.273176,103.873,8.5,0.0511,Silty Sand
mywell,2267.711,75.3673,2.656,2.134,0.300776,104.123,8.5,0.0579,Silty Sand
mywell,2267.8634,68.769,2.653,2.1905,0.283144,104.001,8.5,0.0748,Silty Sand
mywell,2268.0158,59.7295,2.6629,2.1672,0.242328,104.992,8.5,0.0851,Silty Sand
mywell,2268.1682,60.651,2.6729,2.1948,0.315408,105.248,8.5,0.1154,Silty Sand
mywell,2268.3206,59.1323,2.6899,2.1672,0.298144,104.878,8.5,0.1178,Silty Sand
mywell,2268.473,62.1387,2.7049,2.1531,0.28808,104.751,8.5,0.0843,Silty Sand
mywell,2268.6254,53.6457,2.7328,2.1431,0.249312,105.742,8.5,0.1101,Silty Sand
mywell,2268.7778,59.0241,2.6596,2.1569,0.284712,105.378,8.5,0.0937,Silty Sand
mywell,2268.9302,59.6731,2.6878,2.2056,0.28996,105.251,8.5,0.1185,Silty Sand
mywell,2269.0826,59.678,2.7882,2.1693,0.302896,104.63,8.5,0.1099,Silty Sand
mywell,2269.235,52.5941,3.0003,2.169,0.302008,103.137,8.5,0.1412,Silty Sand
mywell,2269.3874,48.9737,3.0685,2.169,0.251408,98.785,8.5,0.1384,Silty Sand
mywell,2269.5398,54.6173,3.0908,2.173,0.224216,97.634,8.5,0.1301,Silty Sand
mywell,2269.6922,58.9236,3.0801,2.2157,0.207136,97.005,8.5,0.0993,Silty Sand
mywell,2269.8446,58.1773,3.0592,2.22,0.240728,97.372,8.5,0.1013,Silty Sand
mywell,2269.997,53.8637,3.0402,2.2418,0.264808,99.235,8.5,0.1201,Silty Sand
mywell,2270.1494,44.6083,2.9825,2.2023,0.263016,101.482,8.5,0.1323,Sandstone
mywell,2270.3018,43.3952,2.9304,2.204,0.255064,102.12,8.5,0.1339,Sandstone
mywell,2270.4542,44.4296,2.8893,2.202,0.216312,102.993,8.5,0.1363,Sandstone
mywell,2270.6066,48.1679,2.8166,2.1951,0.248736,102.876,8.5,0.1148,Silty Sand
mywell,2270.759,44.9651,2.7872,2.1752,0.275784,102.379,8.5,0.1275,Sandstone
mywell,2270.9114,39.7885,2.7602,2.2196,0.222432,101.631,8.5,0.1536,Sandstone
mywell,2271.0638,40.3154,2.764,2.1833,0.239856,102.121,8.5,0.1471,Sandstone
mywell,2271.2162,46.2522,2.7888,2.185,0.20032,103.241,8.5,0.1167,Silty Sand
mywell,2271.3686,49.8206,2.8237,2.2118,0.285312,104.738,8.5,0.1118,Silty Sand
mywell,2271.521,45.4981,2.8359,2.1961,0.327664,104.378,8.5,0.1801,Silty Sand
mywell,2271.6734,44.7914,2.8539,2.1573,0.31808,102.515,8.5,0.1878,Sandstone
mywell,2271.8258,45.6342,2.86,2.1372,0.227728,100.144,8.5,0.1557,Silty Sand
mywell,2271.9782,54.1196,2.861,2.143,0.226008,97.273,8.5,0.1282,Silty Sand
mywell,2272.1306,72.1145,2.8689,2.2015,0.303376,96.878,8.5,0.0787,Silty Sand
mywell,2272.283,81.3348,2.9037,2.2962,0.38832,97.495,8.5,0.0859,Silty Sand
mywell,2272.4354,90.2705,2.9119,2.2732,0.316584,101.964,8.5,0.0437,Shale
mywell,2272.5878,83.2046,2.5836,2.2125,0.371552,104.48,8.5,0.0611,Silty Sand
mywell,2272.7402,90.5354,2.6435,2.1515,0.326368,105.74,8.5,0.0451,Shale
mywell,2272.8926,85.0537,2.7432,2.1262,0.314096,105.006,8.5,0.0401,Shale
mywell,2273.045,92.6722,2.8531,2.1468,0.283248,101.156,8.5,0.0414,Shale
mywell,2273.1974,90.8065,2.9859,2.1301,0.281016,99.141,8.5,0.0455,Shale
mywell,2273.3498,103.2376,3.1527,2.1389,0.267112,95.281,8.5,0.0352,Shale
mywell,2273.5022,106.7029,3.2681,2.3106,0.287832,92.894,8.5,0.0326,Shale
mywell,2273.6546,118.1201,3.4148,2.4122,0.242368,91.635,8.5,0.029,Shale
mywell,2273.807,120.4321,3.4696,2.4051,0.32136,92.865,8.5,0.0282,Shale
mywell,2273.9594,124.5331,3.4849,2.3971,0.420208,96.595,8.5,0.032,Shale
mywell,2274.1118,128.9705,3.3521,2.4248,0.360488,97.741,8.5,0.0322,Shale
mywell,2274.2642,123.1869,3.1655,2.3853,0.333216,100.354,8.5,0.0244,Shale
mywell,2274.4166,133.5094,3.0995,2.266,0.319112,100.127,8.5,0.0231,Shale
mywell,2274.569,137.6761,3.0851,2.2243,0.31404,98.885,8.5,0.0139,Shale
mywell,2274.7214,148.6587,3.1029,2.353,0.364592,100.363,8.5,0.0324,Shale
mywell,2274.8738,140.5392,3.1417,2.348,0.278696,102.483,8.5,0.0117,Shale
mywell,2275.0262,138.1309,3.2114,2.2974,0.353392,102.872,8.5,0.0436,Shale
mywell,2275.1786,145.4826,3.2616,2.2345,0.34408,102.751,8.5,0.0405,Shale
mywell,2275.331,153.1705,3.2749,2.2439,0.3192,100.022,8.5,0.0105,Shale
mywell,2275.4834,149.9425,3.2938,2.242,0.337848,98.14,8.5,0.0115,Shale
mywell,2275.6358,139.7768,3.3833,2.3333,0.302288,94.653,8.5,0.0113,Shale
mywell,2275.7882,128.6689,3.502,2.3459,0.334736,94.749,8.5,0.0199,Shale
mywell,2275.9406,123.0347,3.5873,2.3926,0.343928,94.006,8.5,0.0277,Shale
mywell,2276.093,127.7417,3.6406,2.4456,0.295392,96.108,8.5,0.023,Shale
mywell,2276.2454,146.259,3.7501,2.4321,0.30988,95.629,8.5,0.0119,Shale
mywell,2276.3978,163.9009,3.8899,2.3993,0.361584,95.625,8.5,0.0145,Shale
mywell,2276.5502,169.6359,3.9753,2.3702,0.380848,95.625,8.5,0.0139,Shale
mywell,2276.7026,152.2188,4.0663,2.4434,0.325448,93.517,8.5,0.0114,Shale
mywell,2276.855,135.1376,4.0184,2.4361,0.293256,95.484,8.5,0.0144,Shale
mywell,2277.0074,120.8352,3.8513,2.4092,0.3178,95.128,8.5,0.0288,Shale
mywell,2277.1598,110.0381,3.8302,2.4457,0.336848,94.381,8.5,0.0336,Shale
mywell,2277.3122,111.1791,3.8389,2.3934,0.343944,97.227,8.5,0.0346,Shale
mywell,2277.4646,113.0659,3.8301,2.3285,0.321184,97.498,8.5,0.0308,Shale
mywell,2277.617,120.3712,3.8459,2.3865,0.36068,99.608,8.5,0.0422,Shale
mywell,2277.7694,121.5847,3.8926,2.3443,0.320328,98.013,8.5,0.0273,Shale
mywell,2277.9218,126.4191,3.8702,2.3728,0.352736,98.62,8.5,0.0294,Shale
mywell,2278.0742,125.9362,3.9027,2.4087,0.355976,97.509,8.5,0.0294,Shale
mywell,2278.2266,120.2409,3.9536,2.3872,0.320288,97.252,8.5,0.0259,Shale
mywell,2278.379,117.6773,3.825,2.3701,0.318016,95.142,8.5,0.0266,Shale
mywell,2278.5314,117.3693,3.7506,2.4087,0.249552,93.513,8.5,0.0278,Shale
mywell,2278.6838,121.9014,3.8155,2.4011,0.285704,90.896,8.5,0.0272,Shale
mywell,2278.8362,129.6101,3.8983,2.4496,0.40504,92.983,8.5,0.0391,Silty Sand
mywell,2278.9886,130.1769,3.9377,2.448,0.4308,95.728,8.5,0.0384,Shale
mywell,2279.141,130.8208,4.0868,2.4817,0.39132,100.338,8.5,0.0411,Shale
mywell,2279.2934,121.8652,4.1108,2.3957,0.270968,98.143,8.5,0.0269,Shale
mywell,2279.4458,121.2166,3.9394,2.3732,0.278928,96.017,8.5,0.0263,Shale
mywell,2279.5982,121.465,3.8507,2.3115,0.286936,93.396,8.5,0.0265,Shale
mywell,2279.7506,122.6425,3.9413,2.3983,0.292952,92.259,8.5,0.0306,Shale
mywell,2279.903,119.2643,4.1225,2.4248,0.298952,94.606,8.5,0.0279,Shale
mywell,2280.0554,119.4215,4.2907,2.421,0.280152,96.857,8.5,0.0285,Shale
mywell,2280.2078,119.3595,4.3228,2.4091,0.395072,97.991,8.5,0.0401,Shale
mywell,2280.3602,119.4324,4.565,2.3872,0.449568,98.248,8.5,0.0398,Shale
mywell,2280.5126,117.6524,4.6593,2.4148,0.3012,91.058,8.5,0.0277,Shale
mywell,2280.665,112.2415,4.2731,2.4983,0.18592,86.908,8.5,0.0291,Shale
mywell,2280.8174,111.9063,4.0508,2.5129,0.240552,85.635,8.5,0.0326,Shale
mywell,2280.9698,115.1092,4.1998,2.5557,0.293576,85.253,8.5,0.0331,Shale
mywell,2281.1222,125.5163,4.5313,2.4826,0.397168,91.078,8.5,0.0328,Shale
mywell,2281.2746,130.5431,4.3029,2.4443,0.446608,94.349,8.5,0.0394,Shale
mywell,2281.427,131.1911,3.6354,2.3894,0.307128,99.459,8.5,0.0217,Shale
mywell,2281.5794,125.991,3.3503,2.3791,0.336752,99.624,8.5,0.0223,Shale
mywell,2281.7318,118.387,3.3222,2.3463,0.384616,98.261,8.5,0.0371,Shale
mywell,2281.8842,116.2964,3.2833,2.35,0.44948,99.738,8.5,0.0391,Shale
mywell,2282.0366,111.1077,3.2146,2.3579,0.446032,99.006,8.5,0.0476,Shale
mywell,2282.189,111.7078,3.094,2.3967,0.438064,102.72,8.5,0.046,Shale
mywell,2282.3414,111.4233,3.0503,2.3246,0.456848,103.866,8.5,0.0429,Shale
mywell,2282.4938,121.719,3.0748,2.2893,0.455016,102.511,8.5,0.0368,Shale
mywell,2282.6462,127.7639,3.0849,2.291,0.429208,101.632,8.5,0.0277,Shale
mywell,2282.7986,129.5867,2.9878,2.3158,0.410152,99.889,8.5,0.0297,Shale
mywell,2282.951,128.5217,2.9017,2.3596,0.392144,96.279,8.5,0.0283,Shale
mywell,2283.1034,138.1324,2.9407,2.3679,0.355296,100.094,8.5,0.0362,Shale
mywell,2283.2558,136.2508,3.1334,2.364,0.443288,100.621,8.5,0.0305,Shale
mywell,2283.4082,130.6619,3.2282,2.3749,0.39936,100.749,8.5,0.0309,Shale
mywell,2283.5606,119.1395,3.3123,2.3185,0.417848,101.37,8.5,0.0335,Shale
mywell,2283.713,115.2685,3.2852,2.3339,0.37336,97.779,8.5,0.0537,Shale
mywell,2283.8654,117.716,3.2394,2.3786,0.40276,98.618,8.5,0.0388,Shale
mywell,2284.0178,116.1409,3.2916,2.3621,0.402008,98.253,8.5,0.0396,Shale
mywell,2284.1702,122.9718,3.4626,2.362,0.427792,99.49,8.5,0.0322,Shale
mywell,2284.3226,126.493,3.5096,2.3402,0.345664,98.756,8.5,0.0247,Shale
mywell,2284.475,133.2587,3.4058,2.3221,0.311272,99.246,8.5,0.018,Shale
mywell,2284.6274,125.1359,3.3723,2.4043,0.297112,97.39,8.5,0.0219,Shale
mywell,2284.7798,117.4623,3.5555,2.3544,0.429928,98.119,8.5,0.0368,Shale
mywell,2284.9322,109.8777,3.687,2.3441,0.44588,97.133,8.5,0.0485,Shale
mywell,2285.0846,115.7343,3.7723,2.3748,0.3964,99.605,8.5,0.041,Shale
mywell,2285.237,126.9678,4.0567,2.3442,0.417824,96.277,8.5,0.0281,Shale
mywell,2285.3893,127.4627,4.1294,2.3658,0.387248,89.802,8.5,0.03,Shale
mywell,2285.5417,122.131,3.887,2.3829,0.336408,86.526,8.5,0.0272,Shale
mywell,2285.6941,132.6151,3.6717,2.3949,0.277472,87.864,8.5,0.0185,Shale
mywell,2285.8465,133.2198,3.7335,2.4773,0.314696,94.075,8.5,0.0202,Shale
mywell,2285.9989,127.5577,3.9016,2.4076,0.398328,97.721,8.5,0.0306,Shale
mywell,2286.1513,116.231,3.8375,2.3951,0.392056,101.842,8.5,0.0379,Shale
mywell,2286.3037,123.205,3.3747,2.2918,0.397952,105.471,8.5,0.0301,Shale
mywell,2286.4561,133.3278,3.0228,2.3138,0.48232,104.88,8.5,0.0332,Shale
mywell,2286.6085,140.978,2.899,2.3338,0.450264,103.387,8.5,0.0301,Shale
mywell,2286.7609,137.3021,2.8296,2.3201,0.42024,102.383,8.5,0.0323,Shale
mywell,2286.9133,130.9787,2.7328,2.2912,0.420992,99.895,8.5,0.0369,Shale
mywell,2287.0657,125.2448,2.6388,2.3436,0.48548,99.255,8.5,0.0283,Shale
mywell,2287.2181,122.0226,2.5894,2.2369,0.412592,100.738,8.5,0.0408,Shale
mywell,2287.3705,115.2127,2.5305,2.4056,0.417952,99.138,8.5,0.0587,Shale
mywell,2287.5229,115.4367,2.5211,2.2681,0.291024,99.621,8.5,0.0305,Shale
mywell,2287.6753,117.4805,2.5964,2.4565,0.403088,102.353,8.5,0.0378,Shale
mywell,2287.8277,117.7023,2.7597,2.3737,0.452608,104.111,8.5,0.0345,Shale
mywell,2287.9801,116.2894,2.8751,2.1448,0.556168,107.225,8.5,0.0408,Shale
mywell,2288.1325,120.3621,3.0724,2.2313,0.456808,106.754,8.5,0.0377,Shale
mywell,2288.2849,128.7843,3.4212,2.2707,0.459968,104.518,8.5,0.0279,Shale
mywell,2288.4373,140.4306,3.3942,2.3027,0.399488,98.92,8.5,0.0248,Shale
mywell,2288.5897,137.5797,3.1867,2.3576,0.427768,101.479,8.5,0.0311,Shale
mywell,2288.7421,128.9315,3.0045,2.3679,0.290112,93.812,8.5,0.019,Shale
mywell,2288.8945,125.5428,3.2064,2.4166,0.309832,96.726,8.5,0.0223,Shale
mywell,2289.0469,125.6846,3.5532,2.4438,0.428048,99.478,8.5,0.033,Shale
mywell,2289.1993,128.9636,3.5947,2.44,0.487528,100.988,8.5,0.0341,Shale
mywell,2289.3517,120.8387,3.4115,2.2257,0.501888,105.712,8.5,0.0393,Shale
mywell,2289.5041,118.415,3.0568,2.3589,0.367088,102.898,8.5,0.033,Shale
mywell,2289.6565,118.276,2.8933,2.3094,0.451312,101.139,8.5,0.037,Shale
mywell,2289.8089,113.9489,2.6232,2.3378,0.3528,99.513,8.5,0.0471,Shale
mywell,2289.9613,117.9505,2.5238,2.4104,0.373824,99.748,8.5,0.0416,Shale
mywell,2290.1137,118.9006,2.4724,2.2434,0.430544,101.362,8.5,0.0335,Shale
mywell,2290.2661,123.1607,2.5166,2.4077,0.506392,101.995,8.5,0.0316,Shale
mywell,2290.4185,123.0323,2.4267,2.2215,0.48716,102.0,8.5,0.0326,Shale
mywell,2290.5709,125.3394,2.2584,2.3004,0.425496,103.612,8.5,0.0277,Shale
mywell,2290.7233,128.1039,2.2719,2.3238,0.437896,105.485,8.5,0.0294,Shale
mywell,2290.8757,130.7975,2.3414,2.3865,0.332848,104.756,8.5,0.0235,Shale
mywell,2291.0281,131.5302,2.4799,2.2997,0.358784,106.61,8.5,0.0321,Shale
mywell,2291.1805,125.96,2.5623,2.2613,0.5078,103.401,8.5,0.0277,Shale
mywell,2291.3329,125.0103,2.5025,2.3781,0.390952,100.771,8.5,0.0303,Shale
mywell,2291.4853,118.9716,2.4028,2.3562,0.412816,98.642,8.5,0.0371,Shale
mywell,2291.6377,116.6414,2.2244,2.3788,0.402088,101.725,8.5,0.0389,Shale
mywell,2291.7901,116.251,2.3847,2.3641,0.470448,101.998,8.5,0.0353,Shale
mywell,2291.9425,115.0804,2.4168,2.3521,0.374776,104.232,8.5,0.0482,Shale
mywell,2292.0949,122.3691,2.3664,2.3421,0.430544,107.846,8.5,0.0389,Shale
mywell,2292.2473,124.9655,2.2251,2.3658,0.489528,104.651,8.5,0.0284,Shale
mywell,2292.3997,124.1904,2.1089,2.3948,0.526704,105.865,8.5,0.0289,Shale
mywell,2292.5521,119.6595,2.105,2.393,0.441688,105.751,8.5,0.0358,Shale
mywell,2292.7045,122.0792,2.104,2.3345,0.402312,103.766,8.5,0.0358,Shale
mywell,2292.8569,122.9521,2.0723,2.3479,0.556752,105.61,8.5,0.0284,Shale
mywell,2293.0093,128.8902,2.0293,2.3788,0.436976,103.269,8.5,0.0318,Shale
mywell,2293.1617,131.5261,2.024,2.3889,0.436,102.382,8.5,0.0382,Shale
mywell,2293.3141,137.2381,2.0597,2.4188,0.372512,102.251,8.5,0.0346,Shale
mywell,2293.4665,130.8112,2.066,2.4398,0.492032,103.614,8.5,0.0419,Shale
mywell,2293.6189,132.2301,2.0819,2.3755,0.40372,103.253,8.5,0.036,Shale
mywell,2293.7713,123.4687,2.0384,2.3442,0.415896,105.234,8.5,0.0297,Shale
mywell,2293.9237,129.0058,2.0072,2.3986,0.479488,105.87,8.5,0.0307,Shale
mywell,2294.0761,124.6058,1.9991,2.3712,0.462144,105.503,8.5,0.0294,Shale
mywell,2294.2285,127.545,1.9534,2.4127,0.398512,105.252,8.5,0.0302,Shale
mywell,2294.3809,118.8265,1.9153,2.3971,0.428752,104.506,8.5,0.0354,Shale
mywell,2294.5333,108.3271,1.8704,2.403,0.405192,103.012,8.5,0.0558,Shale
mywell,2294.6857,104.9644,1.869,2.4308,0.432776,105.728,8.5,0.0606,Shale
mywell,2294.8381,105.1225,1.8759,2.3715,0.396296,105.254,8.5,0.0522,Shale
mywell,2294.9905,116.5181,1.8611,2.4672,0.404928,106.118,8.5,0.043,Shale
mywell,2295.1429,117.1387,1.8402,2.4035,0.473448,101.413,8.5,0.0392,Shale
mywell,2295.2953,123.9144,1.8202,2.405,0.462096,104.971,8.5,0.0306,Shale
mywell,2295.4477,119.2967,1.82,2.4318,0.515568,106.364,8.5,0.0373,Shale
mywell,2295.6001,118.019,1.8002,2.4717,0.422752,107.491,8.5,0.0382,Shale
mywell,2295.7525,117.4683,1.7831,2.4274,0.504336,107.5,8.5,0.0379,Shale
mywell,2295.9049,117.0116,1.786,2.4191,0.44052,108.244,8.5,0.0419,Shale
mywell,2296.0573,117.6826,1.7969,2.4835,0.379488,108.25,8.5,0.0382,Shale
mywell,2296.2097,119.0331,1.9051,2.4156,0.462328,107.63,8.5,0.0379,Shale
mywell,2296.3621,118.2702,1.9744,2.417,0.430264,107.129,8.5,0.0379,Shale
mywell,2296.5145,124.7487,2.1089,2.4358,0.381392,107.001,8.5,0.0293,Shale
mywell,2296.6669,120.0116,2.2439,2.5104,0.451432,87.154,8.5,0.0421,Shale
mywell,2296.8193,122.8508,2.3492,2.4346,0.475808,89.4125,8.5,0.0357,Shale
mywell,2296.9717,107.5178,2.4641,2.4251,0.438304,91.8515,8.5,0.067,Shale
mywell,2297.1241,104.4567,3.1515,2.4111,0.342768,93.9443,8.5,0.042,Shale
mywell,2297.2765,96.0744,4.5805,2.4517,0.239824,93.6594,8.5,0.0429,Shale
mywell,2297.4289,97.6408,6.0264,2.5304,0.175512,93.3544,8.5,0.0394,Shale
mywell,2297.5813,99.9544,7.9139,2.5598,0.226584,93.0494,8.5,0.0378,Shale
mywell,2297.7337,103.3141,7.8645,2.5074,0.23196,92.4885,8.5,0.0331,Shale
mywell,2297.8861,106.0869,7.7549,2.4822,0.272672,91.8799,8.5,0.0325,Shale
mywell,2298.0385,100.2413,7.6617,2.4384,0.280936,91.2699,8.5,0.0385,Shale
mywell,2298.1909,97.4432,7.6531,2.4033,0.291912,94.5912,8.5,0.046,Shale
mywell,2298.3433,102.5675,7.4665,2.399,0.295968,100.9678,8.5,0.0314,Shale
mywell,2298.4957,101.6765,6.1427,2.4774,0.41504,107.3688,8.5,0.0724,Shale
mywell,2298.6481,110.8053,5.1856,2.5504,0.46064,111.3612,8.5,0.06,Shale
mywell,2298.8005,110.0447,4.6036,2.309,0.43124,109.2771,8.5,0.0433,Shale
mywell,2298.9529,110.3356,4.3818,2.5074,0.52028,107.1431,8.5,0.0526,Shale
mywell,2299.1053,108.2578,4.1856,2.139,0.452552,105.013,8.5,0.0573,Shale
mywell,2299.2577,109.8292,4.188,2.262,0.426208,103.7858,8.5,0.0443,Shale
mywell,2299.4101,114.3973,4.2743,2.3066,0.433936,102.5667,8.5,0.0494,Shale
mywell,2299.5625,120.5983,4.3097,2.3358,0.375472,101.3477,8.5,0.0351,Shale
mywell,2299.7149,127.5117,4.2336,2.4025,0.437496,101.4402,8.5,0.0291,Shale
mywell,2299.8673,128.8516,4.1685,2.3713,0.445936,102.0451,8.5,0.0285,Shale
mywell,2300.0197,119.5203,4.0648,2.3581,0.399376,102.6551,8.5,0.033,Shale
mywell,2300.1721,116.3747,3.9906,2.3302,0.424792,103.2641,8.5,0.0353,Shale
mywell,2300.3245,115.2092,3.9473,2.3201,0.430952,103.8741,8.5,0.0494,Shale
mywell,2300.4769,118.9279,3.952,2.318,0.444888,104.4841,8.5,0.0338,Shale
mywell,2300.6293,117.841,3.8726,2.3438,0.354728,105.0445,8.5,0.0318,Shale
mywell,2300.7817,119.6444,3.877,2.3341,0.469072,105.3515,8.5,0.0334,Shale
mywell,2300.9341,124.3045,3.8572,2.3181,0.466032,105.6566,8.5,0.0276,Shale
mywell,2301.0865,125.0116,3.8421,2.322,0.452112,105.9615,8.5,0.0262,Shale
mywell,2301.2389,126.6102,3.9868,2.3726,0.502592,103.0713,8.5,0.0283,Shale
mywell,2301.3913,125.1707,4.5207,2.3115,0.495064,99.7218,8.5,0.0296,Shale
mywell,2301.5437,121.9499,5.1797,2.2892,0.411672,96.3688,8.5,0.0466,Shale
mywell,2301.6961,126.6866,6.047,2.3803,0.367352,98.7307,8.5,0.0286,Shale
mywell,2301.8485,127.0087,7.292,2.381,0.390808,95.278,8.5,0.0292,Shale
mywell,2302.0009,124.7383,9.5737,2.5278,0.42076,93.39,8.5,0.0332,Shale
mywell,2302.1533,114.6522,12.0432,2.5191,0.329736,88.539,8.5,0.0355,Shale
mywell,2302.3057,100.5332,16.026,2.4952,0.283368,78.952,8.5,0.038,Shale
mywell,2302.4581,91.4553,21.7302,2.5714,0.232408,74.783,8.5,0.0731,Shale
mywell,2302.6105,76.2808,29.9709,2.6722,0.166528,74.626,8.5,0.1015,Silty Sand
mywell,2302.7629,62.1123,44.3416,2.5728,0.128304,79.337,8.5,0.1548,Silty Sand
mywell,2302.9153,51.5056,72.5147,2.4936,0.115104,90.783,8.5,0.2621,Silty Sand
mywell,2303.0677,45.6218,111.6343,2.24,0.167576,102.283,8.5,0.3795,Silty Sand
mywell,2303.2201,41.5881,194.5537,2.115,0.185856,106.343,8.5,0.6579,Sandstone
mywell,2303.3725,36.4174,317.7914,2.1319,0.16616,108.359,8.5,0.629,Sandstone
mywell,2303.5249,35.8403,414.2639,2.136,0.226512,107.011,8.5,0.6779,Sandstone
mywell,2303.6773,35.0841,445.7333,2.1241,0.200216,105.264,8.5,0.6413,Sandstone
mywell,2303.8297,34.7328,485.4933,2.1389,0.233728,105.622,8.5,0.6508,Sandstone
mywell,2303.9821,28.9347,551.4584,2.1063,0.19928,105.005,8.5,0.6385,Sandstone
mywell,2304.1345,27.6113,630.8866,2.1586,0.196024,102.768,8.5,0.7001,Sandstone
mywell,2304.2869,27.225,669.8737,2.1243,0.21088,104.238,8.5,0.7132,Sandstone
mywell,2304.4393,35.7304,707.6746,2.1409,0.197112,102.762,8.5,0.6377,Sandstone
mywell,2304.5917,39.9029,776.3763,2.1529,0.210888,101.014,8.5,0.6772,Sandstone
mywell,2304.7441,36.5453,836.92,2.1669,0.187192,100.628,8.5,0.665,Sandstone
mywell,2304.8965,31.925,866.9507,2.1452,0.160216,100.873,8.5,0.6162,Sandstone
mywell,2305.0489,28.5965,719.8265,2.1182,0.162976,100.379,8.5,0.6119,Sandstone
mywell,2305.2013,33.0588,617.4095,2.0674,0.176888,100.995,8.5,0.6282,Sandstone
mywell,2305.3537,34.8618,493.9254,2.0114,0.215688,102.736,8.5,0.6192,Sandstone
mywell,2305.5061,34.2233,469.9067,2.0328,0.31024,100.394,8.5,0.6532,Sandstone
mywell,2305.6585,34.218,471.5185,2.0796,0.297112,100.375,8.5,0.6253,Sandstone
mywell,2305.8109,29.0814,439.6957,2.0959,0.309896,100.871,8.5,0.6581,Sandstone
mywell,2305.9633,23.9054,441.6779,2.1426,0.327856,100.503,8.5,0.6854,Sandstone
mywell,2306.1157,24.5941,410.0046,2.1122,0.350816,100.996,8.5,0.7244,Sandstone
mywell,2306.2681,27.8131,387.2117,2.1219,0.340088,102.488,8.5,0.7011,Sandstone
mywell,2306.4205,33.546,389.8056,2.126,0.297344,103.244,8.5,0.5939,Sandstone
mywell,2306.5729,31.4671,386.226,2.1181,0.308904,104.242,8.5,0.6183,Sandstone
mywell,2306.7253,32.7227,435.9933,2.1428,0.352648,103.63,8.5,0.6661,Sandstone
mywell,2306.8777,26.402,510.9437,2.1083,0.261736,103.501,8.5,0.6554,Sandstone
mywell,2307.0301,29.6583,514.7173,2.1358,0.30068,104.244,8.5,0.6008,Sandstone
mywell,2307.1825,28.2803,465.8364,2.1043,0.33076,104.746,8.5,0.7039,Sandstone
mywell,2307.3349,31.3422,364.8384,2.1159,0.34588,104.626,8.5,0.707,Sandstone
mywell,2307.4873,35.7437,281.6444,2.1368,0.32616,104.377,8.5,0.6768,Sandstone
mywell,2307.6397,38.4088,261.2194,2.1082,0.28136,103.879,8.5,0.5968,Sandstone
mywell,2307.7921,39.045,257.2864,2.1001,0.281,102.883,8.5,0.5973,Sandstone
mywell,2307.9445,33.4025,260.7607,2.1198,0.274056,102.131,8.5,0.5992,Sandstone
mywell,2308.0969,32.0307,226.7109,2.1279,0.263088,100.513,8.5,0.6163,Sandstone
mywell,2308.2493,29.6868,100.2527,2.122,0.2382,101.244,8.5,0.4427,Sandstone
mywell,2308.4017,32.8484,55.7596,2.1488,0.293552,101.002,8.5,0.3192,Sandstone
mywell,2308.5541,38.5711,42.9108,2.1956,0.277136,99.636,8.5,0.2887,Sandstone
mywell,2308.7065,50.7908,39.4997,2.2079,0.289896,99.005,8.5,0.2167,Silty Sand
mywell,2308.8589,62.1621,34.8642,2.2239,0.287024,98.876,8.5,0.2051,Silty Sand
mywell,2309.0113,65.9403,31.0911,2.1595,0.299896,99.123,8.5,0.166,Silty Sand
mywell,2309.1637,67.8836,28.2794,2.1431,0.273216,99.745,8.5,0.1535,Silty Sand
mywell,2309.3161,66.9774,26.5746,2.139,0.318632,99.75,8.5,0.1582,Silty Sand
mywell,2309.4685,71.7564,25.447,2.1489,0.336856,99.874,8.5,0.1544,Silty Sand
mywell,2309.6209,78.9354,23.6157,2.1768,0.337,99.503,8.5,0.1497,Silty Sand
mywell,2309.7733,79.1349,20.5655,2.181,0.294344,99.872,8.5,0.1251,Silty Sand
mywell,2309.9257,79.8473,15.3667,2.1671,0.29896,100.991,8.5,0.051,Silty Sand
mywell,2310.0781,82.9074,13.0722,2.1591,0.374392,100.876,8.5,0.0777,Silty Sand
mywell,2310.2305,105.003,11.5253,2.2413,0.395832,100.627,8.5,0.0527,Shale
mywell,2310.3829,119.8844,10.4734,2.3214,0.299776,99.261,8.5,0.0242,Shale
mywell,2310.5353,141.2854,9.4809,2.2833,0.316856,98.134,8.5,0.0105,Shale
mywell,2310.6877,148.3345,9.1099,2.2592,0.28724,99.241,8.5,0.014,Shale
mywell,2310.8401,145.5419,8.7985,2.3255,0.349496,98.01,8.5,0.03,Shale
mywell,2310.9925,149.2063,8.7514,2.32,0.383728,97.628,8.5,0.0298,Shale
mywell,2311.1449,148.6686,8.6002,2.2714,0.331424,98.493,8.5,0.0294,Shale
mywell,2311.2973,140.3739,8.8658,2.2591,0.337944,98.5,8.5,0.0175,Shale
mywell,2311.4497,129.5696,9.0019,2.2421,0.30824,98.128,8.5,0.0153,Shale
mywell,2311.6021,123.4437,8.758,2.2341,0.308,97.381,8.5,0.0222,Shale
mywell,2311.7545,118.7475,8.4435,2.2459,0.328832,95.391,8.5,0.0232,Shale
mywell,2311.9069,123.6224,7.9708,2.3234,0.29924,94.879,8.5,0.0226,Shale
mywell,2312.0593,128.62,7.477,2.3885,0.293048,91.279,8.5,0.0186,Shale
mywell,2312.2117,135.237,6.857,2.3731,0.290024,91.622,8.5,0.0154,Shale
mywell,2312.3641,131.1166,6.3858,2.4246,0.396144,92.369,8.5,0.0381,Shale
mywell,2312.5165,128.1516,5.8989,2.423,0.355336,93.243,8.5,0.0346,Shale
mywell,2312.6689,124.3713,5.4417,2.4151,0.372856,95.358,8.5,0.0385,Shale
mywell,2312.8213,128.0977,5.1364,2.3664,0.37796,97.607,8.5,0.0371,Shale
mywell,2312.9737,129.3482,4.7967,2.3789,0.378,96.261,8.5,0.0296,Shale
mywell,2313.1261,124.893,4.5083,2.3602,0.46232,99.722,8.5,0.0289,Shale
mywell,2313.2785,129.0799,4.3979,2.3382,0.339992,96.526,8.5,0.019,Shale
mywell,2313.4309,130.0316,4.2264,2.4045,0.417368,98.732,8.5,0.0339,Shale
mywell,2313.5833,132.4367,4.101,2.401,0.451728,97.51,8.5,0.0373,Shale
mywell,2313.7357,131.6336,3.9006,2.4496,0.403392,97.624,8.5,0.038,Silty Sand
mywell,2313.8881,128.0072,3.7155,2.2417,0.408952,97.749,8.5,0.032,Shale
mywell,2314.0405,120.9616,3.5146,2.491,0.370312,93.906,8.5,0.0467,Shale
mywell,2314.1929,114.823,3.4049,2.3878,0.381904,97.347,8.5,0.0576,Shale
mywell,2314.3453,113.6897,3.2988,2.2491,0.384976,100.103,8.5,0.049,Shale
mywell,2314.4977,114.4647,3.1452,2.3065,0.497096,105.457,8.5,0.05,Shale
mywell,2314.6501,118.5957,2.9188,2.1969,0.397808,106.864,8.5,0.0382,Shale
mywell,2314.8025,117.9296,2.7097,2.2079,0.488264,104.271,8.5,0.037,Shale
mywell,2314.9549,121.4555,2.4263,2.3955,0.534632,104.498,8.5,0.0385,Shale
mywell,2315.1073,120.9186,2.2633,2.2998,0.519128,101.4,8.5,0.036,Shale
mywell,2315.2597,119.0034,2.1945,2.305,0.416824,104.723,8.5,0.0338,Shale
mywell,2315.4121,117.7162,2.2029,2.2445,0.447744,104.13,8.5,0.0339,Shale
mywell,2315.5645,115.2319,2.2655,2.3353,0.501568,98.669,8.5,0.0541,Shale
mywell,2315.7169,115.3042,2.27,2.2348,0.38792,101.477,8.5,0.0493,Shale
mywell,2315.8693,113.5333,2.1301,2.2648,0.399896,96.292,8.5,0.0493,Shale
mywell,2316.0217,116.3591,2.0754,2.2967,0.401984,98.11,8.5,0.0404,Shale
mywell,2316.1741,121.4085,2.1226,2.4706,0.538896,103.705,8.5,0.0411,Shale
mywell,2316.3265,120.0532,2.2272,2.4075,0.432864,102.634,8.5,0.0359,Shale
mywell,2316.4789,113.5037,2.2588,2.3128,0.41712,106.717,8.5,0.0443,Shale
mywell,2316.6313,103.1272,2.0993,2.3259,0.482472,104.27,8.5,0.0493,Shale
mywell,2316.7837,111.7597,1.9839,2.2913,0.494904,103.506,8.5,0.0444,Shale
mywell,2316.9361,111.4739,1.8511,2.4061,0.408696,103.004,8.5,0.0467,Shale
mywell,2317.0885,112.1069,1.8064,2.2959,0.42288,106.72,8.5,0.0446,Shale
mywell,2317.2409,112.356,1.7991,2.2285,0.490456,107.742,8.5,0.0458,Shale
mywell,2317.3933,120.5123,1.8536,2.1397,0.4166,102.294,8.5,0.0416,Shale
mywell,2317.5457,124.3456,1.9215,1.9833,0.463616,102.25,8.5,0.0322,Shale
mywell,2317.6981,124.4067,1.8903,2.2588,0.401504,101.01,8.5,0.0322,Shale
mywell,2317.8505,123.3664,1.9217,2.265,0.362312,103.356,8.5,0.0302,Shale
mywell,2318.0029,122.3362,2.0321,2.2402,0.429456,105.111,8.5,0.0412,Shale
mywell,2318.1553,123.4014,2.2006,2.2827,0.453808,105.869,8.5,0.0292,Shale
mywell,2318.3077,129.6556,2.3925,2.2612,0.436144,102.899,8.5,0.0353,Shale
mywell,2318.4601,122.5328,2.4704,2.261,0.49552,102.999,8.5,0.0407,Shale
mywell,2318.6125,115.2443,2.5107,2.2422,0.468224,104.24,8.5,0.0498,Shale
mywell,2318.7649,116.8545,2.4882,2.3452,0.410464,106.358,8.5,0.0375,Shale
mywell,2318.9173,122.5046,2.4692,2.2954,0.438768,107.491,8.5,0.0399,Shale
mywell,2319.0697,121.8258,2.4422,2.3029,0.428088,106.136,8.5,0.0372,Shale
mywell,2319.2221,120.7476,2.4083,2.2951,0.458752,105.257,8.5,0.0368,Shale
mywell,2319.3745,123.2438,2.3882,2.2444,0.502648,103.018,8.5,0.0302,Shale
mywell,2319.5269,129.1386,2.3483,2.3273,0.397848,104.24,8.5,0.0304,Shale
mywell,2319.6793,126.6475,2.3242,2.1405,0.432712,105.242,8.5,0.0304,Shale
mywell,2319.8317,129.3857,2.2942,2.2779,0.427048,107.73,8.5,0.0293,Shale
mywell,2319.9841,129.4576,2.2077,2.3703,0.3774,107.75,8.5,0.0299,Shale
mywell,2320.1365,121.2611,2.1743,2.2212,0.438504,107.998,8.5,0.0407,Shale
mywell,2320.2889,119.0483,2.1353,2.2666,0.471736,107.752,8.5,0.0342,Shale
mywell,2320.4413,111.2031,2.1062,2.265,0.479936,107.998,8.5,0.0475,Shale
mywell,2320.5937,113.8234,2.0673,2.3553,0.402624,108.0,8.5,0.0432,Shale
mywell,2320.7461,120.4964,2.0591,2.2895,0.423824,107.256,8.5,0.0367,Shale
mywell,2320.8985,122.662,2.0263,2.291,0.494432,107.994,8.5,0.0399,Shale
mywell,2321.0509,121.6731,2.0577,2.3158,0.50492,106.76,8.5,0.0372,Shale
mywell,2321.2033,127.7976,2.0749,2.2505,0.439528,106.006,8.5,0.0261,Shale
mywell,2321.3557,122.7848,2.0641,2.3353,0.475704,106.0,8.5,0.0284,Shale
mywell,2321.5081,128.1157,2.0342,2.2487,0.492864,106.496,8.5,0.0289,Shale
mywell,2321.6605,126.1968,1.9913,2.3512,0.407688,107.988,8.5,0.0254,Silty Sand
mywell,2321.8129,121.96,2.0049,2.2974,0.44668,108.992,8.5,0.0372,Shale
mywell,2321.9653,118.4639,2.0298,2.3218,0.447,108.256,8.5,0.0342,Shale
mywell,2322.1177,113.5653,2.0846,2.2912,0.46188,106.514,8.5,0.0446,Shale
mywell,2322.2701,122.8181,2.1009,2.3356,0.533424,105.756,8.5,0.0284,Shale
mywell,2322.4225,118.176,2.0574,2.2428,0.43976,105.254,8.5,0.0343,Shale
mywell,2322.5749,117.7779,2.0024,2.2827,0.413208,105.25,8.5,0.0342,Shale
mywell,2322.7273,117.8097,1.9415,2.285,0.426888,105.746,8.5,0.0342,Shale
mywell,2322.8797,106.5657,1.94,2.3356,0.421048,109.222,8.5,0.0545,Shale
mywell,2323.0321,111.5779,1.9539,2.2527,0.45076,107.762,8.5,0.0448,Shale
mywell,2323.1845,111.0903,1.96,2.2887,0.400408,110.23,8.5,0.0436,Shale
mywell,2323.3369,124.3431,1.8985,2.291,0.406944,108.638,8.5,0.0276,Shale
mywell,2323.4893,122.9987,1.8821,2.2811,0.41692,109.741,8.5,0.0292,Shale
mywell,2323.6417,113.2446,1.8403,2.2949,0.554888,109.75,8.5,0.0446,Shale
mywell,2323.7941,113.3227,1.8588,2.2811,0.452832,109.874,8.5,0.0446,Shale
mywell,2323.9465,112.585,1.8491,2.3118,0.518464,109.999,8.5,0.0443,Shale
mywell,2324.0989,121.5259,1.8351,2.2634,0.502136,110.248,8.5,0.0372,Shale
mywell,2324.2513,117.2778,1.83,2.2848,0.446448,110.25,8.5,0.0378,Shale
mywell,2324.4037,120.5097,1.7983,2.3257,0.529328,109.7838,8.5,0.0358,Shale
mywell,2324.5561,118.2822,1.792,2.2873,0.42088,109.4774,8.5,0.0342,Shale
mywell,2324.7085,119.4851,1.7741,2.2652,0.441824,109.1724,8.5,0.0342,Shale
mywell,2324.8609,120.983,1.774,2.261,0.43704,107.932,8.5,0.0368,Shale
mywell,2325.0133,127.7396,1.8702,2.2987,0.450888,105.5035,8.5,0.0272,Shale
mywell,2325.1657,123.1604,1.9702,2.299,0.415288,103.0645,8.5,0.0298,Shale
mywell,2325.3181,123.123,2.0732,2.2851,0.522136,103.045,8.5,0.0298,Shale
mywell,2325.4705,130.4221,2.2516,2.2691,0.484312,98.6276,8.5,0.0369,Shale
mywell,2325.6229,125.1282,2.5228,2.3117,0.441344,83.7765,8.5,0.0292,Shale
mywell,2325.7753,126.0165,2.6609,2.2812,0.368584,68.8415,8.5,0.0409,Shale
mywell,2325.9277,109.2483,2.7295,2.4705,0.269792,53.9055,8.5,0.0308,Shale
mywell,2326.0801,107.5397,3.0445,2.5285,0.30868,61.0653,8.5,0.0377,Shale
mywell,2326.2325,105.791,3.6412,2.65,0.384392,71.4041,8.5,0.0733,Shale
mywell,2326.3849,102.062,4.0458,2.4189,0.395912,81.7681,8.5,0.0732,Shale
mywell,2326.5373,96.0909,4.1819,2.4091,0.283904,82.8668,8.5,0.0405,Shale
mywell,2326.6897,93.9062,3.6404,2.5786,0.331608,84.983,8.5,0.051,Shale
mywell,2326.8421,86.9281,3.2511,2.5354,0.422272,90.208,8.5,0.078,Shale
mywell,2326.9945,87.5079,2.8026,2.5618,0.314872,86.778,8.5,0.0453,Shale
mywell,2327.1469,84.8277,2.4826,2.3805,0.445936,97.662,8.5,0.0743,Silty Sand
mywell,2327.2993,95.7944,2.3491,2.0397,0.517432,96.51,8.5,0.0641,Shale
mywell,2327.4517,103.2357,2.221,2.1174,0.563632,103.196,8.5,0.0531,Shale
mywell,2327.6041,109.622,2.0226,2.2519,0.527296,105.978,8.5,0.0487,Shale
mywell,2327.7565,100.1706,1.8067,2.1955,0.44268,106.0,8.5,0.0693,Shale
mywell,2327.9089,92.5111,1.6413,2.2515,0.502512,106.0,8.5,0.0656,Shale
mywell,2328.0613,102.0506,1.5815,2.3254,0.46332,106.0,8.5,0.0595,Shale
mywell,2328.2137,105.8103,1.5889,2.1623,0.478872,106.0,8.5,0.0584,Shale
mywell,2328.3661,107.8478,1.6168,2.3425,0.497848,106.0,8.5,0.0565,Shale
mywell,2328.5185,104.1162,1.6587,2.3033,0.482128,106.0,8.5,0.0546,Shale
mywell,2328.6709,110.4021,1.663,2.2613,0.428432,106.0,8.5,0.0475,Shale
mywell,2328.8233,117.7214,1.658,2.1916,0.44784,106.0,8.5,0.0382,Shale
mywell,2328.9757,115.2107,1.6342,2.3547,0.468832,106.0,8.5,0.0487,Shale
mywell,2329.1281,110.1913,1.6628,2.3163,0.406504,106.0,8.5,0.0471,Shale
mywell,2329.2805,108.5826,1.6799,2.3656,0.481392,106.0,8.5,0.049,Shale
mywell,2329.4329,112.8624,1.6909,2.3561,0.41752,106.0,8.5,0.0432,Shale
mywell,2329.5853,115.4911,1.6593,2.3054,0.435848,105.504,8.5,0.0366,Shale
mywell,2329.7377,109.7058,1.6114,2.3804,0.436,106.368,8.5,0.0493,Shale
mywell,2329.8901,104.2526,1.6031,2.3076,0.518336,105.507,8.5,0.0499,Shale
mywell,2330.0425,106.2962,1.6,2.301,0.477336,106.492,8.5,0.0597,Shale
mywell,2330.1949,108.0153,1.5911,2.2712,0.414504,107.244,8.5,0.0568,Shale
mywell,2330.3473,105.2077,1.5821,2.3087,0.410032,108.366,8.5,0.0514,Shale
mywell,2330.4997,105.4082,1.5641,2.309,0.447696,108.375,8.5,0.0514,Shale
mywell,2330.6521,103.2851,1.4926,2.2773,0.46784,107.507,8.5,0.0546,Shale
mywell,2330.8045,104.4663,1.498,2.3534,0.481888,106.26,8.5,0.0542,Shale
mywell,2330.9569,104.5167,1.5149,2.3242,0.434384,105.01,8.5,0.0499,Shale
mywell,2331.1093,102.3366,1.516,2.3478,0.432016,107.48,8.5,0.0595,Shale
mywell,2331.2617,102.44,1.5339,2.2915,0.46176,104.896,8.5,0.0551,Shale
mywell,2331.4141,105.4884,1.531,2.3882,0.3876,105.247,8.5,0.0534,Shale
mywell,2331.5665,116.5004,1.5687,2.3305,0.444536,107.358,8.5,0.0375,Shale
mywell,2331.7189,120.6354,1.5006,2.3439,0.434088,104.399,8.5,0.0354,Shale
mywell,2331.8713,120.544,1.6637,2.2875,0.44392,104.871,8.5,0.0368,Shale
mywell,2332.0237,119.6839,1.7622,2.2652,0.516416,105.867,8.5,0.0342,Shale
mywell,2332.1761,115.0205,1.768,2.3136,0.43764,103.519,8.5,0.0494,Shale
mywell,2332.3285,114.2906,1.8126,2.3517,0.487592,103.5,8.5,0.0428,Shale
mywell,2332.4809,100.4317,1.8477,2.3659,0.411616,102.136,8.5,0.0566,Shale
mywell,2332.6333,110.4245,1.8659,2.366,0.374296,101.877,8.5,0.0437,Shale
mywell,2332.7857,119.184,1.867,2.362,0.420624,102.247,8.5,0.033,Shale
mywell,2332.9381,129.9259,1.7926,2.4066,0.532104,101.01,8.5,0.0428,Shale
mywell,2333.0905,117.8778,1.9299,2.3485,0.410984,101.248,8.5,0.0326,Shale
mywell,2333.2429,108.236,2.2683,2.3907,0.480432,100.258,8.5,0.0618,Shale
mywell,2333.3953,101.0692,2.5666,2.4307,0.412552,97.646,8.5,0.0683,Shale
mywell,2333.5477,95.0163,3.6394,2.4211,0.335616,95.889,8.5,0.0507,Shale
mywell,2333.7001,94.0653,4.9803,2.3813,0.361784,93.271,8.5,0.0732,Shale
mywell,2333.8525,92.1444,6.5197,2.3562,0.3372,94.366,8.5,0.0473,Shale
mywell,2334.0049,91.9574,7.2829,2.354,0.320136,95.987,8.5,0.0443,Shale
mywell,2334.1573,95.8853,6.5886,2.4006,0.3448,95.38,8.5,0.0477,Shale
mywell,2334.3097,100.9405,6.0642,2.401,0.28548,96.491,8.5,0.0329,Shale
mywell,2334.4621,100.2033,6.1602,2.3425,0.252264,97.368,8.5,0.0369,Shale
mywell,2334.6145,88.3823,6.4318,2.2636,0.230176,97.747,8.5,0.0374,Shale
mywell,2334.7669,67.8776,6.4707,2.2263,0.281584,97.626,8.5,0.0767,Silty Sand
mywell,2334.9193,55.5808,6.3698,2.2498,0.295888,97.997,8.5,0.1166,Silty Sand
mywell,2335.0717,44.5878,6.3829,2.2064,0.298976,96.76,8.5,0.1908,Sandstone
mywell,2335.2241,43.1796,5.4684,2.202,0.30396,96.998,8.5,0.1709,Sandstone
mywell,2335.3765,39.7714,4.8281,2.1732,0.23952,97.0,8.5,0.1782,Sandstone
mywell,2335.5289,44.7457,4.6702,2.2077,0.266776,96.132,8.5,0.1602,Sandstone
mywell,2335.6813,48.8175,4.4508,2.2397,0.272952,96.001,8.5,0.1314,Silty Sand
mywell,2335.8337,54.6105,4.2734,2.2569,0.291848,94.76,8.5,0.1637,Silty Sand
mywell,2335.9861,54.0965,4.0805,2.2689,0.22256,96.362,8.5,0.1267,Silty Sand
mywell,2336.1385,52.7835,3.9173,2.2105,0.288464,98.855,8.5,0.1401,Silty Sand
mywell,2336.2909,56.8759,4.0579,2.1892,0.374312,100.115,8.5,0.1207,Silty Sand
mywell,2336.4433,62.742,3.9786,2.1553,0.3998,102.853,8.5,0.0753,Silty Sand
mywell,2336.5957,61.9736,4.1268,2.1223,0.293856,102.007,8.5,0.0848,Silty Sand
mywell,2336.7481,47.7516,4.0635,2.1528,0.220584,101.132,8.5,0.129,Silty Sand
mywell,2336.9005,35.4949,4.0045,2.2076,0.226944,99.761,8.5,0.1967,Sandstone
mywell,2337.0529,30.2961,3.9137,2.2298,0.232952,97.89,8.5,0.2389,Sandstone
mywell,2337.2053,32.857,3.8465,2.2379,0.266728,97.007,8.5,0.2057,Sandstone
mywell,2337.3577,38.833,3.7686,2.2201,0.249144,94.644,8.5,0.184,Sandstone
mywell,2337.5101,48.3814,3.7452,2.1734,0.241064,91.649,8.5,0.1389,Silty Sand
mywell,2337.6625,59.3174,3.6508,2.2018,0.288616,90.385,8.5,0.1232,Silty Sand
mywell,2337.8149,63.8968,3.5508,2.2179,0.296936,89.259,8.5,0.0814,Silty Sand
mywell,2337.9673,58.7369,3.431,2.2081,0.251368,88.258,8.5,0.0949,Silty Sand
mywell,2338.1197,52.0198,3.312,2.1911,0.230168,88.994,8.5,0.119,Silty Sand
mywell,2338.2721,41.6591,3.19,2.1999,0.267696,88.256,8.5,0.1652,Sandstone
mywell,2338.4245,42.2367,3.0561,2.2198,0.21344,88.622,8.5,0.173,Sandstone
mywell,2338.5769,55.1033,2.93,2.1635,0.191176,88.873,8.5,0.0813,Silty Sand
mywell,2338.7293,97.4801,2.803,2.1947,0.244568,88.379,8.5,0.041,Shale
mywell,2338.8817,196.3396,2.7613,2.2684,0.455304,87.259,8.5,0.0147,Shale
mywell,2339.0341,265.8965,2.638,2.4297,0.465928,87.126,8.5,0.0149,Silty Sand
mywell,2339.1865,266.7337,2.6072,2.4816,0.308272,86.381,8.5,0.0056,Shale
mywell,2339.3389,184.5596,2.612,2.3005,0.235576,88.359,8.5,0.0125,Shale
mywell,2339.4913,105.6737,2.5436,2.2385,0.224088,88.747,8.5,0.033,Shale
mywell,2339.6437,63.8134,2.4557,2.2221,0.252768,89.37,8.5,0.0759,Silty Sand
mywell,2339.7961,50.1029,2.3756,2.1853,0.225224,90.615,8.5,0.1358,Silty Sand
mywell,2339.9485,53.843,2.3165,2.1949,0.247816,90.625,8.5,0.1324,Silty Sand
mywell,2340.1009,61.2188,2.319,2.1672,0.229152,90.501,8.5,0.0947,Silty Sand
mywell,2340.2533,66.1735,2.2892,2.1789,0.257768,90.376,8.5,0.0809,Silty Sand
mywell,2340.4057,56.668,2.2791,2.185,0.25304,90.375,8.5,0.1054,Silty Sand
mywell,2340.5581,49.9704,2.274,2.181,0.206376,90.375,8.5,0.1292,Silty Sand
mywell,2340.7105,47.4519,2.276,2.2098,0.22088,90.251,8.5,0.1473,Silty Sand
mywell,2340.8629,55.1448,2.2343,2.206,0.248776,89.878,8.5,0.1062,Silty Sand
mywell,2341.0153,65.9841,2.2181,2.1981,0.26884,88.759,8.5,0.0728,Silty Sand
mywell,2341.1677,83.8556,2.1853,2.2258,0.233288,88.254,8.5,0.034,Silty Sand
mywell,2341.3201,90.9728,2.1761,2.23,0.250856,87.754,8.5,0.0398,Shale
mywell,2341.4725,87.1552,2.177,2.2201,0.27084,86.758,8.5,0.0326,Shale
mywell,2341.6249,74.8678,2.1859,2.2517,0.18172,87.246,8.5,0.0497,Silty Sand
mywell,2341.7773,63.3223,2.188,2.25,0.214728,86.878,8.5,0.0736,Silty Sand
mywell,2341.9297,56.9615,2.2168,2.2401,0.218968,86.875,8.5,0.0918,Silty Sand
mywell,2342.0821,51.9093,2.2468,2.2569,0.211064,86.999,8.5,0.1182,Silty Sand
mywell,2342.2345,48.1361,2.2758,2.2768,0.204056,85.884,8.5,0.1232,Silty Sand
mywell,2342.3869,44.4078,2.3187,2.279,0.201024,85.627,8.5,0.1482,Sandstone
mywell,2342.5393,45.6815,2.3557,2.2631,0.162312,85.501,8.5,0.1236,Silty Sand
mywell,2342.6917,43.6842,2.3828,2.2461,0.22648,86.368,8.5,0.1538,Sandstone
mywell,2342.8441,48.4931,2.4147,2.2569,0.220056,88.111,8.5,0.1302,Silty Sand
mywell,2342.9965,45.9617,2.4467,2.2461,0.268608,89.365,8.5,0.1388,Silty Sand
mywell,2343.1489,50.4834,2.4837,2.2381,0.202536,90.863,8.5,0.1293,Silty Sand
mywell,2343.3013,57.5285,2.4989,2.2261,0.2516,92.859,8.5,0.1019,Silty Sand
mywell,2343.4537,77.7306,2.4643,2.2181,0.282752,94.363,8.5,0.0576,Silty Sand
mywell,2343.6061,97.0515,2.4352,2.214,0.3078,95.367,8.5,0.0437,Shale
mywell,2343.7585,110.0961,2.4191,2.1892,0.29808,96.243,8.5,0.0346,Shale
mywell,2343.9109,108.5801,2.42,2.1533,0.287088,96.87,8.5,0.0333,Shale
mywell,2344.0633,106.1019,2.4329,2.1709,0.269144,96.999,8.5,0.0349,Shale
mywell,2344.2157,92.4172,2.4399,2.1631,0.257096,95.512,8.5,0.0409,Shale
mywell,2344.3681,89.2784,2.44,2.1729,0.253032,96.244,8.5,0.0406,Shale
mywell,2344.5205,84.041,2.4301,2.2157,0.310536,95.878,8.5,0.039,Silty Sand
mywell,2344.6729,90.5502,2.4201,2.222,0.274296,95.875,8.5,0.0411,Shale
mywell,2344.8253,86.0249,2.42,2.1734,0.213488,97.611,8.5,0.036,Shale
mywell,2344.9777,84.0149,2.4438,2.179,0.295336,98.865,8.5,0.0361,Silty Sand
mywell,2345.1301,80.407,2.5005,2.1998,0.302944,99.123,8.5,0.0433,Silty Sand
mywell,2345.2825,80.8006,2.5645,2.1613,0.297048,97.637,8.5,0.0417,Silty Sand
mywell,2345.4349,80.804,2.6334,2.165,0.22756,97.625,8.5,0.0425,Silty Sand
mywell,2345.5873,78.9023,2.6826,2.2215,0.267672,94.525,8.5,0.0541,Silty Sand
mywell,2345.7397,75.9993,2.7078,2.2766,0.219392,90.656,8.5,0.0597,Silty Sand
mywell,2345.8921,70.4466,2.6852,2.2988,0.188248,88.145,8.5,0.0679,Silty Sand
mywell,2346.0445,65.9648,2.6919,2.3357,0.154272,86.761,8.5,0.0706,Silty Sand
mywell,2346.1969,64.7664,2.7297,2.3033,0.278992,86.254,8.5,0.0725,Silty Sand
mywell,2346.3493,83.6338,2.7736,2.305,0.35936,92.326,8.5,0.0721,Silty Sand
mywell,2346.5017,106.115,2.8147,2.2445,0.268736,95.351,8.5,0.0316,Shale
mywell,2346.6541,114.1516,2.8596,2.2083,0.324544,98.847,8.5,0.0344,Shale
mywell,2346.8065,108.4346,2.9066,2.212,0.231752,100.363,8.5,0.0318,Shale
mywell,2346.9589,99.1902,2.9546,2.2457,0.319288,96.779,8.5,0.0498,Shale
mywell,2347.1113,104.7159,2.9927,2.4097,0.348768,94.394,8.5,0.0625,Shale
mywell,2347.2637,118.5558,3.0972,2.4556,0.30436,92.143,8.5,0.0293,Shale
mywell,2347.4161,126.5157,3.1823,2.4173,0.332768,91.629,8.5,0.0246,Shale
mywell,2347.5685,139.5474,3.3249,2.3753,0.354824,91.997,8.5,0.0241,Shale
mywell,2347.7209,137.4607,3.4054,2.3502,0.317304,92.0,8.5,0.0141,Shale
mywell,2347.8733,146.5892,3.3911,2.3748,0.325928,90.636,8.5,0.0244,Shale
mywell,2348.0257,134.6042,3.2442,2.3909,0.347824,90.997,8.5,0.0402,Shale
mywell,2348.1781,129.3347,3.0773,2.4535,0.35792,91.992,8.5,0.0318,Shale
mywell,2348.3305,118.2421,2.9014,2.4322,0.388752,93.488,8.5,0.042,Shale
mywell,2348.4829,116.1809,2.7462,2.3209,0.310632,97.964,8.5,0.0271,Shale
mywell,2348.6353,108.4502,2.7043,2.2406,0.455824,102.712,8.5,0.0428,Shale
mywell,2348.7877,101.4341,2.7328,2.1537,0.549256,108.702,8.5,0.0594,Shale
mywell,2348.9401,101.5615,2.7955,2.1371,0.620432,115.446,8.5,0.0652,Shale
mywell,2349.0925,97.2865,2.8,1.9178,0.6954,121.824,8.5,0.0664,Shale
mywell,2349.2449,88.8954,2.6462,1.9001,0.36864,116.915,8.5,0.071,Shale
mywell,2349.3973,64.7025,2.5309,1.9625,0.221168,109.063,8.5,0.159,Silty Sand
mywell,2349.5497,44.8207,2.5161,2.1356,0.202144,100.816,8.5,0.1401,Sandstone
mywell,2349.7021,25.2039,2.5805,2.2174,0.24168,90.086,8.5,0.2265,Sandstone
mywell,2349.8545,20.5919,2.6276,2.1734,0.254896,89.504,8.5,0.2324,Sandstone
mywell,2350.0069,18.6891,2.6369,2.1363,0.258968,90.12,8.5,0.2333,Sandstone
mywell,2350.1593,22.4783,2.6281,2.1826,0.235192,89.381,8.5,0.224,Sandstone
mywell,2350.3117,28.2249,2.6082,2.183,0.23996,89.623,8.5,0.2318,Sandstone
mywell,2350.4641,37.7843,2.603,2.2395,0.197344,87.641,8.5,0.1556,Sandstone
mywell,2350.6165,32.0717,2.6427,2.2301,0.224776,86.261,8.5,0.2188,Sandstone
mywell,2350.7689,29.3248,2.7343,2.2518,0.22004,86.498,8.5,0.2282,Sandstone
mywell,2350.9213,26.9033,2.8471,2.252,0.228928,86.872,8.5,0.2104,Sandstone
mywell,2351.0737,31.472,2.9164,2.2282,0.242888,86.627,8.5,0.2006,Sandstone
mywell,2351.2261,30.892,2.9051,2.1873,0.192408,87.121,8.5,0.1585,Sandstone
mywell,2351.3785,34.0922,2.8246,2.2058,0.22176,88.489,8.5,0.1912,Sandstone
mywell,2351.5309,34.6467,2.703,2.21,0.244816,87.632,8.5,0.1739,Sandstone
mywell,2351.6833,40.3213,2.5562,2.1852,0.265832,89.981,8.5,0.1865,Sandstone
mywell,2351.8357,40.2608,2.433,2.2118,0.277904,90.124,8.5,0.189,Sandstone
mywell,2351.9881,40.2253,2.3189,2.2021,0.219472,88.761,8.5,0.1759,Sandstone
mywell,2352.1405,37.125,2.2277,2.1911,0.241816,89.122,8.5,0.1802,Sandstone
mywell,2352.2929,35.2688,2.1595,2.189,0.234064,90.985,8.5,0.2041,Sandstone
mywell,2352.4453,31.415,2.1015,2.1692,0.235984,91.868,8.5,0.2123,Sandstone
mywell,2352.5977,30.8384,2.0534,2.1849,0.229056,92.123,8.5,0.2271,Sandstone
mywell,2352.7501,36.0291,2.0272,2.2019,0.231976,91.877,8.5,0.1987,Sandstone
mywell,2352.9025,39.8039,2.029,2.1951,0.208192,90.635,8.5,0.1863,Sandstone
mywell,2353.0549,44.8347,2.0558,2.195,0.20304,90.129,8.5,0.163,Sandstone
mywell,2353.2073,37.1622,2.0818,2.2039,0.200024,89.009,8.5,0.1611,Sandstone
mywell,2353.3597,42.3477,2.0919,2.2397,0.21984,88.256,8.5,0.1675,Sandstone
mywell,2353.5121,41.6857,2.1069,2.244,0.199168,87.878,8.5,0.1537,Sandstone
mywell,2353.6645,42.9478,2.1199,2.244,0.202968,87.875,8.5,0.157,Sandstone
mywell,2353.8169,41.0563,2.118,2.2668,0.204984,87.751,8.5,0.1629,Sandstone
mywell,2353.9693,40.3367,2.1279,2.2551,0.226824,88.246,8.5,0.1691,Sandstone
mywell,2354.1217,43.4657,2.129,2.2629,0.200216,88.87,8.5,0.1412,Sandstone
mywell,2354.2741,40.9554,2.1191,2.2422,0.194048,89.123,8.5,0.1421,Sandstone
mywell,2354.4265,37.835,2.0992,2.24,0.211856,88.629,8.5,0.1874,Sandstone
mywell,2354.5789,36.5422,2.0831,2.2499,0.211008,88.873,8.5,0.1798,Sandstone
mywell,2354.7313,34.6125,2.0731,2.253,0.20604,88.999,8.5,0.1754,Sandstone
mywell,2354.8837,35.9888,2.0879,2.2322,0.203024,89.62,8.5,0.1806,Sandstone
mywell,2355.0361,34.8195,2.0692,2.2499,0.200024,89.997,8.5,0.1727,Sandstone
mywell,2355.1885,31.588,2.0799,2.2361,0.19504,89.876,8.5,0.1831,Sandstone
mywell,2355.3409,31.4033,2.1137,2.232,0.218808,89.751,8.5,0.2421,Sandstone
mywell,2355.4933,30.6272,2.11,2.232,0.188248,89.378,8.5,0.1507,Sandstone
mywell,2355.6457,33.2101,2.1269,2.226,0.19792,89.623,8.5,0.192,Sandstone
mywell,2355.7981,35.8717,2.1865,2.2498,0.172208,89.873,8.5,0.1611,Sandstone
mywell,2355.9505,34.7135,2.2277,2.25,0.240448,90.619,8.5,0.1913,Sandstone
mywell,2356.1029,39.2652,2.2161,2.2202,0.20628,90.377,8.5,0.1883,Sandstone
mywell,2356.2553,36.079,2.2924,2.2061,0.1812,89.383,8.5,0.1547,Sandstone
mywell,2356.4077,46.1436,2.3803,2.2298,0.221672,89.251,8.5,0.1485,Silty Sand
mywell,2356.5601,48.1971,2.4524,2.2568,0.277552,91.606,8.5,0.1405,Silty Sand
mywell,2356.7125,58.1796,2.5304,2.2441,0.236336,90.881,8.5,0.1004,Silty Sand
mywell,2356.8649,55.0548,2.5846,2.2261,0.17648,90.503,8.5,0.0993,Silty Sand
mywell,2357.0173,59.7489,2.6048,2.224,0.208736,90.252,8.5,0.1028,Silty Sand
mywell,2357.1697,54.2923,2.5862,2.2458,0.222888,88.142,8.5,0.1165,Silty Sand
mywell,2357.3221,55.7628,2.5245,2.2807,0.186296,88.993,8.5,0.0822,Silty Sand
mywell,2357.4745,47.1119,2.4833,2.2344,0.231632,90.24,8.5,0.1395,Silty Sand
mywell,2357.6269,42.6643,2.4324,2.2419,0.203232,90.002,8.5,0.1746,Sandstone
mywell,2357.7793,39.9466,2.4003,2.2281,0.17324,90.992,8.5,0.1587,Sandstone
mywell,2357.9317,42.5022,2.397,2.2548,0.198792,91.868,8.5,0.1684,Sandstone
mywell,2358.0841,52.5472,2.392,2.2362,0.231736,92.247,8.5,0.1271,Silty Sand
mywell,2358.2365,62.7593,2.4356,2.2608,0.257792,93.614,8.5,0.0891,Silty Sand
mywell,2358.3889,73.7133,2.4886,2.2243,0.226256,93.873,8.5,0.0605,Silty Sand
mywell,2358.5413,73.4478,2.5287,2.2379,0.23096,93.627,8.5,0.0836,Silty Sand
mywell,2358.6937,66.9147,2.5627,2.234,0.214136,94.245,8.5,0.0799,Silty Sand
mywell,2358.8461,59.914,2.5858,2.2568,0.299312,95.366,8.5,0.1136,Silty Sand
mywell,2358.9985,54.1173,2.583,2.2084,0.252384,95.375,8.5,0.124,Silty Sand
mywell,2359.1509,56.1135,2.5661,2.206,0.170656,93.763,8.5,0.0949,Silty Sand
mywell,2359.3033,73.2817,2.561,2.2477,0.226544,93.502,8.5,0.0679,Silty Sand
mywell,2359.4557,122.4437,2.5789,2.2549,0.280568,93.624,8.5,0.0265,Shale
mywell,2359.6081,173.8358,2.5969,2.2322,0.36532,95.237,8.5,0.015,Shale
mywell,2359.7605,189.3214,2.591,2.2082,0.285648,94.506,8.5,0.0063,Shale
mywell,2359.9129,160.5629,2.5682,2.21,0.193736,91.896,8.5,0.0048,Shale
mywell,2360.0653,112.8984,2.5333,2.2725,0.193992,87.907,8.5,0.0264,Shale
mywell,2360.2177,98.4673,2.5876,2.3117,0.236656,86.759,8.5,0.0373,Shale
mywell,2360.3701,112.9672,2.6614,2.2852,0.317352,86.626,8.5,0.0319,Shale
mywell,2360.5225,142.3133,2.7473,2.2066,0.304112,90.841,8.5,0.0122,Shale
mywell,2360.6749,143.4666,2.7867,2.202,0.325824,92.611,8.5,0.029,Shale
mywell,2360.8273,123.6806,2.8029,2.2258,0.273424,92.005,8.5,0.0253,Shale
mywell,2360.9797,98.7567,2.8496,2.3083,0.210504,92.372,8.5,0.0426,Shale
mywell,2361.1321,99.2643,2.8599,2.3437,0.248688,91.259,8.5,0.0421,Shale
mywell,2361.2845,128.8416,2.9592,2.3638,0.285704,92.118,8.5,0.0162,Shale
mywell,2361.4369,162.9707,3.0542,2.3015,0.274096,94.109,8.5,0.0064,Shale
mywell,2361.5893,168.9688,3.1354,2.2226,0.271024,94.869,8.5,0.0064,Shale
mywell,2361.7417,148.0183,3.1658,2.222,0.255128,94.999,8.5,0.0154,Shale
mywell,2361.8941,121.2931,3.1442,2.2686,0.399832,95.0,8.5,0.0421,Shale
mywell,2362.0465,116.0238,3.1123,2.3136,0.417864,94.876,8.5,0.0414,Shale
mywell,2362.1989,117.6049,3.0951,2.2753,0.400144,94.751,8.5,0.0387,Shale
mywell,2362.3513,124.1682,3.0742,2.3137,0.369248,95.866,8.5,0.0306,Shale
mywell,2362.5037,122.2767,3.0859,2.3457,0.3194,96.123,8.5,0.026,Shale
mywell,2362.6561,123.2847,3.1277,2.3321,0.369592,95.257,8.5,0.0323,Shale
mywell,2362.8085,119.574,3.1528,2.3598,0.333296,96.118,8.5,0.0253,Shale
mywell,2362.9609,122.392,3.1431,2.3421,0.339944,94.141,8.5,0.0299,Shale
mywell,2363.1133,125.9723,3.137,2.3539,0.378688,93.133,8.5,0.0286,Shale
mywell,2363.2657,126.0119,3.1291,2.36,0.407768,91.761,8.5,0.0286,Shale
mywell,2363.4181,128.2995,3.0893,2.4106,0.317728,91.13,8.5,0.0226,Shale
mywell,2363.5705,140.2587,3.0463,2.4715,0.316008,91.745,8.5,0.0107,Shale
mywell,2363.7229,140.5107,2.9865,2.468,0.37552,93.486,8.5,0.0254,Shale
mywell,2363.8753,140.7997,2.9304,2.3589,0.29168,96.972,8.5,0.0138,Shale
mywell,2364.0277,119.4809,2.8774,2.2737,0.377304,99.48,8.5,0.0376,Shale
mywell,2364.1801,118.319,2.8195,2.2244,0.307568,100.368,8.5,0.0291,Shale
mywell,2364.3325,113.7121,2.7386,2.224,0.295096,99.879,8.5,0.0342,Shale
mywell,2364.4849,109.0066,2.6874,2.2161,0.333688,99.875,8.5,0.0348,Shale
mywell,2364.6373,110.1306,2.6483,2.3112,0.325072,98.387,8.5,0.0307,Shale
mywell,2364.7897,104.1791,2.6262,2.2693,0.38948,98.251,8.5,0.0565,Shale
mywell,2364.9421,112.4013,2.625,2.2571,0.263024,98.374,8.5,0.0287,Shale
mywell,2365.0945,118.2325,2.6419,2.2729,0.357232,97.135,8.5,0.0344,Shale
mywell,2365.2469,134.2988,2.643,2.2948,0.252848,96.753,8.5,0.02,Shale
mywell,2365.3993,154.5765,2.6807,2.3337,0.327392,95.138,8.5,0.0252,Shale
mywell,2365.5517,172.4571,2.7296,2.3201,0.316096,94.381,8.5,0.0058,Shale
mywell,2365.7041,180.039,2.7756,2.3091,0.27136,93.135,8.5,0.0061,Shale
mywell,2365.8565,165.8291,2.8206,2.3338,0.287864,92.381,8.5,0.0062,Shale
mywell,2366.0089,135.1058,2.8726,2.3786,0.265184,92.747,8.5,0.0143,Shale
mywell,2366.1613,103.9591,2.9147,2.3482,0.25508,92.13,8.5,0.0327,Shale
mywell,2366.3137,84.487,2.9477,2.3163,0.3046,91.753,8.5,0.0414,Silty Sand
mywell,2366.4661,70.8398,2.9748,2.3259,0.263336,92.618,8.5,0.0852,Silty Sand
mywell,2366.6185,66.2452,2.9621,2.3072,0.235224,92.625,8.5,0.0812,Silty Sand
mywell,2366.7709,54.0342,2.9164,2.2733,0.256824,94.113,8.5,0.1251,Silty Sand
mywell,2366.9233,53.9003,2.8565,2.2869,0.2818,94.745,8.5,0.1264,Silty Sand
mywell,2367.0757,55.1817,2.7836,2.2632,0.275056,95.37,8.5,0.0999,Silty Sand
mywell,2367.2281,63.878,2.7116,2.2422,0.244248,95.251,8.5,0.081,Silty Sand
mywell,2367.3805,64.1315,2.6426,2.242,0.312448,95.622,8.5,0.0819,Silty Sand
mywell,2367.5329,59.053,2.5785,2.2341,0.286216,95.625,8.5,0.104,Silty Sand
mywell,2367.6853,50.2467,2.5234,2.2181,0.272112,95.997,8.5,0.1243,Silty Sand
mywell,2367.8377,47.823,2.4883,2.2438,0.219424,95.876,8.5,0.1359,Silty Sand
mywell,2367.9901,45.8855,2.4374,2.1934,0.285464,95.627,8.5,0.1582,Silty Sand
mywell,2368.1425,44.999,2.3864,2.2317,0.24632,96.121,8.5,0.1563,Silty Sand
mywell,2368.2949,40.0122,2.3493,2.2141,0.232112,95.753,8.5,0.1785,Sandstone
mywell,2368.4473,42.4123,2.3192,2.1852,0.28656,95.502,8.5,0.1874,Sandstone
mywell,2368.5997,43.8635,2.2972,2.1771,0.256248,94.632,8.5,0.1673,Sandstone
mywell,2368.7521,44.4752,2.293,2.2296,0.238144,93.881,8.5,0.1677,Sandstone
mywell,2368.9045,42.0089,2.3039,2.236,0.246928,92.759,8.5,0.1793,Sandstone
mywell,2369.0569,46.4361,2.3318,2.2529,0.282712,92.13,8.5,0.1346,Silty Sand
mywell,2369.2093,50.9558,2.3697,2.253,0.283,91.381,8.5,0.1317,Silty Sand
mywell,2369.3617,58.3695,2.3839,2.2609,0.255224,91.995,8.5,0.0983,Silty Sand
mywell,2369.5141,56.9817,2.3642,2.261,0.255,93.24,8.5,0.0983,Silty Sand
mywell,2369.6665,59.2566,2.3104,2.255,0.287736,94.242,8.5,0.1104,Silty Sand
mywell,2369.8189,54.6761,2.2634,2.25,0.321728,95.242,8.5,0.1185,Silty Sand
mywell,2369.9713,54.639,2.2104,2.2401,0.255536,95.126,8.5,0.0999,Silty Sand
mywell,2370.1237,54.8146,2.1108,2.2102,0.228216,94.381,8.5,0.104,Silty Sand
mywell,2370.2761,52.7388,2.0118,2.1773,0.295456,93.135,8.5,0.1539,Silty Sand
mywell,2370.4285,54.1306,1.9118,2.2117,0.299968,92.133,8.5,0.1533,Silty Sand
mywell,2370.5809,49.6314,1.8277,2.2666,0.236512,92.373,8.5,0.1244,Silty Sand
mywell,2370.7333,51.2001,1.7893,2.263,0.219136,93.367,8.5,0.1281,Silty Sand
mywell,2370.8857,49.848,1.789,2.2531,0.252728,93.375,8.5,0.1239,Silty Sand
mywell,2371.0381,51.6286,1.8078,2.2282,0.230184,92.879,8.5,0.1287,Silty Sand
mywell,2371.1905,49.3594,1.8169,2.2201,0.26968,92.379,8.5,0.1257,Silty Sand
mywell,2371.3429,44.8433,1.816,2.2061,0.198576,91.755,8.5,0.1515,Sandstone
mywell,2371.4953,38.6229,1.8458,2.2219,0.218832,91.006,8.5,0.2042,Sandstone
mywell,2371.6477,35.973,1.8817,2.224,0.224952,90.628,8.5,0.2132,Sandstone
mywell,2371.8001,30.9097,1.9207,2.2498,0.216072,90.253,8.5,0.2383,Sandstone
mywell,2371.9525,34.5235,2.0043,2.255,0.273536,90.126,8.5,0.1964,Sandstone
mywell,2372.1049,33.9727,2.1042,2.2322,0.231344,90.249,8.5,0.2042,Sandstone
mywell,2372.2573,37.0958,2.2776,2.236,0.217112,89.754,8.5,0.2151,Sandstone
mywell,2372.4097,35.2412,2.5091,2.2201,0.189224,88.882,8.5,0.1367,Sandstone
mywell,2372.5621,36.4025,2.6677,2.2527,0.240584,88.007,8.5,0.1749,Sandstone
mywell,2372.7145,38.4149,2.8168,2.2143,0.25092,87.628,8.5,0.1754,Sandstone
mywell,2372.8669,38.431,2.9767,2.2497,0.208344,86.881,8.5,0.1787,Sandstone
mywell,2373.0193,40.4338,3.1298,2.25,0.202048,86.875,8.5,0.1593,Sandstone
mywell,2373.1717,44.2097,3.2084,2.3006,0.198032,86.999,8.5,0.139,Sandstone
mywell,2373.3241,40.4456,3.1683,2.3109,0.18312,87.372,8.5,0.1516,Sandstone
mywell,2373.4765,37.0769,3.0004,2.2574,0.161176,87.003,8.5,0.1449,Sandstone
mywell,2373.6289,31.4105,2.752,2.2868,0.192744,87.248,8.5,0.1586,Sandstone
mywell,2373.7813,33.9829,2.5337,2.2652,0.189032,88.862,8.5,0.1361,Sandstone
mywell,2373.9337,33.4415,2.3505,2.3027,0.22372,89.991,8.5,0.21,Sandstone
mywell,2374.0861,34.558,2.2161,2.2693,0.239872,90.992,8.5,0.1913,Sandstone
mywell,2374.2385,32.586,2.1317,2.2531,0.223136,90.752,8.5,0.2343,Sandstone
mywell,2374.3909,35.796,2.0824,2.2322,0.191256,90.13,8.5,0.1641,Sandstone
mywell,2374.5433,40.292,2.0463,2.2528,0.193976,89.877,8.5,0.1584,Sandstone
mywell,2374.6957,49.0586,2.044,2.2103,0.224752,89.255,8.5,0.132,Silty Sand
mywell,2374.8481,51.8292,2.1204,2.2725,0.260712,89.994,8.5,0.1284,Silty Sand
mywell,2375.0005,53.218,2.2113,2.2591,0.293736,90.372,8.5,0.1442,Silty Sand
mywell,2375.1529,52.6685,2.2953,2.2709,0.245392,90.127,8.5,0.1289,Silty Sand
mywell,2375.3053,52.5588,2.3545,2.277,0.219208,90.869,8.5,0.1328,Silty Sand
mywell,2375.4577,49.9629,2.3669,2.2651,0.1942,90.751,8.5,0.1131,Silty Sand
mywell,2375.6101,44.8927,2.3601,2.2571,0.17912,92.362,8.5,0.1298,Sandstone
mywell,2375.7625,41.4861,2.3521,2.2907,0.211736,92.747,8.5,0.1832,Sandstone
mywell,2375.9149,45.2107,2.3381,2.2483,0.249696,94.114,8.5,0.1537,Silty Sand
mywell,2376.0673,52.2535,2.2864,2.2401,0.243056,94.869,8.5,0.1232,Silty Sand
mywell,2376.2197,54.3793,2.2185,2.2588,0.294584,93.511,8.5,0.1508,Silty Sand
mywell,2376.3721,53.6946,2.1952,2.2362,0.212664,93.004,8.5,0.131,Silty Sand
mywell,2376.5245,54.3546,2.2248,2.1933,0.200096,90.148,8.5,0.1283,Silty Sand
mywell,2376.6769,55.0961,2.2786,2.2039,0.25456,88.761,8.5,0.0947,Silty Sand
mywell,2376.8293,58.9242,2.3236,2.2476,0.193496,88.254,8.5,0.0814,Silty Sand
mywell,2376.9817,55.1804,2.3369,2.2708,0.208872,87.258,8.5,0.0914,Silty Sand
mywell,2377.1341,61.4046,2.3132,2.2889,0.146504,87.994,8.5,0.077,Silty Sand
mywell,2377.2865,71.4335,2.2892,2.3654,0.228336,92.092,8.5,0.081,Silty Sand
mywell,2377.4389,97.5511,2.2612,2.3035,0.269672,97.581,8.5,0.0402,Shale
mywell,2377.5913,122.0055,2.2263,2.2792,0.341424,100.105,8.5,0.0265,Shale
mywell,2377.7437,133.7261,2.1843,2.2324,0.34696,100.745,8.5,0.0415,Shale
mywell,2377.8961,137.2632,2.1503,2.238,0.363864,99.262,8.5,0.0334,Shale
mywell,2378.0485,135.182,2.1421,2.1834,0.331264,97.762,8.5,0.0208,Shale
mywell,2378.2009,124.6944,2.143,2.1751,0.381592,94.65,8.5,0.0334,Shale
mywell,2378.3533,114.4717,2.1519,2.2077,0.266928,92.641,8.5,0.0325,Shale
mywell,2378.5057,100.1617,2.1748,2.2278,0.217392,93.369,8.5,0.0415,Shale
mywell,2378.6581,93.9889,2.2058,2.2607,0.364808,91.887,8.5,0.0686,Shale
mywell,2378.8105,76.1901,2.21,2.265,0.255888,92.371,8.5,0.0527,Silty Sand
mywell,2378.9629,79.0051,2.21,2.2462,0.214328,95.599,8.5,0.0543,Silty Sand
mywell,2379.1153,84.1705,2.214,2.2242,0.346928,96.493,8.5,0.0585,Silty Sand
mywell,2379.2677,103.5828,2.2269,2.2627,0.355936,97.12,8.5,0.0532,Shale
mywell,2379.4201,105.8797,2.2409,2.265,0.35104,97.497,8.5,0.0557,Shale
mywell,2379.5725,108.4385,2.2519,2.142,0.290488,97.252,8.5,0.0386,Shale
mywell,2379.7249,109.1772,2.2262,2.1628,0.2404,97.002,8.5,0.0316,Shale
mywell,2379.8773,114.3464,2.2329,2.2235,0.265792,96.504,8.5,0.0326,Shale
mywell,2380.0297,119.2696,2.2876,2.2647,0.3156,98.732,8.5,0.0253,Shale
mywell,2380.1821,119.3755,2.3406,2.2342,0.373536,98.75,8.5,0.0381,Shale
mywell,2380.3345,111.065,2.4144,2.2161,0.373008,100.486,8.5,0.053,Shale
mywell,2380.4869,111.2192,2.4477,2.1962,0.27876,100.5,8.5,0.0325,Shale
mywell,2380.6393,101.7821,2.5184,2.2139,0.285936,98.64,8.5,0.0342,Shale
mywell,2380.7917,91.1422,2.5924,2.2547,0.244336,99.493,8.5,0.0384,Shale
mywell,2380.9441,98.3591,2.6317,2.2461,0.302528,100.492,8.5,0.0428,Shale
mywell,2381.0965,105.4543,2.4683,2.2648,0.399224,100.376,8.5,0.0558,Shale
mywell,2381.2489,115.2415,2.5166,2.2789,0.383136,97.771,8.5,0.0555,Shale
mywell,2381.4013,117.1225,2.6727,2.2651,0.441528,94.65,8.5,0.0428,Shale
mywell,2381.5537,116.2829,2.8456,2.6053,0.487632,96.981,8.5,0.0561,Shale
mywell,2381.7061,114.3366,2.8301,2.4245,0.44832,93.156,8.5,0.0551,Shale
mywell,2381.8585,113.9311,2.8082,2.4111,0.439072,91.637,8.5,0.0551,Shale
mywell,2382.0109,113.2376,2.7574,2.3128,0.489592,94.973,8.5,0.0502,Shale
mywell,2382.1633,118.817,2.6836,2.4806,0.403696,93.388,8.5,0.043,Shale
mywell,2382.3157,119.5723,2.6255,2.4344,0.440696,96.847,8.5,0.0412,Shale
mywell,2382.4681,125.0142,2.5456,2.2535,0.310056,92.783,8.5,0.0213,Shale
mywell,2382.6205,128.2155,2.5023,2.4603,0.412168,93.494,8.5,0.0363,Shale
mywell,2382.7729,134.3537,2.5417,2.4193,0.428872,95.36,8.5,0.0418,Shale
mywell,2382.9253,129.7952,2.5876,2.3525,0.502408,95.747,8.5,0.0323,Shale
mywell,2383.0777,120.1227,2.6217,2.4066,0.49308,99.966,8.5,0.0398,Shale
mywell,2383.2301,109.6786,2.7004,2.3643,0.474152,100.62,8.5,0.0481,Shale
mywell,2383.3825,110.7417,2.8042,2.4285,0.342064,100.501,8.5,0.0324,Shale
mywell,2383.5349,113.0594,2.7812,2.4359,0.278504,95.416,8.5,0.0316,Shale
mywell,2383.6873,116.1701,2.4993,2.4251,0.277008,92.151,8.5,0.0291,Shale
mywell,2383.8397,112.6169,2.4186,2.4419,0.3266,90.761,8.5,0.0344,Shale
mywell,2383.9921,115.0482,2.7156,2.3835,0.377592,90.998,8.5,0.058,Shale
mywell,2384.1445,112.6168,3.1069,2.4792,0.46232,96.704,8.5,0.0546,Shale
mywell,2384.2969,119.5479,3.1437,2.3491,0.48284,97.99,8.5,0.0368,Shale
mywell,2384.4493,112.4507,3.2928,2.2895,0.456216,97.504,8.5,0.0493,Shale
mywell,2384.6017,108.7553,3.789,2.414,0.369696,94.028,8.5,0.0562,Shale
mywell,2384.7541,107.2162,3.788,2.3714,0.250952,89.908,8.5,0.0311,Shale
mywell,2384.9065,111.1383,3.6184,2.615,0.20536,82.559,8.5,0.0375,Shale
mywell,2385.0589,117.6527,3.8561,2.6547,0.278408,77.54,8.5,0.0282,Shale
mywell,2385.2113,116.5206,4.4532,2.4516,0.331576,78.864,8.5,0.031,Shale
mywell,2385.3637,119.5435,4.7318,2.5462,0.403424,81.603,8.5,0.0523,Silty Sand
mywell,2385.5161,113.5049,4.6943,2.4369,0.44368,86.957,8.5,0.0545,Shale
mywell,2385.6685,110.6675,4.2228,2.3814,0.495584,92.58,8.5,0.0504,Shale
mywell,2385.8209,115.4066,3.8966,2.4673,0.427552,95.725,8.5,0.0451,Shale
mywell,2385.9733,119.3961,3.8047,2.2964,0.445848,96.742,8.5,0.0378,Shale
mywell,2386.1257,123.6996,3.6909,2.3982,0.451952,97.742,8.5,0.0338,Shale
mywell,2386.2781,114.6899,3.5204,2.2958,0.525408,99.486,8.5,0.0552,Shale
mywell,2386.4305,116.2667,3.5527,2.3724,0.383152,100.12,8.5,0.041,Shale
mywell,2386.5829,111.5005,3.4488,2.3184,0.504016,101.861,8.5,0.0441,Shale
mywell,2386.7353,108.363,3.3309,2.4708,0.439528,99.643,8.5,0.066,Shale
mywell,2386.8877,105.8302,3.1098,2.4293,0.485624,102.6536,8.5,0.0551,Shale
mywell,2387.0401,109.7542,3.0852,2.302,0.507824,99.6544,8.5,0.0498,Shale
mywell,2387.1925,111.6966,3.0394,2.2534,0.459392,96.6064,8.5,0.0495,Shale
mywell,2387.3449,108.7876,3.1263,2.4078,0.407416,94.8668,8.5,0.0536,Shale
mywell,2387.4973,103.5788,3.7589,2.5499,0.32764,94.5514,8.5,0.0422,Shale
mywell,2387.6497,90.509,4.2779,2.5113,0.340888,94.2464,8.5,0.0515,Shale
mywell,2387.8021,88.2355,4.8097,2.5467,0.295368,94.002,8.5,0.0429,Shale
mywell,2387.9545,82.9386,5.1979,2.424,0.325752,91.272,8.5,0.0385,Silty Sand
mywell,2388.1069,87.489,5.4956,2.3506,0.394448,93.73,8.5,0.0857,Shale
mywell,2388.2593,93.7538,6.2529,2.3341,0.387064,94.618,8.5,0.0682,Shale
mywell,2388.4117,116.5833,6.3215,2.4223,0.356248,91.897,8.5,0.0422,Shale
mywell,2388.5641,133.0685,5.5482,2.3506,0.353024,91.131,8.5,0.0416,Shale
mywell,2388.7165,147.7517,4.9587,2.5722,0.394664,85.917,8.5,0.0288,Shale
mywell,2388.8689,147.7946,4.7,2.6038,0.445592,86.991,8.5,0.0238,Silty Sand
mywell,2389.0213,148.1749,4.6196,2.3679,0.424176,84.644,8.5,0.0283,Shale
mywell,2389.1737,134.9507,4.5248,2.6547,0.40912,86.733,8.5,0.0274,Silty Sand
mywell,2389.3261,132.0753,4.4456,2.2959,0.42388,88.734,8.5,0.0333,Shale
mywell,2389.4785,136.1896,4.3974,2.3942,0.335712,86.642,8.5,0.0228,Shale
mywell,2389.6309,133.3005,4.517,2.4436,0.411384,86.129,8.5,0.0408,Silty Sand
mywell,2389.7833,134.2829,4.5716,2.4192,0.427872,87.117,8.5,0.0405,Shale
mywell,2389.9357,128.2209,4.4738,2.2236,0.446848,87.373,8.5,0.034,Shale
mywell,2390.0881,137.5295,4.4323,2.4154,0.394424,85.143,8.5,0.0406,Shale
mywell,2390.2405,133.2838,4.5421,2.1472,0.286864,90.581,8.5,0.0204,Shale
mywell,2390.3929,121.5146,4.785,2.4962,0.319728,92.361,8.5,0.0309,Shale
mywell,2390.5453,121.5599,4.9745,2.2629,0.32992,89.275,8.5,0.0276,Shale
mywell,2390.6977,125.6163,5.1724,2.3632,0.373648,90.614,8.5,0.0326,Shale
mywell,2390.8501,121.9419,5.1571,2.4632,0.372016,87.029,8.5,0.0519,Shale
mywell,2391.0025,120.4389,5.0469,2.3708,0.393824,86.504,8.5,0.0413,Shale
mywell,2391.1549,110.385,4.9716,2.3442,0.449552,87.864,8.5,0.0475,Shale
mywell,2391.3073,117.9652,5.1436,2.1883,0.39544,87.627,8.5,0.0472,Shale
mywell,2391.4597,111.3151,5.1162,2.3755,0.427736,93.329,8.5,0.0571,Shale
mywell,2391.6121,104.0065,5.2202,2.3343,0.389312,97.839,8.5,0.0632,Shale
mywell,2391.7645,77.5052,5.5801,2.3092,0.286824,96.511,8.5,0.0495,Silty Sand
mywell,2391.9169,57.5551,6.6256,2.2594,0.294928,99.6,8.5,0.116,Silty Sand
mywell,2392.0693,53.2812,6.2997,2.2322,0.27516,100.865,8.5,0.1079,Silty Sand
mywell,2392.2217,52.6488,6.8476,2.3173,0.243256,98.023,8.5,0.1192,Silty Sand
mywell,2392.3741,46.6989,7.9978,2.2813,0.184472,94.28,8.5,0.1005,Silty Sand
mywell,2392.5265,45.2731,9.1002,2.2552,0.190944,96.73,8.5,0.1241,Silty Sand
mywell,2392.6789,51.1942,10.6109,2.2848,0.19596,97.494,8.5,0.1165,Silty Sand
mywell,2392.8313,59.8436,10.8462,2.291,0.201952,100.476,8.5,0.103,Silty Sand
mywell,2392.9837,67.7478,10.3034,2.2712,0.178192,92.812,8.5,0.0779,Silty Sand
mywell,2393.1361,79.0643,9.3993,2.3008,0.270256,93.494,8.5,0.0539,Silty Sand
mywell,2393.2885,100.9939,8.7333,2.176,0.432696,89.78,8.5,0.0588,Shale
mywell,2393.4409,108.2142,8.0247,2.5262,0.405232,81.318,8.5,0.0681,Silty Sand
mywell,2393.5933,109.5953,6.6828,2.2651,0.472456,84.722,8.5,0.049,Shale
mywell,2393.7457,115.5104,6.0976,2.3453,0.43332,85.866,8.5,0.038,Shale
mywell,2393.8981,117.0758,5.7567,2.0861,0.471688,82.155,8.5,0.0544,Shale
mywell,2394.0505,117.713,5.8383,2.4064,0.448192,80.761,8.5,0.0537,Shale
mywell,2394.2029,114.8432,5.8469,2.1302,0.445024,84.966,8.5,0.073,Shale
mywell,2394.3553,106.4148,5.7627,2.0774,0.521384,87.728,8.5,0.0701,Shale
mywell,2394.5077,103.6765,5.2273,1.9937,0.441648,89.858,8.5,0.0658,Shale
mywell,2394.6601,101.6125,4.7736,2.111,0.438024,95.083,8.5,0.0636,Shale
mywell,2394.8125,104.946,4.5914,2.1626,0.437008,90.413,8.5,0.0597,Shale
mywell,2394.9649,104.725,4.4769,2.1303,0.52132,90.623,8.5,0.0628,Shale
mywell,2395.1173,107.5075,4.3163,2.1647,0.540848,89.509,8.5,0.0619,Shale
mywell,2395.2697,108.9267,4.3299,2.1551,0.525128,83.3,8.5,0.0573,Shale
mywell,2395.4221,120.9908,4.3508,2.1996,0.478376,90.938,8.5,0.0455,Shale
mywell,2395.5745,126.7226,4.3123,2.2377,0.451216,88.644,8.5,0.0292,Shale
mywell,2395.7269,126.7938,4.3785,2.1596,0.463896,91.601,8.5,0.0313,Shale
mywell,2395.8793,133.0496,4.6101,2.2017,0.445152,87.409,8.5,0.0397,Shale
mywell,2396.0317,137.9618,4.7757,2.4302,0.446984,85.515,8.5,0.04,Shale
mywell,2396.1841,146.6106,4.9566,2.3447,0.435096,87.112,8.5,0.0267,Shale
mywell,2396.3365,145.942,4.9759,2.4204,0.44492,86.257,8.5,0.0305,Shale
mywell,2396.4889,146.3685,4.8074,2.3774,0.511464,88.358,8.5,0.0319,Shale
mywell,2396.6413,144.0021,4.7137,2.2798,0.509024,91.475,8.5,0.035,Shale
mywell,2396.7937,141.6607,4.718,2.3197,0.467336,96.46,8.5,0.0251,Shale
mywell,2396.9461,139.166,4.8003,2.3111,0.444184,100.84,8.5,0.0253,Shale
mywell,2397.0985,131.9054,4.9448,2.2614,0.472768,102.983,8.5,0.0338,Shale
mywell,2397.2509,127.623,5.0611,2.1985,0.48788,104.24,8.5,0.0302,Shale
mywell,2397.4033,110.849,5.5481,2.0442,0.427488,103.382,8.5,0.053,Shale
mywell,2397.5557,95.0642,6.173,2.0648,0.323832,103.499,8.5,0.0497,Shale
mywell,2397.7081,77.58,6.7702,2.192,0.291256,104.616,8.5,0.0671,Silty Sand
mywell,2397.8605,65.6967,7.0042,2.2079,0.371352,101.153,8.5,0.0706,Silty Sand
mywell,2398.0129,61.9108,7.7222,2.1872,0.334304,101.125,8.5,0.1074,Silty Sand
mywell,2398.1653,57.5142,9.4372,2.2039,0.372688,99.513,8.5,0.1295,Silty Sand
mywell,2398.3177,59.2785,10.5273,2.2645,0.310504,100.492,8.5,0.1259,Silty Sand
mywell,2398.4701,56.7813,11.2979,2.1837,0.30008,99.632,8.5,0.1312,Silty Sand
mywell,2398.6225,61.4879,12.5371,2.2118,0.33968,99.625,8.5,0.1001,Silty Sand
mywell,2398.7749,63.5368,13.4358,2.1981,0.309248,97.889,8.5,0.09,Silty Sand
mywell,2398.9273,60.3756,14.0184,2.1395,0.379432,96.635,8.5,0.124,Silty Sand
mywell,2399.0797,57.4355,14.7551,2.2035,0.380992,95.757,8.5,0.1297,Silty Sand
mywell,2399.2321,56.294,16.9206,2.1534,0.319496,96.494,8.5,0.1294,Silty Sand
mywell,2399.3845,58.3414,19.2682,2.1728,0.321976,96.748,8.5,0.1467,Silty Sand
mywell,2399.5369,53.3236,20.8355,2.1591,0.339856,98.982,8.5,0.1806,Silty Sand
mywell,2399.6893,47.5988,21.8301,2.1392,0.27056,99.868,8.5,0.1659,Silty Sand
mywell,2399.8417,48.9557,23.0572,2.143,0.310672,99.999,8.5,0.1815,Silty Sand
mywell,2399.9941,49.7328,24.1195,2.1361,0.349688,101.488,8.5,0.186,Silty Sand
mywell,2400.1465,51.7081,25.2837,2.141,0.309328,99.268,8.5,0.1762,Silty Sand
mywell,2400.2989,48.5397,22.2357,2.1589,0.300072,100.738,8.5,0.185,Silty Sand
mywell,2400.4513,48.6082,20.9016,2.165,0.291072,100.75,8.5,0.1815,Silty Sand
mywell,2400.6037,50.5573,20.1103,2.161,0.362424,101.494,8.5,0.1826,Silty Sand
mywell,2400.7561,55.4437,19.4433,2.1203,0.342168,100.756,8.5,0.1675,Silty Sand
mywell,2400.9085,65.9694,19.1463,2.1279,0.319184,100.13,8.5,0.1017,Silty Sand
mywell,2401.0609,65.4191,19.3285,2.1568,0.334872,100.001,8.5,0.1135,Silty Sand
mywell,2401.2133,63.5282,20.2942,2.1729,0.371704,99.132,8.5,0.1185,Silty Sand
mywell,2401.3657,54.5552,22.3187,2.1571,0.248,98.257,8.5,0.1636,Silty Sand
mywell,2401.5181,54.5068,24.8001,2.1927,0.369016,98.87,8.5,0.1814,Silty Sand
mywell,2401.6705,57.1884,25.5203,2.191,0.35512,99.247,8.5,0.187,Silty Sand
mywell,2401.8229,61.3397,24.3574,2.1811,0.272664,100.118,8.5,0.1574,Silty Sand
mywell,2401.9753,59.1172,23.8976,2.1552,0.364256,100.373,8.5,0.1731,Silty Sand
mywell,2402.1277,52.6361,24.64,2.1431,0.291592,100.127,8.5,0.1796,Silty Sand
mywell,2402.2801,45.2283,25.0249,2.1827,0.282072,99.257,8.5,0.1826,Silty Sand
mywell,2402.4325,46.6927,25.3266,2.1691,0.297872,99.498,8.5,0.1932,Silty Sand
mywell,2402.5849,43.3907,25.4391,2.1511,0.267248,98.756,8.5,0.1926,Sandstone
mywell,2402.7373,43.9473,25.7059,2.149,0.289816,98.254,8.5,0.2068,Sandstone
mywell,2402.8897,40.6814,14.301,2.1688,0.336624,98.25,8.5,0.234,Sandstone
mywell,2403.0421,36.0491,4.2464,2.163,0.294344,97.878,8.5,0.2033,Sandstone
mywell,2403.1945,37.501,3.4805,2.1511,0.304912,96.883,8.5,0.2232,Sandstone
mywell,2403.3469,33.2137,3.0207,2.1976,0.242504,95.635,8.5,0.209,Sandstone
mywell,2403.4993,39.8958,2.6093,2.2099,0.228112,93.517,8.5,0.1804,Sandstone
mywell,2403.6517,39.1127,1.9959,2.2179,0.217088,93.128,8.5,0.1937,Sandstone
mywell,2403.8041,41.9064,1.7767,2.2497,0.262632,91.513,8.5,0.181,Sandstone
mywell,2403.9565,42.3605,1.6798,2.2262,0.219352,92.244,8.5,0.1893,Sandstone
mywell,2404.1089,40.3542,1.6294,2.2498,0.26364,92.126,8.5,0.175,Sandstone
mywell,2404.2613,42.3121,1.6429,2.2083,0.306656,90.265,8.5,0.2244,Sandstone
mywell,2404.4137,35.5308,1.6688,2.2645,0.36156,91.118,8.5,0.2986,Sandstone
mywell,2404.5661,38.6911,1.7841,2.1956,0.246928,91.249,8.5,0.1922,Sandstone
mywell,2404.7185,42.8467,1.8435,2.2059,0.220208,91.994,8.5,0.1856,Sandstone
mywell,2404.8709,47.4482,1.8886,2.204,0.26464,93.24,8.5,0.1374,Silty Sand
mywell,2405.0233,53.442,1.9654,2.1772,0.282856,95.358,8.5,0.1296,Silty Sand
mywell,2405.1757,54.8669,2.0206,2.1552,0.303832,96.491,8.5,0.1244,Silty Sand
mywell,2405.3281,67.5637,2.0141,2.1143,0.293088,99.104,8.5,0.0922,Silty Sand
mywell,2405.4805,78.9074,2.0289,2.1338,0.319784,100.241,8.5,0.052,Silty Sand
mywell,2405.6329,87.5352,2.1957,2.1122,0.352736,100.622,8.5,0.0778,Shale
mywell,2405.7853,89.6267,2.2833,2.1507,0.336136,100.997,8.5,0.0459,Shale
mywell,2405.9377,83.9549,2.409,2.1669,0.285408,102.24,8.5,0.0311,Silty Sand
mywell,2406.0901,79.2674,2.7086,2.167,0.383208,102.25,8.5,0.0694,Silty Sand
mywell,2406.2425,75.1152,2.9173,2.1412,0.281824,102.87,8.5,0.053,Silty Sand
mywell,2406.3949,74.093,3.0499,2.1182,0.326632,103.123,8.5,0.0539,Silty Sand
mywell,2406.5473,80.8633,3.1492,2.1428,0.308152,103.373,8.5,0.0383,Silty Sand
mywell,2406.6997,90.5186,3.28,2.1569,0.304032,105.111,8.5,0.0435,Shale
mywell,2406.8521,97.7265,3.4358,2.161,0.35856,103.017,8.5,0.0626,Shale
mywell,2407.0045,104.0683,3.5918,2.1322,0.335192,101.636,8.5,0.0401,Shale
mywell,2407.1569,110.6593,3.713,2.3185,0.331032,98.897,8.5,0.0308,Shale
mywell,2407.3093,124.36,3.8162,2.3051,0.366712,96.767,8.5,0.0306,Shale
mywell,2407.4617,137.3968,3.8993,2.3963,0.405688,97.37,8.5,0.0335,Shale
mywell,2407.6141,139.7826,3.9436,2.3712,0.310768,99.111,8.5,0.0106,Shale
mywell,2407.7665,133.9164,3.9757,2.3462,0.29512,99.993,8.5,0.0189,Shale
mywell,2407.9189,131.1033,4.0038,2.2875,0.302936,99.504,8.5,0.0222,Shale
mywell,2408.0713,143.2072,4.0179,2.2612,0.349624,98.26,8.5,0.0304,Shale
mywell,2408.2237,147.7809,4.019,2.3294,0.333136,96.762,8.5,0.0318,Shale
mywell,2408.3761,146.8528,3.9446,2.3697,0.370696,96.006,8.5,0.0291,Shale
mywell,2408.5285,139.9277,3.8309,2.375,0.323384,94.636,8.5,0.0165,Shale
mywell,2408.6809,140.5198,3.6971,2.3829,0.334904,95.121,8.5,0.0154,Shale
mywell,2408.8333,139.9169,3.6028,2.4147,0.337976,93.141,8.5,0.0164,Shale
mywell,2408.9857,141.5736,3.5147,2.4696,0.391568,93.001,8.5,0.0253,Shale
mywell,2409.1381,143.5164,3.4803,2.4561,0.388032,94.612,8.5,0.0252,Shale
mywell,2409.2905,144.9883,3.4552,2.4739,0.349312,92.641,8.5,0.0386,Shale
mywell,2409.4429,134.9113,3.4927,2.4036,0.407528,95.229,8.5,0.0314,Shale
mywell,2409.5953,134.8925,3.4801,2.4308,0.334592,93.266,8.5,0.0216,Shale
mywell,2409.7477,134.2075,3.4046,2.4092,0.337968,92.506,8.5,0.0266,Shale
mywell,2409.9001,146.481,3.3554,2.4834,0.317168,93.492,8.5,0.0135,Shale
mywell,2410.0525,140.247,3.349,2.4324,0.344776,91.268,8.5,0.0219,Shale
mywell,2410.2049,137.8965,3.4115,2.4191,0.407496,94.474,8.5,0.0359,Silty Sand
mywell,2410.3573,119.2363,3.408,2.4894,0.394112,92.888,8.5,0.043,Shale
mywell,2410.5097,115.5813,3.281,2.3739,0.33944,95.107,8.5,0.0272,Shale
mywell,2410.6621,117.1779,3.1838,2.4553,0.404472,97.233,8.5,0.0466,Silty Sand
mywell,2410.8145,133.1216,3.062,2.4094,0.43476,91.918,8.5,0.0407,Shale
mywell,2410.9669,139.9728,2.9023,2.3346,0.392344,92.371,8.5,0.0243,Shale
mywell,2411.1193,137.5817,2.7205,2.4689,0.331488,90.763,8.5,0.0242,Shale
mywell,2411.2717,128.263,2.6168,2.4462,0.433176,94.47,8.5,0.0366,Shale
mywell,2411.4241,126.5879,2.5535,2.3647,0.479632,95.492,8.5,0.0281,Shale
mywell,2411.5765,122.0356,2.4786,2.2013,0.406592,94.756,8.5,0.0455,Shale
mywell,2411.7289,133.4765,2.3976,2.3815,0.349456,97.106,8.5,0.0366,Shale
mywell,2411.8813,149.5174,2.1817,2.4634,0.43828,94.397,8.5,0.0166,Shale
mywell,2412.0337,176.1582,2.1026,2.5067,0.407256,95.987,8.5,0.0158,Shale
mywell,2412.1861,173.7134,2.0504,2.3314,0.418904,97.612,8.5,0.0144,Shale
mywell,2412.3385,156.0889,2.0183,2.4163,0.432888,98.617,8.5,0.0158,Shale
mywell,2412.4909,128.3991,2.0061,2.415,0.493512,100.981,8.5,0.0372,Shale
mywell,2412.6433,117.2223,1.9822,2.3773,0.45432,102.736,8.5,0.0382,Shale
mywell,2412.7957,115.4972,1.98,2.3701,0.435152,99.526,8.5,0.041,Shale
mywell,2412.9481,123.8277,1.9621,2.371,0.456824,103.592,8.5,0.03,Shale
mywell,2413.1005,127.7747,1.9491,2.373,0.404424,101.021,8.5,0.031,Shale
mywell,2413.2529,127.1344,1.9649,2.3442,0.454592,100.008,8.5,0.0287,Shale
mywell,2413.4053,114.6675,1.9581,2.3619,0.438136,102.852,8.5,0.0482,Shale
mywell,2413.5577,119.4328,1.9778,2.4185,0.396336,99.403,8.5,0.0421,Shale
mywell,2413.7101,118.0157,1.9859,2.3129,0.421792,100.863,8.5,0.037,Shale
mywell,2413.8625,122.3996,1.9483,2.3904,0.457712,101.247,8.5,0.0421,Shale
mywell,2414.0149,119.0652,1.95,2.3464,0.3836,100.63,8.5,0.0366,Shale
mywell,2414.1673,120.6103,1.9312,2.3926,0.423672,101.741,8.5,0.038,Shale
mywell,2414.3197,126.0175,1.9161,2.4208,0.405152,101.006,8.5,0.0337,Shale
mywell,2414.4721,118.9712,1.9507,2.3833,0.406984,101.372,8.5,0.0346,Shale
mywell,2414.6245,118.4299,1.95,2.4247,0.477432,100.507,8.5,0.0416,Shale
mywell,2414.7769,115.8914,1.9064,2.4131,0.376816,101.74,8.5,0.0401,Shale
mywell,2414.9293,121.8349,1.9,2.3892,0.424608,101.502,8.5,0.038,Shale
mywell,2415.0817,119.274,1.8782,2.4912,0.428968,100.384,8.5,0.0419,Shale
mywell,2415.2341,113.7613,1.8433,2.4384,0.425032,101.367,8.5,0.0485,Shale
mywell,2415.3865,115.9877,1.8162,2.4291,0.413096,101.003,8.5,0.0432,Shale
mywell,2415.5389,114.9912,1.8041,2.425,0.47252,101.248,8.5,0.0541,Shale
mywell,2415.6913,102.3915,1.803,2.3308,0.467048,102.738,8.5,0.0541,Shale
mywell,2415.8437,103.779,1.804,2.3419,0.453112,102.006,8.5,0.0493,Shale
mywell,2415.9961,103.3535,1.8506,2.3708,0.4034,102.992,8.5,0.0516,Shale
mywell,2416.1485,112.4476,1.8589,2.4206,0.440696,101.76,8.5,0.0486,Shale
mywell,2416.3009,110.3922,1.8402,2.3347,0.43108,100.138,8.5,0.0469,Shale
mywell,2416.4533,114.3371,1.8033,2.4084,0.408184,99.629,8.5,0.0516,Shale
mywell,2416.6057,112.8066,1.7703,2.3683,0.408,100.245,8.5,0.0496,Shale
mywell,2416.7581,113.7503,1.7631,2.3462,0.42784,100.25,8.5,0.0474,Shale
mywell,2416.9105,115.9037,1.7908,2.3341,0.397248,100.994,8.5,0.0386,Shale
mywell,2417.0629,120.4406,1.8198,2.3905,0.409896,101.992,8.5,0.038,Shale
mywell,2417.2153,115.5031,1.8944,2.387,0.500272,102.372,8.5,0.0379,Shale
mywell,2417.3677,112.1894,1.9545,2.3543,0.499016,104.111,8.5,0.0428,Shale
mywell,2417.5201,109.9776,1.9629,2.4314,0.435512,100.405,8.5,0.0525,Shale
mywell,2417.6725,111.7466,1.957,2.3953,0.379448,97.523,8.5,0.0513,Shale
mywell,2417.8249,106.9716,1.8876,2.3057,0.439512,97.004,8.5,0.058,Shale
mywell,2417.9773,102.6595,1.8443,2.5332,0.477696,97.496,8.5,0.0698,Shale
mywell,2418.1297,108.6137,1.9025,2.4279,0.467088,100.352,8.5,0.0534,Shale
mywell,2418.2821,116.0217,1.9873,2.4151,0.494776,102.607,8.5,0.0401,Shale
mywell,2418.4345,113.2568,1.994,2.4319,0.53468,102.625,8.5,0.0479,Shale
mywell,2418.5869,107.8812,1.8879,2.2802,0.432824,105.229,8.5,0.0523,Shale
mywell,2418.7393,104.2569,1.8404,2.4804,0.423072,103.142,8.5,0.0564,Shale
mywell,2418.8917,102.7579,1.8162,2.357,0.41804,102.133,8.5,0.0541,Shale
mywell,2419.0441,109.0521,1.7942,2.3907,0.43784,100.513,8.5,0.0495,Shale
mywell,2419.1965,110.717,1.791,2.4922,0.539184,100.128,8.5,0.0537,Shale
mywell,2419.3489,117.8793,1.8406,2.4236,0.434848,100.869,8.5,0.041,Shale
mywell,2419.5013,113.2696,1.9045,2.423,0.434,102.487,8.5,0.0486,Shale
mywell,2419.6537,119.0798,1.9367,2.4399,0.446896,103.74,8.5,0.0378,Shale
mywell,2419.8061,110.4063,1.9469,2.44,0.447,103.378,8.5,0.0478,Shale
mywell,2419.9585,115.9497,1.947,2.4618,0.522392,103.747,8.5,0.0404,Shale
mywell,2420.1109,107.8735,1.9738,2.2924,0.434712,100.774,8.5,0.0581,Shale
mywell,2420.2633,113.5953,1.978,2.5717,0.432016,101.246,8.5,0.0481,Shale
mywell,2420.4157,113.1569,1.9601,2.3439,0.460768,100.258,8.5,0.0474,Shale
mywell,2420.5681,120.3906,1.9719,2.4263,0.430248,102.606,8.5,0.0403,Shale
mywell,2420.7205,115.9423,1.974,2.429,0.435952,103.493,8.5,0.0395,Shale
mywell,2420.8729,112.5848,1.9661,2.4498,0.415168,105.36,8.5,0.0496,Shale
mywell,2421.0253,101.6628,1.9591,2.3548,0.399128,104.135,8.5,0.0541,Shale
mywell,2421.1777,104.0977,1.9094,2.3619,0.3742,102.265,8.5,0.0493,Shale
mywell,2421.3301,104.5961,1.8822,2.3908,0.474192,104.358,8.5,0.0528,Shale
mywell,2421.4825,108.7386,1.8522,2.4456,0.359928,105.863,8.5,0.0535,Shale
mywell,2421.6349,111.2034,1.9314,2.4033,0.47308,104.511,8.5,0.0454,Shale
mywell,2421.7873,114.4926,2.0173,2.4496,0.482928,105.864,8.5,0.0557,Shale
mywell,2421.9397,117.1895,2.1628,2.2764,0.471096,102.279,8.5,0.0374,Shale
mywell,2422.0921,119.2367,2.3297,2.4546,0.51564,102.746,8.5,0.0378,Shale
mywell,2422.2445,121.9959,2.5284,2.3836,0.47632,98.906,8.5,0.0427,Shale
mywell,2422.3969,121.0925,2.8137,2.2173,0.423424,99.619,8.5,0.0442,Shale
mywell,2422.5493,119.7855,3.2138,2.4233,0.400184,97.021,8.5,0.0419,Shale
mywell,2422.7017,118.4487,3.5553,2.3228,0.440672,93.652,8.5,0.0385,Shale
mywell,2422.8541,110.8155,3.7901,2.5412,0.339816,91.765,8.5,0.0334,Shale
mywell,2423.0065,99.5146,4.043,2.4765,0.197144,87.658,8.5,0.0411,Shale
mywell,2423.1589,93.9491,4.6124,2.4859,0.23568,86.261,8.5,0.0406,Shale
mywell,2423.3113,97.7232,4.9979,2.4949,0.23104,90.094,8.5,0.0438,Shale
mywell,2423.4637,108.6938,5.0079,2.49,0.27564,91.737,8.5,0.0323,Shale
mywell,2423.6161,116.9987,4.635,2.4523,0.287904,91.254,8.5,0.0297,Shale
mywell,2423.7685,124.1102,4.1916,2.4272,0.306848,90.63,8.5,0.0252,Shale
mywell,2423.9209,122.9766,3.9122,2.55,0.299064,88.393,8.5,0.024,Shale
mywell,2424.0733,124.8568,3.6491,2.4865,0.263288,92.219,8.5,0.0233,Shale
mywell,2424.2257,124.4157,3.4555,2.4969,0.172728,91.63,8.5,0.0232,Shale
mywell,2424.3781,129.5297,3.4352,2.497,0.269216,95.593,8.5,0.0177,Shale
mywell,2424.5305,130.9181,3.3487,2.4117,0.345392,96.245,8.5,0.0328,Shale
mywell,2424.6829,132.5212,3.1238,2.4963,0.40056,98.11,8.5,0.0393,Shale
mywell,2424.8353,132.5052,2.7421,2.3234,0.299816,97.505,8.5,0.0171,Shale
mywell,2424.9877,137.8023,2.6329,2.3537,0.3982,96.26,8.5,0.0324,Shale
mywell,2425.1401,140.3756,2.5685,2.4185,0.41388,97.614,8.5,0.0248,Shale
mywell,2425.2925,153.041,2.4916,2.4924,0.417968,97.749,8.5,0.0158,Shale
mywell,2425.4449,142.2052,2.4116,2.371,0.470576,99.734,8.5,0.0275,Shale
mywell,2425.5973,144.9035,2.3197,2.5515,0.452152,100.122,8.5,0.04,Shale
mywell,2425.7497,125.5393,2.2605,2.3744,0.468864,100.497,8.5,0.0301,Shale
mywell,2425.9021,127.8084,2.262,2.4712,0.532488,101.12,8.5,0.035,Shale
mywell,2426.0545,119.1053,2.2134,2.4174,0.409,100.753,8.5,0.0416,Shale
mywell,2426.2069,127.5017,2.214,2.421,0.401056,101.494,8.5,0.0304,Shale
mywell,2426.3593,122.0961,2.1793,2.4458,0.502184,101.004,8.5,0.0449,Shale
mywell,2426.5117,124.6401,2.1354,2.3408,0.477208,101.992,8.5,0.0286,Shale
mywell,2426.6641,121.2822,2.0894,2.4551,0.461128,101.504,8.5,0.0406,Shale
mywell,2426.8165,126.4124,2.0771,2.4461,0.45108,100.756,8.5,0.033,Shale
mywell,2426.9689,124.4184,2.0403,2.3914,0.41132,105.214,8.5,0.0302,Shale
mywell,2427.1213,122.5182,2.046,2.2531,0.422904,103.018,8.5,0.0407,Shale
mywell,2427.2737,114.8061,2.0063,2.4157,0.52716,104.116,8.5,0.0547,Shale
mywell,2427.4261,109.534,1.9733,2.3872,0.427808,104.621,8.5,0.0459,Shale
mywell,2427.5785,98.5582,1.9542,2.4316,0.458744,104.501,8.5,0.0631,Shale
mywell,2427.7309,97.5663,1.8786,2.2683,0.426264,104.252,8.5,0.0582,Shale
mywell,2427.8833,100.4616,1.7659,2.4366,0.448816,104.87,8.5,0.0626,Shale
mywell,2428.0357,110.6461,1.769,2.3626,0.481736,104.131,8.5,0.0418,Shale
mywell,2428.1881,109.368,1.765,2.4106,0.450256,104.249,8.5,0.0467,Shale
mywell,2428.3405,109.0505,1.764,2.3019,0.475792,103.63,8.5,0.0425,Shale
mywell,2428.4929,103.1049,1.7452,2.42,0.460128,105.609,8.5,0.0615,Shale
mywell,2428.6453,110.0506,1.7281,2.3853,0.477856,104.881,8.5,0.0448,Shale
mywell,2428.7977,112.2259,1.7072,2.3384,0.46808,104.751,8.5,0.0428,Shale
mywell,2428.9501,120.5827,1.6534,2.4551,0.460064,104.75,8.5,0.0406,Shale
mywell,2429.1025,119.7969,1.6282,2.4233,0.434208,106.114,8.5,0.0379,Shale
mywell,2429.2549,117.8239,1.6042,2.4032,0.4092,105.877,8.5,0.0363,Shale
mywell,2429.4073,110.6299,1.722,2.3623,0.416936,106.247,8.5,0.046,Shale
mywell,2429.5597,106.9026,1.8004,2.4225,0.432872,106.374,8.5,0.0672,Shale
mywell,2429.7121,106.4831,1.8615,2.2395,0.495496,106.375,8.5,0.0597,Shale
mywell,2429.8645,110.6742,1.8967,2.4503,0.514848,106.499,8.5,0.0526,Shale
mywell,2430.0169,116.6104,1.8593,2.3647,0.347352,104.888,8.5,0.0333,Shale
mywell,2430.1693,116.5132,1.8402,2.4731,0.517616,104.875,8.5,0.043,Shale
mywell,2430.3217,118.5496,1.7894,2.3629,0.43468,104.131,8.5,0.033,Shale
mywell,2430.4741,117.9639,1.7642,2.485,0.447888,104.125,8.5,0.0378,Shale
mywell,2430.6265,110.7779,1.7481,2.5951,0.407328,105.489,8.5,0.0491,Silty Sand
mywell,2430.7789,121.9366,1.7073,2.4373,0.399064,104.012,8.5,0.0411,Shale
mywell,2430.9313,132.9301,1.6862,2.4519,0.401976,103.132,8.5,0.0417,Shale
mywell,2431.0837,136.8283,1.7158,2.3955,0.311728,103.125,8.5,0.0158,Shale
mywell,2431.2361,130.3237,1.8539,2.4674,0.422104,101.141,8.5,0.0465,Shale
mywell,2431.3885,130.4535,1.9919,2.468,0.510296,102.241,8.5,0.0425,Shale
mywell,2431.5409,126.4562,2.0624,2.3351,0.403864,105.226,8.5,0.0265,Shale
mywell,2431.6933,127.8713,2.1533,2.461,0.453592,107.73,8.5,0.0291,Shale
mywell,2431.8457,123.7384,2.2502,2.3916,0.491696,105.146,8.5,0.0319,Shale
mywell,2431.9981,127.7712,2.4058,2.4128,0.478112,103.265,8.5,0.0308,Shale
mywell,2432.1505,130.9496,2.7175,2.4338,0.39864,101.39,8.5,0.0362,Shale
mywell,2432.3029,136.3427,3.0484,2.4519,0.325584,96.291,8.5,0.02,Shale
mywell,2432.4553,134.4188,2.9647,2.5066,0.35972,93.026,8.5,0.0429,Shale
mywell,2432.6077,123.8144,2.8708,2.5874,0.308416,93.62,8.5,0.0238,Shale
mywell,2432.7601,127.7962,3.0992,2.5642,0.346688,89.781,8.5,0.0319,Shale
mywell,2432.9125,132.7384,3.4492,2.6076,0.31724,92.726,8.5,0.0217,Shale
mywell,2433.0649,134.6568,3.703,2.5336,0.32692,92.75,8.5,0.021,Shale
mywell,2433.2173,115.8379,3.9351,2.5816,0.352792,91.882,8.5,0.0446,Shale
mywell,2433.3697,107.7133,3.5432,2.4977,0.222056,92.867,8.5,0.0334,Shale
mywell,2433.5221,109.0586,3.5628,2.4405,0.167432,91.263,8.5,0.0306,Shale
mywell,2433.6745,114.1689,3.5194,2.4876,0.329688,85.794,8.5,0.0338,Shale
mywell,2433.8269,114.9361,3.4724,2.5049,0.33596,87.858,8.5,0.0375,Shale
mywell,2433.9793,118.7285,2.9353,2.4703,0.407424,88.619,8.5,0.0423,Silty Sand
mywell,2434.1317,121.2301,3.1552,2.7259,0.39808,89.989,8.5,0.0557,Shale
mywell,2434.2841,121.1419,2.9745,2.3778,0.326576,95.456,8.5,0.0271,Shale
mywell,2434.4365,111.841,2.9869,2.4732,0.368656,93.144,8.5,0.0558,Shale
mywell,2434.5889,112.1152,3.0297,2.4919,0.353128,96.721,8.5,0.0533,Shale
mywell,2434.7413,117.2447,3.1203,2.486,0.282568,93.154,8.5,0.0305,Shale
mywell,2434.8937,119.3861,3.2797,2.5128,0.287952,92.877,8.5,0.0287,Shale
mywell,2435.0461,124.3898,3.4119,2.5031,0.40208,91.883,8.5,0.0348,Silty Sand
mywell,2435.1985,126.9705,3.4705,2.5486,0.315704,89.519,8.5,0.0234,Shale
mywell,2435.3509,131.3131,3.5127,2.5212,0.28028,87.516,8.5,0.0221,Shale
mywell,2435.5033,131.354,3.4912,2.5637,0.227424,85.516,8.5,0.0198,Shale
mywell,2435.6557,131.354,3.5297,2.5858,0.184344,85.5,8.5,0.0162,Shale
mywell,2435.8081,125.7829,3.536,2.5979,0.22368,88.724,8.5,0.0228,Shale
mywell,2435.9605,124.125,3.53,2.6288,0.31824,85.03,8.5,0.0205,Shale
mywell,2436.1129,119.6262,3.3693,2.4475,0.359672,89.216,8.5,0.0423,Shale
mywell,2436.2653,123.3199,3.1686,2.5968,0.331232,85.53,8.5,0.0256,Shale
mywell,2436.4177,123.6287,3.037,2.3966,0.371672,91.576,8.5,0.0344,Shale
mywell,2436.5701,123.0457,2.9795,2.3712,0.316448,90.385,8.5,0.0232,Shale
mywell,2436.7225,123.2354,2.9959,2.7539,0.332864,90.251,8.5,0.0231,Shale
mywell,2436.8749,124.9036,3.0436,2.4991,0.39748,90.25,8.5,0.033,Shale
mywell,2437.0273,123.8466,3.1194,2.5813,0.4724,91.49,8.5,0.036,Shale
mywell,2437.1797,122.5573,3.2281,2.4511,0.360904,90.136,8.5,0.0501,Shale
mywell,2437.3321,112.7778,3.2588,2.5631,0.383808,89.009,8.5,0.0543,Shale
mywell,2437.4845,106.1508,3.0904,2.5779,0.317536,88.132,8.5,0.049,Shale
mywell,2437.6369,109.1464,2.9104,2.6951,0.323944,84.653,8.5,0.0321,Shale
mywell,2437.7893,106.9936,2.8009,2.6295,0.366656,85.865,8.5,0.0662,Shale
mywell,2437.9417,109.1901,2.6978,2.7113,0.334264,88.975,8.5,0.0326,Shale
mywell,2438.0941,103.0377,2.5373,2.6396,0.406416,97.06,8.5,0.068,Shale
mywell,2438.2465,96.2374,2.3297,2.4852,0.38716,96.877,8.5,0.0743,Shale
mywell,2438.3989,91.5424,2.1147,2.3154,0.485208,102.579,8.5,0.0577,Shale
mywell,2438.5513,93.0436,1.9592,2.312,0.504848,100.269,8.5,0.0662,Shale
mywell,2438.7037,101.0813,1.716,2.1543,0.457384,102.482,8.5,0.057,Shale
mywell,2438.8561,109.1941,1.5682,2.2601,0.464936,100.02,8.5,0.0478,Shale
mywell,2439.0085,115.2249,1.5234,2.4386,0.46004,100.248,8.5,0.061,Shale
mywell,2439.1609,108.5859,1.5111,2.2356,0.434208,101.118,8.5,0.0468,Shale
mywell,2439.3133,106.6541,1.509,2.4949,0.405232,102.489,8.5,0.0616,Shale
mywell,2439.4657,93.9354,1.4852,2.25,0.406984,101.26,8.5,0.0576,Shale
mywell,2439.6181,100.653,1.4681,2.2103,0.395096,104.846,8.5,0.0566,Shale
mywell,2439.7705,99.2269,1.4442,2.2765,0.476344,106.363,8.5,0.0656,Shale
mywell,2439.9229,106.6481,1.4232,2.4972,0.379784,106.003,8.5,0.0677,Shale
mywell,2440.0753,104.9333,1.4042,2.3631,0.479192,106.124,8.5,0.0542,Shale
mywell,2440.2277,110.8512,1.3465,2.3263,0.469088,105.257,8.5,0.0422,Shale
mywell,2440.3801,118.088,1.3787,2.3458,0.436264,107.234,8.5,0.0333,Shale
mywell,2440.5325,110.578,1.3621,2.3599,0.479648,105.886,8.5,0.046,Shale
mywell,2440.6849,110.894,1.359,2.3461,0.503808,105.875,8.5,0.046,Shale
mywell,2440.8373,107.2613,1.362,2.2954,0.472256,106.495,8.5,0.0568,Shale
mywell,2440.9897,106.4434,1.4384,2.4746,0.505728,106.5,8.5,0.0677,Shale
mywell,2441.1421,103.337,1.4807,2.3718,0.387952,106.128,8.5,0.0567,Shale
mywell,2441.2945,107.4625,1.5723,2.3809,0.475288,107.117,8.5,0.0591,Shale
mywell,2441.4469,112.3955,1.6791,2.3403,0.427392,106.753,8.5,0.0432,Shale
mywell,2441.5993,113.3605,1.8407,2.4144,0.485528,105.758,8.5,0.0491,Shale
mywell,2441.7517,110.9227,2.1832,2.3952,0.462192,106.494,8.5,0.0493,Shale
mywell,2441.9041,116.9542,2.4598,2.4168,0.50168,103.276,8.5,0.0415,Shale
mywell,2442.0565,118.7261,2.4511,2.4478,0.439504,96.058,8.5,0.0422,Shale
mywell,2442.2089,112.4011,2.3339,2.7059,0.276312,90.792,8.5,0.0306,Shale
mywell,2442.3613,95.5346,2.4937,2.6693,0.244248,84.674,8.5,0.0405,Shale
mywell,2442.5137,88.4977,2.6101,2.7216,0.38784,85.369,8.5,0.0726,Shale
mywell,2442.6661,97.0784,2.7033,2.5633,0.437608,85.623,8.5,0.0784,Silty Sand
mywell,2442.8185,108.2872,2.4441,2.4529,0.427088,91.205,8.5,0.0675,Shale
mywell,2442.9709,122.3811,2.0839,2.2705,0.484536,95.466,8.5,0.0441,Shale
mywell,2443.1233,115.3546,1.957,2.3394,0.409608,96.12,8.5,0.0537,Shale
mywell,2443.2757,118.5914,1.9104,2.4124,0.434792,100.837,8.5,0.041,Shale
mywell,2443.4281,107.4193,1.8475,2.4249,0.447896,99.139,8.5,0.0662,Shale
mywell,2443.5805,111.5777,1.8113,2.4052,0.45792,102.969,8.5,0.0467,Shale
mywell,2443.7329,104.9071,1.8239,2.4734,0.412368,100.644,8.5,0.0633,Shale
mywell,2443.8853,108.4599,1.8488,2.3877,0.458624,101.245,8.5,0.0451,Shale
mywell,2444.0377,111.7834,1.9006,2.3126,0.427256,101.374,8.5,0.0436,Shale
mywell,2444.1901,121.1199,1.9099,2.4747,0.453784,99.639,8.5,0.0451,Shale
mywell,2444.3425,125.162,1.8951,2.4343,0.407376,100.493,8.5,0.0324,Shale
mywell,2444.4949,123.4927,1.8394,2.4032,0.420888,100.252,8.5,0.035,Shale
mywell,2444.6473,120.1965,1.8221,2.4556,0.40612,98.018,8.5,0.0422,Silty Sand
mywell,2444.7997,114.3479,1.8776,2.4401,0.486352,99.24,8.5,0.0549,Shale
mywell,2444.9521,115.4329,1.8949,2.4073,0.404664,99.25,8.5,0.0431,Shale
mywell,2445.1045,115.0502,1.892,2.4457,0.471456,100.986,8.5,0.0602,Shale
mywell,2445.2569,115.3486,1.8702,2.4113,0.478944,100.752,8.5,0.0606,Shale
mywell,2445.4093,111.5635,1.8571,2.405,0.507768,105.09,8.5,0.0472,Shale
mywell,2445.5617,109.3218,1.8421,2.3931,0.496096,102.149,8.5,0.0441,Shale
mywell,2445.7141,109.3467,1.841,2.4168,0.398784,102.125,8.5,0.0467,Shale
mywell,2445.8665,118.1351,1.8301,2.4309,0.443632,101.381,8.5,0.0366,Shale
mywell,2446.0189,115.7081,1.833,2.432,0.40928,101.623,8.5,0.0395,Shale
mywell,2446.1713,118.1988,1.8578,2.4717,0.4586,100.633,8.5,0.0419,Shale
mywell,2446.3237,109.6134,1.9582,2.5087,0.446104,101.865,8.5,0.049,Shale
mywell,2446.4761,107.9667,2.0751,2.4425,0.400368,100.139,8.5,0.0659,Shale
mywell,2446.6285,113.6967,2.2774,2.4341,0.40992,100.497,8.5,0.053,Shale
mywell,2446.7809,117.586,2.5171,2.432,0.408016,101.244,8.5,0.0366,Shale
mywell,2446.9333,123.4976,3.0021,2.5163,0.475456,101.622,8.5,0.0365,Shale
mywell,2447.0857,125.8564,3.8234,2.4277,0.377792,98.649,8.5,0.0317,Shale
mywell,2447.2381,127.611,4.2645,2.55,0.207368,95.277,8.5,0.0226,Shale
mywell,2447.3905,124.4496,4.3821,2.6502,0.15144,89.546,8.5,0.0211,Shale
mywell,2447.5429,109.4547,4.7808,2.6996,0.177784,81.068,8.5,0.0302,Shale
mywell,2447.6953,97.7067,5.2701,2.7337,0.238512,75.668,8.5,0.0344,Shale
mywell,2447.8477,101.6703,5.3117,2.6199,0.360024,77.113,8.5,0.1011,Shale
mywell,2448.0001,109.3335,4.9588,2.5138,0.314376,75.761,8.5,0.0313,Shale
mywell,2448.1525,117.3052,4.342,2.4822,0.354672,78.602,8.5,0.0586,Shale
mywell,2448.3049,114.3682,3.7587,2.4364,0.322264,88.545,8.5,0.0338,Shale
mywell,2448.4573,114.9938,3.506,2.3953,0.424176,86.145,8.5,0.0574,Shale
mywell,2448.6097,126.9655,3.3473,2.2452,0.407144,90.465,8.5,0.0294,Shale
mywell,2448.7621,133.4187,3.223,2.4097,0.401048,95.088,8.5,0.0428,Shale
mywell,2448.9145,143.4148,3.1307,2.405,0.35636,91.529,8.5,0.0254,Shale
mywell,2449.0669,131.7447,3.0149,2.3187,0.43536,95.716,8.5,0.0318,Shale
mywell,2449.2193,124.4322,3.1787,2.2188,0.41616,95.006,8.5,0.0331,Shale
mywell,2449.3717,118.8773,3.178,2.347,0.330688,95.124,8.5,0.0259,Shale
mywell,2449.5241,118.9124,3.1482,2.2934,0.44904,91.281,8.5,0.0385,Shale
mywell,2449.6765,114.8428,3.1411,2.4934,0.35576,93.11,8.5,0.0592,Shale
mywell,2449.8289,114.4658,3.0894,2.3512,0.432376,93.001,8.5,0.0547,Shale
mywell,2449.9813,118.0729,3.0086,2.35,0.433,91.884,8.5,0.0375,Shale
mywell,2450.1337,127.0786,2.9445,2.4353,0.36356,94.231,8.5,0.0332,Shale
mywell,2450.2861,126.8028,2.9172,2.4658,0.403672,94.87,8.5,0.0331,Silty Sand
mywell,2450.4385,124.7317,2.8634,2.3103,0.434752,95.743,8.5,0.029,Shale
mywell,2450.5909,123.9313,2.733,2.2792,0.46476,97.238,8.5,0.0306,Shale
mywell,2450.7433,119.8508,2.479,2.4586,0.465,99.358,8.5,0.0425,Shale
mywell,2450.8957,124.781,2.4383,2.3043,0.414408,96.647,8.5,0.029,Shale
mywell,2451.0481,113.8316,2.4221,2.3496,0.5132,98.237,8.5,0.048,Shale
mywell,2451.2005,117.6068,2.3377,2.3381,0.369168,98.87,8.5,0.0371,Shale
mywell,2451.3529,116.644,2.2289,2.344,0.373952,98.875,8.5,0.0417,Shale
mywell,2451.5053,116.7749,2.2409,2.2369,0.396816,101.603,8.5,0.0381,Shale
mywell,2451.6577,113.2187,2.2688,2.3739,0.46644,99.269,8.5,0.0503,Shale
mywell,2451.8101,115.3952,2.2938,2.2351,0.500728,99.498,8.5,0.0402,Shale
mywell,2451.9625,117.2958,2.2573,2.3044,0.44644,99.624,8.5,0.0415,Shale
mywell,2452.1149,109.6051,2.255,2.2911,0.382512,100.617,8.5,0.0497,Shale
mywell,2452.2673,109.046,2.2352,2.3654,0.403824,101.617,8.5,0.0411,Shale
mywell,2452.4197,107.9458,2.2231,2.3848,0.444672,100.137,8.5,0.0611,Shale
mywell,2452.5721,115.4752,2.222,2.3582,0.388456,100.249,8.5,0.0391,Shale
mywell,2452.7245,112.2991,2.1972,2.2915,0.520928,99.134,8.5,0.0496,Shale
mywell,2452.8769,108.3496,2.2,2.418,0.481328,99.373,8.5,0.0662,Shale
mywell,2453.0293,107.8726,2.2198,2.2434,0.389736,101.235,8.5,0.0512,Shale
mywell,2453.1817,104.9515,2.2379,2.3293,0.432648,100.134,8.5,0.0554,Shale
mywell,2453.3341,114.7597,2.2707,2.2506,0.455816,100.373,8.5,0.0551,Shale
mywell,2453.4865,107.9922,2.3137,2.3591,0.458976,98.391,8.5,0.0584,Shale
mywell,2453.6389,116.5109,2.3448,2.3848,0.48876,100.731,8.5,0.0437,Shale
mywell,2453.7913,110.8502,2.3698,2.3384,0.462216,99.634,8.5,0.047,Shale
mywell,2453.9437,121.9868,2.2202,2.3142,0.38264,98.757,8.5,0.0413,Shale
mywell,2454.0961,119.2835,2.1198,2.3785,0.430608,98.006,8.5,0.0386,Shale
mywell,2454.2485,124.3966,1.999,2.3304,0.442904,96.636,8.5,0.0298,Shale
mywell,2454.4009,118.1259,1.9256,2.3181,0.421176,96.997,8.5,0.0378,Shale
mywell,2454.5533,119.7981,1.9111,2.2287,0.417032,98.736,8.5,0.0386,Shale
mywell,2454.7057,109.64,1.917,2.3044,0.46164,97.51,8.5,0.05,Shale
mywell,2454.8581,110.6065,1.9001,2.1294,0.499696,101.22,8.5,0.0501,Shale
mywell,2455.0105,116.5601,1.8564,2.2837,0.500992,100.878,8.5,0.0417,Shale
mywell,2455.1629,129.379,1.8243,2.1372,0.447432,101.247,8.5,0.0344,Shale
mywell,2455.3153,132.6415,1.821,2.4267,0.409304,102.738,8.5,0.0418,Shale
mywell,2455.4677,132.9725,1.7714,2.3953,0.42884,102.75,8.5,0.0379,Shale
mywell,2455.6201,121.559,1.7343,2.3752,0.416104,102.006,8.5,0.0375,Shale
mywell,2455.7725,112.038,1.7271,2.3889,0.413024,101.876,8.5,0.0459,Shale
mywell,2455.9249,100.675,1.7409,2.4227,0.460616,102.495,8.5,0.0614,Shale
mywell,2456.0773,104.6224,1.7648,2.4051,0.537384,104.112,8.5,0.0535,Shale
mywell,2456.2297,105.9634,1.771,2.276,0.412016,104.621,8.5,0.0543,Shale
mywell,2456.3821,111.4201,1.8464,2.5071,0.416952,103.385,8.5,0.0478,Shale
mywell,2456.5345,110.2042,1.9373,2.2521,0.433864,103.127,8.5,0.0432,Shale
mywell,2456.6869,112.9954,2.0243,2.4256,0.474672,106.101,8.5,0.0491,Shale
mywell,2456.8393,116.9562,2.1331,2.3149,0.493848,106.249,8.5,0.0378,Shale
mywell,2456.9917,123.8397,2.2173,2.3983,0.493008,106.25,8.5,0.0289,Shale
mywell,2457.1441,123.2303,2.3271,2.3484,0.496968,103.77,8.5,0.029,Shale
mywell,2457.2965,123.0345,2.4252,2.4244,0.507912,103.75,8.5,0.033,Shale
mywell,2457.4489,119.0084,2.5738,2.3566,0.42368,101.146,8.5,0.0361,Shale
mywell,2457.6013,113.1073,2.5393,2.3223,0.485496,99.265,8.5,0.0493,Shale
mywell,2457.7537,111.8855,2.412,2.2972,0.37688,97.266,8.5,0.0495,Shale
mywell,2457.9061,104.9558,2.2612,2.5579,0.332352,96.01,8.5,0.0412,Shale
mywell,2458.0585,106.764,2.1955,2.5273,0.378624,95.256,8.5,0.0713,Shale
mywell,2458.2109,102.7197,2.1295,2.5994,0.419672,93.886,8.5,0.0784,Shale
mywell,2458.3633,113.1814,2.004,2.481,0.475552,95.859,8.5,0.0546,Shale
mywell,2458.5157,109.8624,1.9117,2.3838,0.477984,99.967,8.5,0.0511,Shale
mywell,2458.6681,113.5143,1.915,2.2659,0.465104,103.844,8.5,0.0442,Shale
mywell,2458.8205,110.3111,1.917,2.388,0.464008,104.743,8.5,0.0448,Shale
mywell,2458.9729,109.787,1.8872,2.3543,0.499712,104.502,8.5,0.0428,Shale
mywell,2459.1253,109.2503,1.9207,2.3074,0.367072,104.5,8.5,0.0422,Shale
mywell,2459.2777,105.6936,1.9805,2.2991,0.44536,102.392,8.5,0.0496,Shale
mywell,2459.4301,105.6154,2.0197,2.301,0.508496,103.987,8.5,0.0496,Shale
mywell,2459.5825,106.86,2.0289,2.2891,0.430632,103.628,8.5,0.0543,Shale
mywell,2459.7349,108.0654,2.0488,2.2404,0.46968,105.485,8.5,0.0523,Shale
mywell,2459.8873,109.5055,2.0887,2.2965,0.476944,104.88,8.5,0.0448,Shale
mywell,2460.0397,108.4823,2.1505,2.297,0.477,102.023,8.5,0.0428,Shale
mywell,2460.1921,110.4025,2.2571,2.3674,0.470056,102.868,8.5,0.0437,Shale
mywell,2460.3445,105.6068,2.3354,2.4166,0.46008,102.007,8.5,0.056,Shale
mywell,2460.4969,112.3434,2.3806,2.3932,0.478848,98.528,8.5,0.0515,Shale
mywell,2460.6493,109.7999,2.2709,2.52,0.470072,97.26,8.5,0.0554,Shale
mywell,2460.8017,106.0521,2.0904,2.3881,0.444208,95.514,8.5,0.0652,Shale
mywell,2460.9541,98.7834,1.8936,2.2898,0.42416,95.872,8.5,0.0688,Shale
mywell,2461.1065,95.5655,2.3086,2.4299,0.341664,90.419,8.5,0.0486,Shale
mywell,2461.2589,88.9005,2.9885,2.313,0.328104,94.219,8.5,0.0487,Shale
mywell,2461.4113,91.1157,3.5247,2.4588,0.31312,100.202,8.5,0.0468,Shale
mywell,2461.5637,92.7103,3.533,2.1436,0.411208,104.466,8.5,0.0626,Shale
mywell,2461.7161,97.6324,3.6758,2.2253,0.508224,109.088,8.5,0.064,Shale
mywell,2461.8685,96.3705,4.9795,2.1615,0.421704,109.249,8.5,0.0652,Shale
mywell,2462.0209,95.0684,6.5931,2.2642,0.477544,106.15,8.5,0.072,Shale
mywell,2462.1733,82.0816,9.0483,2.1251,0.381776,105.505,8.5,0.0802,Silty Sand
mywell,2462.3257,66.9125,13.781,2.249,0.254024,109.344,8.5,0.0788,Silty Sand
mywell,2462.4781,53.3633,21.8839,2.2748,0.290696,105.903,8.5,0.1772,Silty Sand
mywell,2462.6305,43.3707,24.6681,2.1738,0.165016,102.403,8.5,0.1322,Sandstone
mywell,2462.7829,39.4589,41.4409,2.171,0.101504,101.011,8.5,0.1875,Sandstone
mywell,2462.9353,37.9519,80.0972,2.2256,0.047432,97.9,8.5,0.3184,Sandstone
mywell,2463.0877,30.1528,90.0333,2.2101,0.049976,95.643,8.5,0.3432,Sandstone
mywell,2463.2401,30.6654,87.4227,2.1535,0.047024,93.517,8.5,0.3545,Sandstone
mywell,2463.3925,31.7433,92.48,2.1887,0.069816,92.756,8.5,0.4112,Sandstone
mywell,2463.5449,42.1214,98.3916,2.2118,0.072976,94.114,8.5,0.2862,Sandstone
mywell,2463.6973,43.2198,90.9425,2.2418,0.06804,94.373,8.5,0.2518,Sandstone
mywell,2463.8497,39.3155,252.897,2.2281,0.042208,96.111,8.5,0.6413,Sandstone
mywell,2464.0021,31.6426,345.4638,2.1596,0.028112,93.893,8.5,0.6807,Sandstone
mywell,2464.1545,26.5863,308.7491,2.157,0.02304,94.619,8.5,0.6416,Sandstone
mywell,2464.3069,29.4575,203.0572,2.1828,0.045816,97.601,8.5,0.6299,Sandstone
mywell,2464.4593,34.194,203.0036,2.1453,0.042032,95.517,8.5,0.6371,Sandstone
mywell,2464.6117,47.2927,199.0013,2.1748,0.064816,94.384,8.5,0.6345,Silty Sand
mywell,2464.7641,45.5291,232.1741,2.1869,0.072936,96.235,8.5,0.6286,Shale
mywell,2464.9165,39.8794,392.1834,2.1572,0.054152,95.506,8.5,0.652,Sandstone
mywell,2465.0689,27.9657,563.9081,2.0925,0.027216,96.864,8.5,0.6597,Sandstone
mywell,2465.2213,27.0952,687.019,2.098,0.034936,98.363,8.5,0.7136,Sandstone
mywell,2465.3737,26.472,669.5023,2.0821,0.043928,99.119,8.5,0.6789,Sandstone
mywell,2465.5261,30.0947,386.2081,2.0751,0.037056,97.885,8.5,0.688,Sandstone
mywell,2465.6785,30.864,378.7229,2.0839,0.05684,100.231,8.5,0.6533,Sandstone
mywell,2465.8309,34.7081,462.7895,2.079,0.08676,98.39,8.5,0.6544,Sandstone
mywell,2465.9833,31.0944,462.0663,2.075,0.08204,96.267,8.5,0.6492,Sandstone
mywell,2466.1357,27.8529,498.7579,2.1276,0.044304,95.134,8.5,0.6275,Sandstone
mywell,2466.2881,23.978,567.7786,2.1488,0.036064,95.125,8.5,0.7018,Sandstone
mywell,2466.4405,20.8123,489.4444,2.1589,0.04592,94.753,8.5,0.6606,Sandstone
mywell,2466.5929,23.3583,303.8242,2.1124,0.046,93.386,8.5,0.6547,Sandstone
mywell,2466.7453,26.5832,245.6721,2.114,0.053936,92.755,8.5,0.6832,Sandstone
mywell,2466.8977,36.6292,220.6512,2.0961,0.06392,91.138,8.5,0.6402,Sandstone
mywell,2467.0501,38.3647,211.6877,2.1357,0.062016,90.629,8.5,0.6342,Sandstone
mywell,2467.2025,37.7798,229.3777,2.1648,0.051088,91.741,8.5,0.665,Sandstone
mywell,2467.3549,33.9012,264.0495,2.169,0.03612,93.734,8.5,0.6843,Sandstone
mywell,2467.5073,34.0634,283.8664,2.0986,0.033024,95.486,8.5,0.6838,Sandstone
mywell,2467.6597,34.0829,254.8999,2.0692,0.07268,100.46,8.5,0.6476,Sandstone
mywell,2467.8121,34.2407,180.7621,2.1097,0.073,104.344,8.5,0.6237,Sandstone
mywell,2467.9645,36.2439,121.2989,2.2032,0.11268,105.119,8.5,0.452,Sandstone
mywell,2468.1169,34.9317,95.1501,2.1415,0.113,113.185,8.5,0.3915,Sandstone
mywell,2468.2693,38.1758,93.5473,2.0735,0.24196,109.902,8.5,0.4381,Sandstone
mywell,2468.4217,36.9154,107.4408,1.9331,0.258872,104.171,8.5,0.4023,Sandstone
mywell,2468.5741,36.7116,164.4599,1.9588,0.157816,103.133,8.5,0.4568,Sandstone
mywell,2468.7265,33.4523,220.2249,2.0681,0.088552,93.949,8.5,0.6557,Sandstone
mywell,2468.8789,31.4708,231.8081,2.1255,0.099904,90.155,8.5,0.6332,Sandstone
mywell,2469.0313,32.8636,242.8496,2.1369,0.106944,89.753,8.5,0.6386,Sandstone
mywell,2469.1837,32.3066,250.368,2.2213,0.069304,89.998,8.5,0.6414,Sandstone
mywell,2469.3361,27.3589,249.3646,2.3103,0.080904,90.496,8.5,0.6554,Sandstone
mywell,2469.4885,27.3547,224.6195,2.186,0.089928,92.484,8.5,0.6721,Sandstone
mywell,2469.6409,27.8827,221.7277,2.1691,0.096944,91.012,8.5,0.6339,Sandstone
mywell,2469.7933,31.603,232.5217,2.1591,0.086088,91.62,8.5,0.6344,Sandstone
mywell,2469.9457,33.3591,264.9094,2.1084,0.0612,91.253,8.5,0.6216,Sandstone
mywell,2470.0981,30.1678,354.8962,2.1298,0.067944,92.986,8.5,0.6302,Sandstone
mywell,2470.2505,30.1767,384.0139,2.1409,0.069984,94.86,8.5,0.6302,Sandstone
mywell,2470.4029,29.6671,372.9531,2.1589,0.07,94.751,8.5,0.6314,Sandstone
mywell,2470.5553,32.3037,392.8735,2.1144,0.063056,95.122,8.5,0.6204,Sandstone
mywell,2470.7077,30.4521,389.0352,2.108,0.06796,95.001,8.5,0.6302,Sandstone
mywell,2470.8601,26.0414,348.962,2.1219,0.067008,96.736,8.5,0.6654,Sandstone
mywell,2471.0125,27.9781,446.0055,2.1101,0.066008,95.386,8.5,0.6302,Sandstone
mywell,2471.1649,27.9057,512.744,2.1179,0.066,96.243,8.5,0.6289,Sandstone
mywell,2471.3173,27.2007,526.1213,2.1368,0.067984,96.498,8.5,0.6654,Sandstone
mywell,2471.4697,24.589,517.4141,2.139,0.07296,96.748,8.5,0.6735,Sandstone
mywell,2471.6221,22.0324,503.582,2.1142,0.06308,95.51,8.5,0.6526,Sandstone
mywell,2471.7745,25.8858,488.9263,2.1259,0.063,97.236,8.5,0.6509,Sandstone
mywell,2471.9269,24.7197,486.8746,2.1359,0.05308,97.622,8.5,0.6667,Sandstone
mywell,2472.0793,28.6125,511.7016,2.134,0.06788,99.361,8.5,0.6228,Sandstone
mywell,2472.2317,27.3296,482.4416,2.1181,0.067008,99.871,8.5,0.6587,Sandstone
mywell,2472.3841,27.2664,422.2685,2.1081,0.072952,100.619,8.5,0.6587,Sandstone
mywell,2472.5365,27.1777,330.9904,2.0822,0.070024,101.493,8.5,0.6698,Sandstone
mywell,2472.6889,25.2972,209.6271,2.0999,0.062064,102.988,8.5,0.6474,Sandstone
mywell,2472.8413,27.9297,194.1678,2.0534,0.084816,104.364,8.5,0.65,Sandstone
mywell,2472.9937,31.0401,195.2979,2.047,0.098888,103.755,8.5,0.6227,Sandstone
mywell,2473.1461,31.5937,207.2556,2.047,0.071224,101.642,8.5,0.6195,Sandstone
mywell,2473.2985,31.5097,254.7407,2.0311,0.055128,98.401,8.5,0.6104,Sandstone
mywell,2473.4509,27.2077,267.9614,2.0786,0.05996,96.763,8.5,0.6643,Sandstone
mywell,2473.6033,25.4558,228.3206,2.1316,0.047104,97.122,8.5,0.6681,Sandstone
mywell,2473.7557,26.6423,41.5322,2.1786,0.070808,95.885,8.5,0.2471,Sandstone
mywell,2473.9081,36.0244,25.7571,2.1552,0.052152,95.999,8.5,0.1888,Sandstone
mywell,2474.0605,58.1224,19.7634,2.1183,0.127392,97.612,8.5,0.1092,Silty Sand
mywell,2474.2129,88.7713,15.2381,2.1646,0.209344,100.229,8.5,0.0454,Shale
mywell,2474.3653,105.4257,13.099,2.2662,0.267536,101.118,8.5,0.0296,Shale
mywell,2474.5177,114.2469,11.965,2.2968,0.234272,100.753,8.5,0.0261,Shale
mywell,2474.6701,106.628,11.7596,2.2226,0.282608,103.85,8.5,0.0337,Shale
mywell,2474.8225,109.8961,10.8513,2.2567,0.336568,103.007,8.5,0.0291,Shale
mywell,2474.9749,113.6251,10.7805,2.3334,0.29236,101.264,8.5,0.0306,Shale
mywell,2475.1273,123.2794,11.0955,2.2715,0.28208,103.606,8.5,0.0226,Shale
mywell,2475.2797,124.0623,11.8936,2.271,0.282,103.873,8.5,0.0225,Shale
mywell,2475.4321,111.7116,12.6103,2.2462,0.270096,109.083,8.5,0.0291,Shale
mywell,2475.5845,108.0606,12.7202,2.3611,0.258096,109.497,8.5,0.0307,Shale
mywell,2475.7369,113.5604,12.2518,2.2816,0.269904,106.028,8.5,0.0283,Shale
mywell,2475.8893,125.3027,11.5724,2.16,0.281904,105.628,8.5,0.0227,Shale
mywell,2476.0417,134.6454,11.0799,2.157,0.209584,102.401,8.5,0.0141,Shale
mywell,2476.1941,131.4593,10.6266,2.155,0.29828,101.259,8.5,0.0238,Shale
mywell,2476.3465,131.0084,9.8889,2.2056,0.28412,100.754,8.5,0.0204,Shale
mywell,2476.4989,128.8117,8.9495,2.2864,0.270112,99.138,8.5,0.0159,Shale
mywell,2476.6513,145.7017,8.8111,2.3178,0.297776,98.009,8.5,0.0126,Shale
mywell,2476.8037,145.5215,9.0848,2.2714,0.271216,98.744,8.5,0.0123,Shale
mywell,2476.9561,153.2318,10.5373,2.3027,0.274968,98.006,8.5,0.006,Shale
mywell,2477.1085,139.531,11.0797,2.3635,0.311704,101.968,8.5,0.0114,Shale
mywell,2477.2609,125.2711,11.4887,2.362,0.260416,103.612,8.5,0.0213,Shale
mywell,2477.4133,102.59,12.9691,2.3481,0.316544,106.229,8.5,0.0436,Shale
mywell,2477.5657,76.0198,15.5175,2.2895,0.243592,110.218,8.5,0.0615,Silty Sand
mywell,2477.7181,68.8303,22.5494,2.3217,0.1438,109.382,8.5,0.1133,Silty Sand
mywell,2477.8705,67.8207,25.575,2.2367,0.119192,108.135,8.5,0.1152,Silty Sand
mywell,2478.0229,84.1384,20.9326,2.0951,0.197368,104.033,8.5,0.0664,Silty Sand
mywell,2478.1753,92.204,19.0796,2.0315,0.211888,106.604,8.5,0.0537,Shale
mywell,2478.3277,98.8598,18.575,2.0955,0.270528,106.253,8.5,0.0529,Shale
mywell,2478.4801,96.7207,18.0532,2.1684,0.328536,106.374,8.5,0.0664,Shale
mywell,2478.6325,91.8719,17.678,2.2563,0.24468,109.103,8.5,0.051,Shale
mywell,2478.7849,86.1707,19.6015,2.3106,0.23904,106.273,8.5,0.069,Shale
mywell,2478.9373,84.4237,20.1011,2.1939,0.22412,105.382,8.5,0.0691,Silty Sand
mywell,2479.0897,82.3536,19.3848,2.1533,0.240864,105.375,8.5,0.0728,Silty Sand
mywell,2479.2421,83.7546,18.4406,2.1828,0.2162,106.367,8.5,0.0565,Silty Sand
mywell,2479.3945,81.9229,17.9102,2.1999,0.252704,106.375,8.5,0.0603,Silty Sand
mywell,2479.5469,92.5432,17.5816,2.2079,0.266888,104.763,8.5,0.0438,Shale
mywell,2479.6993,101.563,17.2328,2.204,0.238232,103.51,8.5,0.0398,Shale
mywell,2479.8517,106.0306,17.0624,2.2159,0.230064,103.5,8.5,0.0404,Shale
mywell,2480.0041,103.5136,16.9737,2.1932,0.265712,102.632,8.5,0.0374,Shale
mywell,2480.1565,95.1264,16.7706,2.198,0.23624,104.361,8.5,0.0413,Shale
mywell,2480.3089,91.3013,16.3018,2.2099,0.214176,104.375,8.5,0.0416,Shale
mywell,2480.4613,84.8656,15.4399,2.2338,0.19912,105.367,8.5,0.0385,Silty Sand
mywell,2480.6137,83.0661,13.2982,2.1913,0.219832,106.119,8.5,0.0391,Silty Sand
mywell,2480.7661,90.3541,10.7851,2.1533,0.272576,105.505,8.5,0.0355,Shale
mywell,2480.9185,103.0342,9.1123,2.2076,0.26804,103.392,8.5,0.0297,Shale
mywell,2481.0709,116.4645,8.0911,2.2239,0.27792,100.895,8.5,0.0278,Shale
mywell,2481.2233,127.8877,7.7487,2.2121,0.256176,99.511,8.5,0.0221,Shale
mywell,2481.3757,126.3313,7.1597,2.2318,0.27088,95.656,8.5,0.0211,Shale
mywell,2481.5281,132.2214,6.5945,2.3233,0.337464,99.345,8.5,0.0212,Shale
mywell,2481.6805,128.3675,6.22,2.3786,0.285424,98.755,8.5,0.0188,Shale
mywell,2481.8329,127.7428,6.1277,2.4008,0.3842,101.726,8.5,0.0314,Shale
mywell,2481.9853,119.9309,5.9663,2.3643,0.35524,105.966,8.5,0.034,Shale
mywell,2482.1377,123.4957,5.6337,2.3749,0.39964,104.14,8.5,0.0387,Shale
mywell,2482.2901,121.0986,6.1657,2.3522,0.276,99.041,8.5,0.0256,Shale
mywell,2482.4425,119.0136,5.668,2.3381,0.301784,98.132,8.5,0.0211,Shale
mywell,2482.5949,108.3994,5.2583,2.3598,0.3268,93.289,8.5,0.0335,Shale
mywell,2482.7473,114.9247,5.1161,2.2876,0.389496,94.862,8.5,0.0568,Shale
mywell,2482.8997,117.578,5.1378,2.2969,0.35528,92.767,8.5,0.0417,Shale
mywell,2483.0521,118.4422,4.9317,2.3555,0.412536,97.338,8.5,0.0368,Shale
mywell,2483.2045,110.881,4.8348,2.1159,0.48244,95.763,8.5,0.0538,Shale
mywell,2483.3569,109.2447,4.8102,2.3689,0.44332,92.65,8.5,0.0496,Shale
mywell,2483.5093,102.16,4.7554,2.2658,0.422168,93.989,8.5,0.0635,Shale
mywell,2483.6617,101.358,4.632,2.1172,0.383312,91.024,8.5,0.0641,Shale
mywell,2483.8141,105.5273,4.4792,2.3263,0.380024,93.108,8.5,0.0567,Shale
mywell,2483.9665,114.2668,4.0891,2.4262,0.392896,96.101,8.5,0.0542,Shale
mywell,2484.1189,120.5509,3.7993,2.2455,0.377128,96.373,8.5,0.0406,Shale
mywell,2484.2713,118.1726,3.5381,2.2708,0.382952,98.111,8.5,0.0378,Shale
mywell,2484.4237,116.9755,3.4517,2.4059,0.484184,99.489,8.5,0.044,Shale
mywell,2484.5761,118.4778,3.328,2.3058,0.468136,94.912,8.5,0.0387,Shale
mywell,2484.7285,133.6815,3.3706,2.3199,0.42336,100.083,8.5,0.036,Shale
mywell,2484.8809,147.8269,3.3214,2.2168,0.44284,97.769,8.5,0.0322,Shale
mywell,2485.0333,148.6334,3.1236,2.341,0.471768,97.502,8.5,0.0313,Shale
mywell,2485.1857,133.7193,3.0655,2.2855,0.472992,100.352,8.5,0.0398,Shale
mywell,2485.3381,118.4561,2.8269,2.2632,0.40356,99.135,8.5,0.0381,Shale
mywell,2485.4905,99.7449,2.8389,2.3701,0.526008,104.829,8.5,0.0629,Shale
mywell,2485.6429,98.2806,2.7696,2.2877,0.420856,104.379,8.5,0.0598,Shale
mywell,2485.7953,88.0058,2.7234,2.3237,0.564832,106.483,8.5,0.0613,Shale
mywell,2485.9477,84.2486,2.8083,2.453,0.509456,106.004,8.5,0.0702,Silty Sand
mywell,2486.1001,88.8645,2.8536,1.9759,0.487176,100.048,8.5,0.0935,Shale
mywell,2486.2525,88.8117,2.8967,1.8262,0.486008,100.992,8.5,0.1187,Shale
mywell,2486.4049,100.8261,3.0448,1.8627,0.474096,100.876,8.5,0.1284,Shale
mywell,2486.5573,107.5059,3.0371,1.8799,0.581136,99.511,8.5,0.1182,Shale
mywell,2486.7097,117.1854,3.2414,1.9693,0.489744,102.724,8.5,0.0892,Shale
mywell,2486.8621,115.026,3.2995,2.0583,0.535624,99.65,8.5,0.0561,Shale
mywell,2487.0145,105.4034,2.9677,1.9201,0.44176,99.625,8.5,0.1138,Shale
mywell,2487.1669,109.415,2.723,2.1065,0.404296,102.601,8.5,0.0467,Shale
mywell,2487.3193,123.1862,2.6863,2.3322,0.409952,99.153,8.5,0.0317,Shale
mywell,2487.4717,127.4356,2.6225,2.1991,0.493328,105.449,8.5,0.0297,Shale
mywell,2487.6241,111.2468,2.5565,2.2516,0.532688,103.516,8.5,0.0432,Shale
mywell,2487.7765,99.585,2.5461,2.2927,0.377256,103.996,8.5,0.0581,Shale
mywell,2487.9289,100.4909,2.5896,2.291,0.429568,104.124,8.5,0.0545,Shale
mywell,2488.0813,110.2593,2.6485,2.3723,0.451824,101.397,8.5,0.0433,Shale
mywell,2488.2337,115.546,2.7135,2.2599,0.464896,101.003,8.5,0.0396,Shale
mywell,2488.3861,107.2701,2.8747,2.3394,0.418376,99.76,8.5,0.0577,Shale
mywell,2488.5385,102.4454,3.0883,2.3539,0.494384,96.65,8.5,0.0612,Shale
mywell,2488.6909,94.1764,3.1356,2.3748,0.458296,98.361,8.5,0.0721,Shale
mywell,2488.8433,101.2028,3.1975,2.377,0.409392,99.119,8.5,0.0644,Shale
mywell,2488.9957,107.8876,3.1286,2.258,0.409,98.257,8.5,0.0588,Shale
mywell,2489.1481,121.5493,3.1022,2.259,0.3842,100.11,8.5,0.0408,Shale
mywell,2489.3005,122.3574,3.0951,2.255,0.445504,98.513,8.5,0.0444,Shale
mywell,2489.4529,121.8749,3.3797,2.3651,0.489648,100.484,8.5,0.0397,Shale
mywell,2489.6053,109.4958,3.6856,2.3888,0.428496,100.252,8.5,0.0516,Shale
mywell,2489.7577,114.7855,4.0104,2.3424,0.345664,97.646,8.5,0.0379,Shale
mywell,2489.9101,110.5892,4.5844,2.4104,0.371784,97.005,8.5,0.0537,Shale
mywell,2490.0625,122.5652,5.4818,2.405,0.298592,92.66,8.5,0.0228,Shale
mywell,2490.2149,113.5147,7.3034,2.4338,0.33272,91.013,8.5,0.031,Shale
mywell,2490.3673,124.8311,7.5551,2.4439,0.211976,95.712,8.5,0.0222,Shale
mywell,2490.5197,117.8639,7.4072,2.4837,0.259608,100.462,8.5,0.0254,Shale
mywell,2490.6721,120.0826,7.0677,2.5386,0.380032,102.98,8.5,0.0417,Shale
mywell,2490.8245,116.8185,7.071,2.4547,0.337352,102.132,8.5,0.0295,Shale
mywell,2490.9769,119.8851,7.1712,2.4113,0.283432,100.141,8.5,0.0271,Shale
mywell,2491.1293,121.5508,7.3396,2.3832,0.349464,100.497,8.5,0.036,Shale
mywell,2491.2817,123.3913,7.589,2.3701,0.321232,100.996,8.5,0.0221,Shale
mywell,2491.4341,121.6254,8.0215,2.4355,0.308104,102.86,8.5,0.027,Shale
mywell,2491.5865,118.5427,8.1252,2.4271,0.29312,104.363,8.5,0.0279,Shale
mywell,2491.7389,104.3621,8.2679,2.304,0.298952,106.111,8.5,0.0361,Shale
mywell,2491.8913,93.211,8.3156,2.2812,0.295032,104.885,8.5,0.0379,Shale
mywell,2492.0437,83.4579,8.2327,2.2691,0.266232,104.255,8.5,0.0314,Silty Sand
mywell,2492.1961,80.6401,8.1576,2.2343,0.269968,103.01,8.5,0.0386,Silty Sand
mywell,2492.3485,79.6339,7.7483,2.1933,0.246192,100.52,8.5,0.0437,Silty Sand
mywell,2492.5009,85.9688,7.2381,2.1831,0.254928,98.888,8.5,0.0367,Shale
mywell,2492.6533,101.4139,6.9433,2.2376,0.325432,99.743,8.5,0.0379,Shale
mywell,2492.8057,113.2029,7.064,2.357,0.267472,99.626,8.5,0.027,Shale
mywell,2492.9581,111.3943,7.2158,2.3699,0.28684,99.501,8.5,0.0256,Shale
mywell,2493.1105,94.5041,7.3222,2.3402,0.302872,98.384,8.5,0.0411,Shale
mywell,2493.2629,81.8013,8.1176,2.3539,0.252408,97.631,8.5,0.0412,Silty Sand
mywell,2493.4153,65.8091,9.4612,2.4066,0.28672,97.377,8.5,0.0863,Silty Sand
mywell,2493.5677,60.1059,11.822,2.4268,0.20268,96.011,8.5,0.1027,Silty Sand
mywell,2493.7201,56.6168,15.5451,2.3169,0.135536,94.388,8.5,0.0985,Silty Sand
mywell,2493.8725,54.7399,16.2019,2.3259,0.147896,93.631,8.5,0.0984,Silty Sand
mywell,2494.0249,53.5128,15.5126,2.2695,0.145024,94.121,8.5,0.105,Silty Sand
mywell,2494.1773,53.1508,14.9951,2.3087,0.158888,94.373,8.5,0.1056,Silty Sand
mywell,2494.3297,54.8175,14.7063,2.312,0.202648,95.243,8.5,0.1092,Silty Sand
mywell,2494.4821,51.0912,15.0958,2.3636,0.157368,95.126,8.5,0.1029,Silty Sand
mywell,2494.6345,46.1218,15.7061,2.3362,0.143112,95.249,8.5,0.1235,Silty Sand
mywell,2494.7869,45.5374,16.4302,2.2834,0.17772,95.126,8.5,0.134,Silty Sand
mywell,2494.9393,46.7998,16.7187,2.2751,0.2028,93.637,8.5,0.1325,Silty Sand
mywell,2495.0917,47.9201,16.3292,2.2611,0.1782,95.361,8.5,0.1237,Silty Sand
mywell,2495.2441,45.5512,15.5939,2.267,0.1532,94.631,8.5,0.1245,Silty Sand
mywell,2495.3965,47.2888,15.0761,2.2968,0.16292,93.757,8.5,0.1085,Silty Sand
mywell,2495.5489,49.162,14.6494,2.2712,0.174904,94.99,8.5,0.1187,Silty Sand
mywell,2495.7013,47.8328,14.276,2.267,0.174008,94.876,8.5,0.1175,Silty Sand
mywell,2495.8537,48.1513,13.8702,2.2591,0.18392,94.627,8.5,0.1227,Silty Sand
mywell,2496.0061,43.7277,13.5654,2.3007,0.190944,96.857,8.5,0.1365,Sandstone
mywell,2496.1585,48.3604,13.1622,2.295,0.199928,97.991,8.5,0.1293,Silty Sand
mywell,2496.3109,41.0562,12.8297,2.3029,0.23472,98.0,8.5,0.1763,Sandstone
mywell,2496.4633,39.4167,12.8191,2.309,0.16556,99.736,8.5,0.1397,Sandstone
mywell,2496.6157,38.6273,12.0909,2.3011,0.17988,100.37,8.5,0.1593,Sandstone
mywell,2496.7681,46.0918,10.8837,2.2792,0.205792,98.143,8.5,0.1404,Silty Sand
mywell,2496.9205,57.1513,9.9217,2.2403,0.233776,98.125,8.5,0.1044,Silty Sand
mywell,2497.0729,71.6478,9.4021,2.3154,0.228048,98.869,8.5,0.0895,Silty Sand
mywell,2497.2253,84.8822,9.9109,2.2446,0.35696,100.611,8.5,0.0737,Shale
mywell,2497.3777,83.7639,11.2453,2.3045,0.34312,101.989,8.5,0.0406,Silty Sand
mywell,2497.5301,65.4268,13.2281,2.3923,0.339032,102.868,8.5,0.0767,Silty Sand
mywell,2497.6825,43.4619,18.4282,2.4049,0.292376,103.991,8.5,0.2037,Sandstone
mywell,2497.8349,34.1209,34.9044,2.3078,0.156096,102.884,8.5,0.2015,Sandstone
mywell,2497.9873,35.6421,40.5535,2.2048,0.176824,104.735,8.5,0.2474,Sandstone
mywell,2498.1397,43.2041,42.0671,2.1852,0.210728,103.386,8.5,0.2057,Sandstone
mywell,2498.2921,43.8632,49.1053,2.1433,0.22588,102.383,8.5,0.2546,Sandstone
mywell,2498.4445,41.2154,63.2523,2.1609,0.224016,102.747,8.5,0.2836,Sandstone
mywell,2498.5969,34.7291,85.8149,2.1283,0.186304,102.13,8.5,0.3663,Sandstone
mywell,2498.7493,30.8469,105.3598,2.134,0.155248,102.497,8.5,0.4252,Sandstone
mywell,2498.9017,28.7774,114.3428,2.139,0.21948,102.872,8.5,0.5108,Sandstone
mywell,2499.0541,28.9197,117.3959,2.1569,0.221984,102.255,8.5,0.5207,Sandstone
mywell,2499.2065,29.0549,114.9727,2.1223,0.201168,102.126,8.5,0.492,Sandstone
mywell,2499.3589,28.6542,86.5442,2.1101,0.201992,103.117,8.5,0.4015,Sandstone
mywell,2499.5113,32.4642,59.2503,2.1338,0.224816,106.969,8.5,0.3249,Sandstone
mywell,2499.6637,36.3073,45.3365,2.1747,0.18036,107.496,8.5,0.2691,Sandstone
mywell,2499.8161,43.2483,38.1382,2.1532,0.241504,108.988,8.5,0.2261,Sandstone
mywell,2499.9685,45.8445,34.7667,2.1123,0.249936,108.008,8.5,0.2081,Silty Sand
mywell,2500.1209,45.5912,38.0086,2.114,0.286704,107.38,8.5,0.2114,Silty Sand
mywell,2500.2733,42.5088,46.4104,2.12,0.205656,104.895,8.5,0.2788,Sandstone
mywell,2500.4257,34.3367,46.3223,2.1428,0.16532,104.007,8.5,0.2486,Sandstone
mywell,2500.5781,32.534,63.2197,2.1549,0.171944,102.636,8.5,0.2887,Sandstone
mywell,2500.7305,31.4834,92.239,2.1391,0.210688,101.757,8.5,0.4562,Sandstone
mywell,2500.8829,38.4517,103.4306,2.1102,0.174296,101.874,8.5,0.3947,Sandstone
mywell,2501.0353,40.8789,113.3021,2.1467,0.167056,101.503,8.5,0.3799,Sandstone
mywell,2501.1877,38.9467,124.0083,2.1569,0.173944,101.624,8.5,0.4458,Sandstone
mywell,2501.3401,39.428,136.484,2.1183,0.142256,102.741,8.5,0.4806,Sandstone
mywell,2501.4925,40.0699,147.0357,2.1041,0.178704,102.006,8.5,0.5797,Sandstone
mywell,2501.6449,42.6483,153.4876,2.1139,0.166104,101.008,8.5,0.5684,Sandstone
mywell,2501.7973,37.4808,155.4407,2.116,0.157072,99.76,8.5,0.6379,Sandstone
mywell,2501.9497,38.0838,160.4428,2.1041,0.145096,98.386,8.5,0.6448,Sandstone
mywell,2502.1021,38.2934,165.2783,2.1159,0.14004,98.127,8.5,0.6448,Sandstone
mywell,2502.2545,40.9833,179.08,2.0981,0.091392,98.745,8.5,0.6565,Sandstone
mywell,2502.4069,37.8395,198.2909,2.1178,0.094968,96.766,8.5,0.6524,Sandstone
mywell,2502.5593,35.2368,207.861,2.1001,0.121784,94.766,8.5,0.6488,Sandstone
mywell,2502.7117,32.6666,208.052,2.1198,0.127952,93.634,8.5,0.6284,Sandstone
mywell,2502.8641,35.1627,187.2002,2.12,0.120064,93.997,8.5,0.6399,Sandstone
mywell,2503.0164,34.7197,148.1725,2.1359,0.092224,94.744,8.5,0.5979,Sandstone
mywell,2503.1688,36.1316,134.4759,2.1568,0.085056,94.75,8.5,0.4913,Sandstone
mywell,2503.3212,34.163,116.4486,2.2155,0.111784,95.866,8.5,0.4572,Sandstone
mywell,2503.4736,38.0247,110.4651,2.1962,0.105056,94.883,8.5,0.4082,Sandstone
mywell,2503.626,36.8596,106.8567,2.1772,0.11492,94.875,8.5,0.4092,Sandstone
mywell,2503.7784,36.9383,104.2409,2.1909,0.0902,95.371,8.5,0.3795,Sandstone
mywell,2503.9308,47.4473,104.6436,2.1652,0.089008,95.003,8.5,0.3067,Silty Sand
mywell,2504.0832,53.6427,93.0059,2.1848,0.086024,95.496,8.5,0.2506,Silty Sand
mywell,2504.2356,54.0392,84.9086,2.1324,0.101872,96.368,8.5,0.2674,Silty Sand
mywell,2504.388,43.0248,82.2985,2.1489,0.110928,99.103,8.5,0.286,Sandstone
mywell,2504.5404,37.7151,86.5763,2.1996,0.123896,98.381,8.5,0.3619,Sandstone
mywell,2504.6928,34.5174,98.132,2.2179,0.150784,98.251,8.5,0.4006,Sandstone
mywell,2504.8452,30.647,113.968,2.212,0.125208,98.746,8.5,0.472,Sandstone
mywell,2504.9976,34.1257,136.8197,2.1366,0.138888,98.502,8.5,0.5303,Sandstone
mywell,2505.15,39.5326,163.7324,2.134,0.14396,98.748,8.5,0.6459,Sandstone
mywell,2505.3024,39.7159,177.093,2.0904,0.156896,99.99,8.5,0.6225,Sandstone
mywell,2505.4548,39.8152,183.395,2.0592,0.151048,100.0,8.5,0.6561,Sandstone
mywell,2505.6072,36.5553,186.8723,2.0977,0.151,99.752,8.5,0.6214,Sandstone
mywell,2505.7596,31.1732,191.9046,2.0415,0.17084,100.122,8.5,0.6062,Sandstone
mywell,2505.912,31.8323,185.6686,2.0093,0.21068,99.629,8.5,0.6412,Sandstone
mywell,2506.0644,32.3955,175.1326,2.0725,0.178264,98.757,8.5,0.6448,Sandstone
mywell,2506.2168,31.7701,168.8381,2.0859,0.195856,98.254,8.5,0.656,Sandstone
mywell,2506.3692,31.6291,169.1173,2.1366,0.198976,98.374,8.5,0.6457,Sandstone
mywell,2506.5216,29.15,173.8548,2.134,0.199,98.871,8.5,0.6428,Sandstone
mywell,2506.674,31.1557,179.9233,2.128,0.250584,98.627,8.5,0.6038,Sandstone
mywell,2506.8264,32.7949,182.6147,2.122,0.189496,99.617,8.5,0.6453,Sandstone
mywell,2506.9788,34.4031,185.6794,2.1041,0.242568,97.765,8.5,0.6672,Sandstone
mywell,2507.1312,35.3396,197.3838,2.108,0.201336,96.882,8.5,0.6603,Sandstone
mywell,2507.2836,38.813,207.9823,2.1239,0.201992,94.891,8.5,0.6664,Sandstone
mywell,2507.436,39.0573,210.9428,2.1101,0.22184,92.891,8.5,0.7234,Sandstone
mywell,2507.5884,39.8407,209.2885,2.1279,0.214064,93.867,8.5,0.7271,Sandstone
mywell,2507.7408,38.4126,207.2989,2.1369,0.249712,94.867,8.5,0.6065,Sandstone
mywell,2507.8932,42.8987,192.6113,2.1241,0.238096,94.379,8.5,0.7038,Sandstone
mywell,2508.0456,44.2563,178.2648,2.1022,0.280656,94.251,8.5,0.6261,Sandstone
mywell,2508.198,41.8535,165.9454,2.0861,0.245288,90.902,8.5,0.7192,Sandstone
mywell,2508.3504,39.6189,156.5133,2.0771,0.244008,88.147,8.5,0.7185,Sandstone
mywell,2508.5028,38.4662,145.4715,2.1663,0.266816,91.845,8.5,0.6054,Sandstone
mywell,2508.6552,42.6313,133.8064,2.1124,0.245176,96.959,8.5,0.5055,Sandstone
mywell,2508.8076,42.5261,130.2698,2.0902,0.366024,99.976,8.5,0.5323,Sandstone
mywell,2508.96,42.9555,132.106,2.0632,0.315416,99.752,8.5,0.5354,Sandstone
mywell,2509.1124,44.0452,138.1216,2.0511,0.299128,99.006,8.5,0.556,Sandstone
mywell,2509.2648,42.6275,138.918,2.0609,0.31884,100.736,8.5,0.5764,Sandstone
mywell,2509.4172,40.882,133.3559,2.0898,0.329912,102.362,8.5,0.5353,Sandstone
mywell,2509.5696,40.6636,106.8544,2.1237,0.331984,103.491,8.5,0.4585,Sandstone
mywell,2509.722,44.3493,90.5855,2.0942,0.304224,102.88,8.5,0.3517,Sandstone
mywell,2509.8744,48.3341,87.0475,2.0672,0.302016,101.883,8.5,0.3795,Silty Sand
mywell,2510.0268,47.123,85.3534,2.0958,0.250416,101.627,8.5,0.3263,Silty Sand
mywell,2510.1792,41.7711,86.2239,2.0732,0.244048,100.261,8.5,0.3756,Sandstone
mywell,2510.3316,40.4632,97.7788,2.1137,0.223168,99.506,8.5,0.4063,Sandstone
mywell,2510.484,37.6704,97.75,2.0634,0.205144,93.92,8.5,0.4333,Sandstone
mywell,2510.6364,38.4158,100.1963,2.065,0.223848,94.247,8.5,0.468,Sandstone
mywell,2510.7888,37.7395,104.4667,2.0511,0.251776,99.21,8.5,0.4254,Sandstone
mywell,2510.9412,39.9819,74.9841,2.0877,0.24208,102.598,8.5,0.3219,Sandstone
mywell,2511.0936,46.7278,46.0654,2.0771,0.254896,98.781,8.5,0.2488,Silty Sand
mywell,2511.246,62.5132,24.2848,2.0998,0.306584,96.146,8.5,0.1497,Silty Sand
mywell,2511.3984,88.9171,13.9797,2.104,0.278232,90.917,8.5,0.043,Shale
mywell,2511.5508,112.1782,9.4132,2.1,0.455567,89.263,8.5,0.0487,Shale
mywell,2511.7032,119.808,7.1827,2.3034,0.433192,88.63,8.5,0.0366,Shale
mywell,2511.8556,117.3592,5.9052,2.1036,0.448872,93.089,8.5,0.0405,Shale
mywell,2512.008,110.2154,5.6619,2.2577,0.497608,95.357,8.5,0.0554,Shale
mywell,2512.1604,111.8742,5.4328,2.384,0.396816,92.895,8.5,0.0586,Shale
mywell,2512.3128,123.421,5.2693,2.3602,0.428736,91.263,8.5,0.0364,Shale
mywell,2512.4652,133.313,5.1063,2.2796,0.41412,92.2757,8.5,0.0397,Shale
mywell,2512.6176,133.5239,5.2528,2.5052,0.44872,93.3097,8.5,0.0487,Shale
mywell,2512.77,128.69,5.3919,2.2848,0.535304,94.3437,8.5,0.0339,Shale
mywell,2512.9224,115.4603,5.6023,2.2384,0.464576,95.3777,8.5,0.0459,Shale
mywell,2513.0748,106.2276,5.9006,2.2886,0.463008,96.4117,8.5,0.0593,Shale
mywell,2513.2272,72.7593,6.1014,2.2791,0.44316,97.4467,8.5,0.0795,Silty Sand
mywell,2513.3796,56.0327,7.4372,2.3494,0.218808,98.4807,8.5,0.1091,Silty Sand
mywell,2513.532,40.7809,9.3556,2.2696,0.118792,99.5147,8.5,0.1313,Sandstone
mywell,2513.6844,42.2363,12.101,2.1896,0.114032,100.5487,8.5,0.1484,Sandstone
mywell,2513.8368,38.2423,15.3172,2.1652,0.12888,101.5827,8.5,0.1402,Sandstone
mywell,2513.9892,37.1664,18.2416,2.1045,0.088328,102.6167,8.5,0.141,Sandstone
mywell,2514.1416,35.8624,22.2211,2.0881,0.101888,103.493,8.5,0.1418,Sandstone
mywell,2514.294,34.0604,24.3015,2.0592,0.112912,100.028,8.5,0.1647,Sandstone
mywell,2514.4464,35.8872,23.4659,2.18,0.134824,100.744,8.5,0.1756,Sandstone
mywell,2514.5988,45.6256,19.9662,2.175,0.181624,100.626,8.5,0.1418,Silty Sand
mywell,2514.7512,52.647,16.7011,2.1591,0.203824,100.625,8.5,0.1266,Silty Sand
mywell,2514.9036,57.9477,15.7832,2.165,0.274432,99.509,8.5,0.109,Silty Sand
mywell,2515.056,59.9085,15.1798,2.1948,0.264088,100.12,8.5,0.1104,Silty Sand
mywell,2515.2084,52.7489,13.9757,2.2843,0.1896,103.225,8.5,0.1032,Silty Sand
mywell,2515.3608,46.857,15.4986,2.2552,0.21876,102.6657,8.5,0.122,Silty Sand
mywell,2515.5132,37.3959,15.9495,2.25,0.19916,102.0757,8.5,0.1494,Sandstone
mywell,2515.6656,41.6412,15.6435,2.2609,0.294232,101.4867,8.5,0.1817,Sandstone
mywell,2515.818,51.6863,14.7948,2.1955,0.25532,100.8977,8.5,0.1134,Silty Sand
mywell,2515.9704,58.8419,14.4676,2.2059,0.246072,100.3087,8.5,0.1091,Silty Sand
mywell,2516.1228,60.5259,14.5721,2.2139,0.302544,99.7187,8.5,0.1309,Silty Sand
mywell,2516.2752,49.9325,14.5194,2.216,0.295064,99.1297,8.5,0.1471,Silty Sand
mywell,2516.4276,45.9336,14.9793,2.2765,0.306904,102.845,8.5,0.1773,Silty Sand
mywell,2516.58,39.3369,15.8252,2.2284,0.245496,103.247,8.5,0.1673,Sandstone
mywell,2516.7324,37.6065,17.0998,2.1288,0.258888,104.49,8.5,0.1775,Sandstone
mywell,2516.8848,35.0743,19.1178,2.1002,0.238168,105.616,8.5,0.1862,Sandstone
mywell,2517.0372,39.7025,20.8462,2.0692,0.28264,104.385,8.5,0.1719,Sandstone
mywell,2517.1896,46.7554,22.2835,2.0789,0.2334,101.399,8.5,0.161,Silty Sand
mywell,2517.342,47.3814,23.9645,2.0879,0.26276,100.755,8.5,0.1639,Shale
mywell,2517.4944,44.7711,26.0483,2.0612,0.226296,100.254,8.5,0.1887,Sandstone
mywell,2517.6468,38.427,33.504,2.1443,0.289488,97.77,8.5,0.2708,Sandstone
mywell,2517.7992,37.1777,34.4141,2.1807,0.28504,96.51,8.5,0.2592,Sandstone
mywell,2517.9516,34.6642,30.4252,2.1979,0.27508,94.888,8.5,0.2481,Sandstone
mywell,2518.104,40.5097,26.7672,2.1732,0.290872,97.231,8.5,0.2059,Sandstone
mywell,2518.2564,43.7929,26.1408,2.177,0.291,96.506,8.5,0.2057,Sandstone
mywell,2518.4088,43.2099,26.6399,2.1929,0.349528,97.12,8.5,0.2189,Sandstone
mywell,2518.5612,36.875,27.4654,2.2664,0.282544,98.613,8.5,0.2077,Sandstone
mywell,2518.7136,35.5155,27.1278,2.2303,0.367312,96.889,8.5,0.2442,Sandstone
mywell,2518.866,39.9839,25.6767,2.1754,0.309472,98.115,8.5,0.2082,Sandstone
mywell,2519.0184,44.3898,20.5314,2.2395,0.325864,101.349,8.5,0.2032,Sandstone
mywell,2519.1708,48.1381,17.0527,2.1914,0.43016,99.639,8.5,0.1757,Silty Sand
mywell,2519.3232,54.3115,14.4389,2.3775,0.35164,97.889,8.5,0.1559,Silty Sand
mywell,2519.4756,76.7326,11.8368,2.1965,0.32124,95.643,8.5,0.058,Silty Sand
mywell,2519.628,83.3878,11.2208,2.2119,0.393416,95.625,8.5,0.0724,Silty Sand
mywell,2519.7804,80.2458,11.8717,2.2745,0.4188,96.989,8.5,0.0891,Silty Sand
mywell,2519.9328,56.8326,12.6517,2.4526,0.393208,97.868,8.5,0.1295,Silty Sand
mywell,2520.0852,49.7575,14.9416,2.4153,0.276936,96.387,8.5,0.1207,Silty Sand
mywell,2520.2376,47.7111,20.3208,2.2255,0.248224,94.515,8.5,0.158,Silty Sand
mywell,2520.39,44.4879,20.5971,2.1913,0.239072,94.624,8.5,0.1773,Sandstone
mywell,2520.5424,37.1777,18.6368,2.2237,0.235032,94.501,8.5,0.208,Sandstone
mywell,2520.6948,30.1571,16.8523,2.224,0.248888,95.368,8.5,0.2265,Sandstone
mywell,2520.8472,37.8952,15.4194,2.222,0.305544,96.243,8.5,0.2204,Sandstone
mywell,2520.9996,46.1241,14.9844,2.1833,0.245488,97.118,8.5,0.1536,Silty Sand
mywell,2521.152,52.02,15.7825,2.2316,0.229128,97.373,8.5,0.1264,Silty Sand
mywell,2521.3044,49.4005,17.0012,2.23,0.284552,97.375,8.5,0.1307,Silty Sand
mywell,2521.4568,45.7483,18.9365,2.2945,0.318728,97.623,8.5,0.1938,Silty Sand
mywell,2521.6092,43.5951,27.7054,2.293,0.223768,98.493,8.5,0.1976,Sandstone
mywell,2521.7616,44.2099,30.3056,2.2444,0.212088,100.236,8.5,0.2068,Sandstone
mywell,2521.914,44.4759,29.7992,2.2261,0.280448,104.59,8.5,0.19,Sandstone
mywell,2522.0664,41.6081,29.2454,2.2458,0.327624,104.377,8.5,0.2079,Sandstone
mywell,2522.2188,39.8609,28.8254,2.2024,0.335936,102.267,8.5,0.2151,Sandstone
mywell,2522.3712,39.2081,27.8508,2.206,0.238784,96.67,8.5,0.189,Sandstone
mywell,2522.5236,40.4618,22.7987,2.2318,0.23304,95.261,8.5,0.1919,Sandstone
mywell,2522.676,47.4021,18.5628,2.23,0.239944,93.39,8.5,0.1531,Silty Sand
mywell,2522.8284,47.4034,15.9072,2.228,0.20528,92.631,8.5,0.1396,Silty Sand
mywell,2522.9808,51.749,14.2809,2.2419,0.31412,92.625,8.5,0.1454,Silty Sand
mywell,2523.1332,47.3309,13.6242,2.2569,0.316984,90.145,8.5,0.1704,Silty Sand
mywell,2523.2856,46.4895,14.0773,2.2689,0.228712,89.753,8.5,0.1358,Silty Sand
mywell,2523.438,45.0238,14.8409,2.2869,0.215104,89.378,8.5,0.1432,Silty Sand
mywell,2523.5904,42.5489,15.6227,2.291,0.19516,89.127,8.5,0.1502,Sandstone
mywell,2523.7428,41.4368,15.5219,2.2285,0.178136,92.597,8.5,0.1653,Sandstone
mywell,2523.8952,40.2019,14.8643,2.2766,0.20776,93.617,8.5,0.1765,Sandstone
mywell,2524.0476,41.312,14.1854,2.283,0.220896,94.493,8.5,0.1851,Sandstone
mywell,2524.2,44.2236,13.7435,2.2711,0.23092,94.872,8.5,0.1621,Sandstone
mywell,2524.3524,44.3184,13.612,2.2303,0.238936,91.155,8.5,0.1717,Sandstone
mywell,2524.5048,43.8051,13.8907,2.2766,0.188408,89.637,8.5,0.1534,Sandstone
mywell,2524.6572,40.1276,14.1638,2.2869,0.187008,87.393,8.5,0.1565,Sandstone
mywell,2524.8096,38.8967,14.7791,2.2751,0.15724,87.747,8.5,0.1374,Sandstone
mywell,2524.962,37.4387,15.4496,2.2968,0.200648,87.874,8.5,0.1615,Sandstone
mywell,2525.1144,41.1083,15.6147,2.3377,0.207944,87.503,8.5,0.1645,Sandstone
mywell,2525.2668,41.8364,15.5585,2.2953,0.195104,88.12,8.5,0.151,Sandstone
mywell,2525.4192,45.6929,15.4271,2.3109,0.186072,88.125,8.5,0.1292,Silty Sand
mywell,2525.5716,43.2351,15.4349,2.309,0.184016,86.389,8.5,0.1369,Sandstone
mywell,2525.724,41.8847,15.438,2.311,0.215744,86.871,8.5,0.1724,Sandstone
mywell,2525.8764,40.1191,15.2545,2.2773,0.23088,86.875,8.5,0.1666,Sandstone
mywell,2526.0288,41.3698,15.2847,2.3395,0.222072,86.627,8.5,0.1724,Sandstone
mywell,2526.1812,43.2331,15.4427,2.2596,0.237872,87.493,8.5,0.1523,Sandstone
mywell,2526.3336,41.3563,15.4162,2.2927,0.253872,87.996,8.5,0.1654,Sandstone
mywell,2526.486,42.3518,15.289,2.3049,0.220272,91.596,8.5,0.1923,Sandstone
mywell,2526.6384,46.6514,15.0162,2.2534,0.240832,94.725,8.5,0.1345,Silty Sand
mywell,2526.7908,49.0509,14.646,2.3214,0.239016,96.734,8.5,0.1361,Silty Sand
mywell,2526.9432,50.5878,14.768,2.2694,0.32332,98.858,8.5,0.145,Silty Sand
mywell,2527.0956,43.2354,15.5814,2.1519,0.285312,98.007,8.5,0.1696,Sandstone
mywell,2527.248,38.9243,16.7119,2.1689,0.279048,94.156,8.5,0.1955,Sandstone
mywell,2527.4004,32.561,17.5483,2.1809,0.268088,93.629,8.5,0.2043,Sandstone
mywell,2527.5528,35.5277,17.8953,2.1889,0.220384,92.757,8.5,0.2109,Sandstone
mywell,2527.7052,34.1969,17.9466,2.2495,0.241824,91.634,8.5,0.1946,Sandstone
mywell,2527.8576,39.149,17.7149,2.2401,0.263824,91.005,8.5,0.1829,Sandstone
mywell,2528.01,38.9856,15.9324,2.2003,0.216384,88.768,8.5,0.1824,Sandstone
mywell,2528.1624,37.869,13.3983,2.1851,0.216992,87.758,8.5,0.1965,Sandstone
mywell,2528.3148,35.509,11.4734,2.2495,0.210056,87.006,8.5,0.1748,Sandstone
mywell,2528.4672,37.0226,9.7597,2.3254,0.213968,87.372,8.5,0.1913,Sandstone
mywell,2528.6196,40.1866,8.1588,2.2992,0.178288,88.367,8.5,0.1464,Sandstone
mywell,2528.772,40.1713,6.9933,2.2811,0.166096,87.135,8.5,0.1286,Sandstone
mywell,2528.9244,39.3893,6.0783,2.3028,0.186832,87.497,8.5,0.1345,Sandstone
mywell,2529.0768,41.1765,5.3419,2.3179,0.208824,88.244,8.5,0.1395,Sandstone
mywell,2529.2292,37.1823,4.6347,2.2892,0.206024,88.87,8.5,0.1779,Sandstone
mywell,2529.3816,36.5171,4.138,2.2811,0.194096,89.123,8.5,0.1471,Sandstone
mywell,2529.534,34.0042,3.6013,2.277,0.226736,90.985,8.5,0.2037,Sandstone
mywell,2529.6864,36.6743,3.2181,2.2522,0.196248,90.752,8.5,0.1767,Sandstone
mywell,2529.8388,33.7349,2.9333,2.2203,0.241632,92.61,8.5,0.1875,Sandstone
mywell,2529.9912,30.605,2.7266,2.1952,0.23208,92.873,8.5,0.2255,Sandstone
mywell,2530.1436,30.4689,2.5822,2.2297,0.219104,93.123,8.5,0.2359,Sandstone
mywell,2530.296,34.8001,2.46,2.1933,0.232888,93.621,8.5,0.1975,Sandstone
mywell,2530.4484,37.314,2.2834,2.1791,0.233992,92.385,8.5,0.2,Sandstone
mywell,2530.6008,32.2698,2.2324,2.2098,0.259792,91.755,8.5,0.2093,Sandstone
mywell,2530.7532,24.0688,2.2141,2.2239,0.221312,91.998,8.5,0.2467,Sandstone
mywell,2530.9056,23.9455,2.2071,2.23,0.24084,91.38,8.5,0.2308,Sandstone
mywell,2531.058,26.429,2.209,2.226,0.219176,91.375,8.5,0.2509,Sandstone
mywell,2531.2104,32.1877,2.2388,2.23,0.232888,91.375,8.5,0.2326,Sandstone
mywell,2531.3628,35.5522,2.2559,2.1873,0.234984,91.871,8.5,0.1975,Sandstone
mywell,2531.5152,37.5243,2.3026,2.2297,0.238968,92.743,8.5,0.1938,Sandstone
mywell,2531.6676,42.506,2.3298,2.2181,0.20924,93.742,8.5,0.1772,Sandstone
mywell,2531.82,52.2884,2.324,2.2061,0.24868,96.23,8.5,0.124,Silty Sand
mywell,2531.9724,63.0241,2.2565,2.2139,0.2986,98.11,8.5,0.0836,Silty Sand
mywell,2532.1248,66.3102,2.2223,2.214,0.369432,97.009,8.5,0.0743,Silty Sand
mywell,2532.2772,52.1871,2.1297,2.2041,0.296592,95.512,8.5,0.1512,Silty Sand
mywell,2532.4296,38.8516,2.0377,2.1534,0.195808,94.632,8.5,0.1627,Sandstone
mywell,2532.582,28.5294,1.9388,2.1451,0.227736,94.129,8.5,0.2387,Sandstone
mywell,2532.7344,29.0501,1.8457,2.2254,0.238912,94.001,8.5,0.2312,Sandstone
mywell,2532.8868,28.5104,1.7498,2.1962,0.222136,94.62,8.5,0.2518,Sandstone
mywell,2533.0392,29.2093,1.6875,2.202,0.262672,94.253,8.5,0.2249,Sandstone
mywell,2533.1916,29.1446,1.6473,2.1871,0.21836,94.498,8.5,0.2449,Sandstone
mywell,2533.344,30.9732,1.6351,2.1949,0.225936,94.252,8.5,0.2342,Sandstone
mywell,2533.4964,30.9761,1.634,2.189,0.256752,94.374,8.5,0.211,Sandstone
mywell,2533.6488,34.199,1.6439,2.2138,0.20244,95.243,8.5,0.1734,Sandstone
mywell,2533.8012,36.8102,1.6698,2.1892,0.219856,95.746,8.5,0.2087,Sandstone
mywell,2533.9536,33.6903,1.7127,2.185,0.268608,95.75,8.5,0.1873,Sandstone
mywell,2534.106,30.3706,1.7566,2.1751,0.27396,94.262,8.5,0.2186,Sandstone
mywell,2534.2584,28.9195,1.8274,2.175,0.237296,93.382,8.5,0.2233,Sandstone
mywell,2534.4108,35.1209,1.9322,2.1413,0.204264,93.499,8.5,0.1704,Sandstone
mywell,2534.5632,35.3297,2.0094,2.1708,0.204992,92.508,8.5,0.1902,Sandstone
mywell,2534.7156,36.8041,2.1072,2.2315,0.237736,94.732,8.5,0.1958,Sandstone
mywell,2534.868,37.0561,2.1884,2.2062,0.226096,94.378,8.5,0.2045,Sandstone
mywell,2535.0204,42.634,2.2108,2.21,0.236912,93.259,8.5,0.178,Sandstone
mywell,2535.1728,41.3755,2.205,2.2457,0.247912,91.266,8.5,0.1776,Sandstone
mywell,2535.3252,40.5188,2.1614,2.2063,0.1984,90.134,8.5,0.1765,Sandstone
mywell,2535.4776,39.8771,2.164,2.2298,0.195024,89.381,8.5,0.1539,Sandstone
mywell,2535.63,39.6885,2.1104,2.2528,0.227736,89.995,8.5,0.1842,Sandstone
mywell,2535.7824,35.4283,2.0614,2.2461,0.190304,91.116,8.5,0.1554,Sandstone
mywell,2535.9348,32.9795,2.0174,2.2381,0.231664,91.001,8.5,0.2292,Sandstone
mywell,2536.0872,34.4411,1.9495,2.2162,0.19232,92.488,8.5,0.1551,Sandstone
mywell,2536.2396,42.6489,1.9113,2.214,0.192,93.864,8.5,0.155,Sandstone
mywell,2536.392,49.7909,1.8922,2.2338,0.267392,95.239,8.5,0.1282,Silty Sand
mywell,2536.5444,56.0163,1.8761,2.2568,0.276928,97.606,8.5,0.106,Silty Sand
mywell,2536.6968,49.6964,1.8929,2.2064,0.332552,98.741,8.5,0.1494,Silty Sand
mywell,2536.8492,47.2473,1.9238,2.1891,0.264552,97.138,8.5,0.1332,Silty Sand
mywell,2537.0016,44.7906,1.9756,2.191,0.281856,95.513,8.5,0.1644,Sandstone
mywell,2537.154,60.3176,2.0246,2.2416,0.18776,93.392,8.5,0.0797,Silty Sand
mywell,2537.3064,74.2159,2.0994,2.2023,0.255448,92.011,8.5,0.0582,Silty Sand
mywell,2537.4588,88.4313,2.1932,2.2605,0.309568,89.644,8.5,0.0414,Shale
mywell,2537.6112,96.8629,2.3091,2.2888,0.304048,89.501,8.5,0.0455,Shale
mywell,2537.7636,90.2142,2.4419,2.2771,0.306976,90.864,8.5,0.0444,Shale
mywell,2537.916,74.9189,2.5323,2.2889,0.349656,90.503,8.5,0.0958,Silty Sand
mywell,2538.0684,50.3561,2.5667,2.3694,0.226,90.996,8.5,0.129,Silty Sand
mywell,2538.2208,36.761,2.5591,2.3035,0.219048,91.62,8.5,0.206,Sandstone
mywell,2538.3732,39.0517,2.5402,2.2226,0.23884,91.005,8.5,0.1928,Sandstone
mywell,2538.5256,37.207,2.4706,2.228,0.207256,90.628,8.5,0.2057,Sandstone
mywell,2538.678,37.7902,2.3976,2.23,0.228824,90.129,8.5,0.2089,Sandstone
mywell,2538.8304,33.0116,2.3067,2.2687,0.217096,90.249,8.5,0.2343,Sandstone
mywell,2538.9828,38.8298,2.2276,2.2789,0.22196,90.374,8.5,0.1977,Sandstone
mywell,2539.1352,38.384,2.1714,2.2324,0.184304,89.135,8.5,0.1385,Sandstone
mywell,2539.2876,35.6054,2.1254,2.234,0.210784,88.629,8.5,0.1794,Sandstone
mywell,2539.44,37.2992,2.0883,2.2459,0.198104,88.997,8.5,0.156,Sandstone
mywell,2539.5924,38.5123,2.0731,2.2728,0.210896,88.256,8.5,0.1796,Sandstone
mywell,2539.7448,41.13,2.07,2.3157,0.236792,88.126,8.5,0.1645,Sandstone
mywell,2539.8972,41.2145,2.072,2.2347,0.265768,89.613,8.5,0.184,Sandstone
mywell,2540.0496,40.0236,2.0849,2.2965,0.238224,90.741,8.5,0.1827,Sandstone
mywell,2540.202,38.5161,2.0939,2.299,0.211216,89.386,8.5,0.1922,Sandstone
mywell,2540.3544,36.025,2.1009,2.2464,0.244728,90.119,8.5,0.194,Sandstone
mywell,2540.5068,34.9942,2.1189,2.2946,0.198376,90.001,8.5,0.1737,Sandstone
mywell,2540.6592,34.3164,2.1329,2.2365,0.185104,88.512,8.5,0.1379,Sandstone
mywell,2540.8116,32.2635,2.137,2.238,0.221704,89.74,8.5,0.2388,Sandstone
mywell,2540.964,36.5553,2.138,2.2727,0.196208,89.13,8.5,0.159,Sandstone
mywell,2541.1164,38.6921,2.1449,2.2928,0.241632,90.117,8.5,0.1877,Sandstone
mywell,2541.2688,43.7464,2.1529,2.2712,0.228112,90.745,8.5,0.1687,Sandstone
mywell,2541.4212,43.1888,2.15,2.2383,0.239904,90.502,8.5,0.1723,Sandstone
mywell,2541.5736,48.2134,2.1411,2.2668,0.212224,90.872,8.5,0.1453,Silty Sand
mywell,2541.726,43.0281,2.1331,2.2482,0.254656,91.867,8.5,0.1623,Sandstone
mywell,2541.8784,39.7918,2.1102,2.2748,0.24012,92.619,8.5,0.1756,Sandstone
mywell,2542.0308,32.8101,2.111,2.2651,0.224128,92.253,8.5,0.227,Sandstone
mywell,2542.1832,32.8661,2.109,2.259,0.229952,92.994,8.5,0.2175,Sandstone
mywell,2542.3356,39.2604,2.0941,2.2828,0.251824,92.628,8.5,0.1797,Sandstone
mywell,2542.488,44.4893,2.0811,2.2532,0.219264,90.393,8.5,0.1709,Sandstone
mywell,2542.6404,47.0993,2.081,2.2629,0.260664,90.871,8.5,0.136,Silty Sand
mywell,2542.7928,41.3366,2.0919,2.261,0.239176,90.751,8.5,0.1817,Sandstone
mywell,2542.9452,35.5999,2.1178,2.2729,0.235032,90.626,8.5,0.1983,Sandstone
mywell,2543.0976,34.814,2.1468,2.2849,0.236984,90.377,8.5,0.1897,Sandstone
mywell,2543.25,31.5999,2.1549,2.2592,0.228072,91.243,8.5,0.2286,Sandstone
mywell,2543.4024,34.0262,2.16,2.2669,0.24784,91.87,8.5,0.1842,Sandstone
mywell,2543.5548,32.3011,2.1729,2.261,0.249984,90.511,8.5,0.2127,Sandstone
mywell,2543.7072,37.499,2.1978,2.2501,0.238096,92.36,8.5,0.1876,Sandstone
mywell,2543.8596,42.7698,2.2357,2.2381,0.273712,91.879,8.5,0.1842,Sandstone
mywell,2544.012,45.5321,2.2618,2.2628,0.268048,92.743,8.5,0.1522,Shale
mywell,2544.1644,45.3467,2.2789,2.263,0.252128,93.99,8.5,0.1537,Silty Sand
mywell,2544.3168,42.6557,2.274,2.261,0.272832,93.132,8.5,0.175,Sandstone
mywell,2544.4692,44.6884,2.3682,2.2848,0.240264,93.869,8.5,0.1622,Sandstone
mywell,2544.6216,61.4857,2.4315,2.2552,0.222144,94.619,8.5,0.0932,Silty Sand
mywell,2544.774,87.4021,2.1275,2.253,0.3708,96.361,8.5,0.0673,Shale
mywell,2544.9264,119.488,2.2272,2.3026,0.427552,96.375,8.5,0.0378,Shale
mywell,2545.0788,144.0807,2.3837,2.2931,0.435936,97.987,8.5,0.0358,Shale
mywell,2545.2312,149.5673,2.4247,2.3138,0.504448,97.38,8.5,0.0154,Shale
mywell,2545.3836,150.0435,2.7534,2.2713,0.38596,96.259,8.5,0.0158,Shale
mywell,2545.536,144.8092,3.2788,2.3801,0.475272,95.01,8.5,0.0385,Shale
mywell,2545.6884,140.6065,3.4556,2.4514,0.445248,90.164,8.5,0.0244,Shale
mywell,2545.8408,140.1514,3.4987,2.3736,0.367624,92.357,8.5,0.0225,Shale
mywell,2545.9932,141.2204,3.4792,2.4732,0.36204,89.027,8.5,0.0245,Shale
mywell,2546.1456,148.9626,3.5812,2.3738,0.480048,92.472,8.5,0.0345,Shale
mywell,2546.298,143.0551,3.8022,2.2678,0.453224,97.832,8.5,0.027,Shale
mywell,2546.4504,131.2875,3.7822,2.3533,0.397448,100.727,8.5,0.0325,Shale
mywell,2546.6028,118.5589,3.3445,2.1784,0.473384,103.106,8.5,0.0378,Shale
mywell,2546.7552,112.4018,2.8896,2.296,0.426384,98.289,8.5,0.0496,Shale
mywell,2546.9076,100.5214,2.7233,2.297,0.410128,95.77,8.5,0.0616,Shale
mywell,2547.06,90.2649,2.6168,2.2385,0.446704,93.27,8.5,0.068,Shale
mywell,2547.2124,76.7255,2.3095,2.4989,0.304152,93.746,8.5,0.0582,Silty Sand
mywell,2547.3648,68.6869,2.0094,2.3611,0.330776,95.734,8.5,0.0741,Silty Sand
mywell,2547.5172,70.2856,1.762,2.2975,0.348856,97.486,8.5,0.0784,Silty Sand
mywell,2547.6696,72.1937,1.5666,2.2226,0.305352,98.864,8.5,0.0788,Silty Sand
mywell,2547.822,65.6459,1.4212,2.1516,0.342696,99.495,8.5,0.075,Silty Sand
mywell,2547.9744,60.9613,1.3139,2.145,0.335064,99.252,8.5,0.089,Silty Sand
mywell,2548.1268,58.3438,1.2723,2.1103,0.282424,98.258,8.5,0.101,Silty Sand
mywell,2548.2792,52.1686,1.2641,2.116,0.35144,97.258,8.5,0.1584,Silty Sand
mywell,2548.4316,43.0442,1.269,2.1547,0.27264,96.754,8.5,0.1648,Sandstone
mywell,2548.584,37.9614,1.2829,2.159,0.248192,96.626,8.5,0.1892,Sandstone
mywell,2548.7364,37.9269,1.3048,2.1808,0.237088,97.493,8.5,0.1899,Sandstone
mywell,2548.8888,38.6512,1.3149,2.1959,0.244936,97.128,8.5,0.1831,Sandstone
mywell,2549.0412,32.4758,1.3338,2.1553,0.266824,96.629,8.5,0.2068,Sandstone
mywell,2549.1936,36.1658,1.3519,2.1629,0.24716,96.749,8.5,0.1903,Sandstone
mywell,2549.346,37.6542,1.3758,2.159,0.25196,98.734,8.5,0.1906,Sandstone
mywell,2549.4984,40.1123,1.3958,2.161,0.297632,98.998,8.5,0.2133,Sandstone
mywell,2549.6508,46.3945,1.4228,2.157,0.264272,99.62,8.5,0.1312,Silty Sand
mywell,2549.8032,48.1691,1.4438,2.1411,0.291776,99.873,8.5,0.1718,Silty Sand
mywell,2549.9556,50.1521,1.4589,2.147,0.319776,97.767,8.5,0.1531,Silty Sand
mywell,2550.108,43.3589,1.465,2.1807,0.259488,95.394,8.5,0.166,Sandstone
mywell,2550.2604,38.8043,1.471,2.179,0.213368,94.507,8.5,0.197,Sandstone
mywell,2550.4128,41.1974,1.47,2.1869,0.192168,94.5,8.5,0.1576,Sandstone
mywell,2550.5652,39.1814,1.4621,2.2039,0.252512,94.624,8.5,0.184,Sandstone
mywell,2550.7176,43.6092,1.4531,2.1792,0.275816,96.485,8.5,0.1648,Sandstone
mywell,2550.87,40.9725,1.4451,2.1393,0.265088,96.996,8.5,0.1768,Sandstone
mywell,2551.0224,45.4874,1.4361,2.1648,0.295752,96.876,8.5,0.19,Silty Sand
mywell,2551.1748,43.7305,1.434,2.1511,0.285088,96.627,8.5,0.168,Sandstone
mywell,2551.3272,50.2225,1.4548,2.1629,0.239368,96.749,8.5,0.1264,Silty Sand
mywell,2551.4796,49.0439,1.4719,2.1322,0.27868,96.998,8.5,0.137,Silty Sand
mywell,2551.632,55.5058,1.4958,2.128,0.306776,97.372,8.5,0.1201,Silty Sand
mywell,2551.7844,57.9497,1.5129,2.1786,0.309976,97.623,8.5,0.1183,Silty Sand
mywell,2551.9368,69.4703,1.5318,2.1572,0.253456,97.749,8.5,0.0796,Silty Sand
mywell,2552.0892,76.7381,1.5409,2.1828,0.306568,96.882,8.5,0.0561,Silty Sand
mywell,2552.2416,94.4516,1.547,2.1751,0.29212,95.263,8.5,0.0484,Shale
mywell,2552.394,108.5713,1.5361,2.169,0.349536,94.506,8.5,0.0538,Shale
mywell,2552.5464,122.2109,1.5251,2.1928,0.252784,94.5,8.5,0.0306,Shale
mywell,2552.6988,119.4353,1.5131,2.2198,0.302592,94.624,8.5,0.0301,Shale
mywell,2552.8512,109.3531,1.4991,2.2002,0.33276,96.237,8.5,0.0343,Shale
mywell,2553.0036,95.9772,1.4921,2.1474,0.35284,96.994,8.5,0.0725,Shale
mywell,2553.156,85.5304,1.486,2.1609,0.306376,97.124,8.5,0.0398,Shale
mywell,2553.3084,85.5164,1.482,2.1243,0.275248,97.621,8.5,0.0358,Shale
mywell,2553.4608,86.01,1.4721,2.1706,0.327576,97.501,8.5,0.043,Shale
mywell,2553.6132,80.8715,1.4809,2.1591,0.319072,97.376,8.5,0.0467,Silty Sand
mywell,2553.7656,75.1915,1.4909,2.163,0.324952,97.747,8.5,0.0552,Silty Sand
mywell,2553.918,74.5845,1.4999,2.1749,0.311112,97.378,8.5,0.0602,Silty Sand
mywell,2554.0704,74.088,1.5238,2.1552,0.250488,97.747,8.5,0.0582,Silty Sand
mywell,2554.2228,82.3672,1.5419,2.153,0.278768,96.882,8.5,0.0409,Silty Sand
mywell,2554.3752,89.0149,1.5579,2.1728,0.38316,96.751,8.5,0.0687,Shale
mywell,2554.5276,105.6503,1.5679,2.175,0.311584,96.502,8.5,0.0405,Shale
mywell,2554.68,112.1021,1.5799,2.173,0.268344,97.12,8.5,0.032,Shale
mywell,2554.8324,109.6958,1.5879,2.2038,0.335456,97.001,8.5,0.035,Shale
mywell,2554.9848,97.8841,1.584,2.1732,0.299296,97.0,8.5,0.0442,Shale
mywell,2555.1372,97.5777,1.5681,2.1651,0.29404,95.512,8.5,0.0405,Shale
mywell,2555.2896,84.7306,1.5859,2.2215,0.350544,95.128,8.5,0.0722,Silty Sand
mywell,2555.442,75.3111,1.6376,2.2022,0.293464,94.877,8.5,0.0584,Silty Sand
mywell,2555.5944,57.1578,1.7124,2.2417,0.325736,94.999,8.5,0.115,Silty Sand
mywell,2555.7468,65.2853,1.7795,2.2122,0.292272,95.992,8.5,0.0905,Silty Sand
mywell,2555.8992,87.8784,1.8683,2.1892,0.292992,94.016,8.5,0.0451,Shale
mywell,2556.0516,111.3264,1.9424,2.189,0.290024,90.9,8.5,0.0383,Shale
mywell,2556.204,134.6604,2.0134,2.2019,0.330672,89.759,8.5,0.0209,Shale
mywell,2556.3564,130.8899,2.0705,2.3081,0.304216,89.502,8.5,0.0222,Shale
mywell,2556.5088,121.0868,2.1226,2.3983,0.282176,91.98,8.5,0.0273,Shale
mywell,2556.6612,106.9037,2.1498,2.4069,0.299856,96.712,8.5,0.035,Shale
mywell,2556.8136,116.3568,2.1242,2.2661,0.330752,98.486,8.5,0.0273,Shale
mywell,2556.966,128.3311,2.0456,2.2124,0.386552,97.88,8.5,0.0338,Shale
mywell,2557.1184,132.4277,2.0073,2.2001,0.34732,96.511,8.5,0.0423,Shale
mywell,2557.2708,123.034,2.01,2.2397,0.289464,95.756,8.5,0.023,Shale
mywell,2557.4232,117.8928,2.0398,2.3005,0.278088,95.626,8.5,0.0266,Shale
mywell,2557.5756,119.6813,2.0926,2.2286,0.29784,94.509,8.5,0.027,Shale
mywell,2557.728,152.0124,2.1614,2.2399,0.370416,93.384,8.5,0.0156,Shale
mywell,2557.8804,175.1555,2.2225,2.3531,0.334296,89.531,8.5,0.0233,Shale
mywell,2558.0328,178.4311,2.2706,2.358,0.260592,89.376,8.5,0.01,Shale
mywell,2558.1852,158.2886,2.272,2.3114,0.328448,89.251,8.5,0.0312,Shale
mywell,2558.3376,142.4931,2.2393,2.3596,0.337928,89.622,8.5,0.0195,Shale
mywell,2558.49,144.5544,2.2112,2.3203,0.316176,91.981,8.5,0.0119,Shale
mywell,2558.6424,144.9926,2.1773,2.2773,0.273344,93.24,8.5,0.0131,Shale
mywell,2558.7948,143.8611,2.1443,2.2671,0.329544,94.49,8.5,0.0362,Shale
mywell,2558.9472,136.3416,2.1192,2.2184,0.301232,95.368,8.5,0.0156,Shale
mywell,2559.0996,134.0351,2.0922,2.1962,0.384328,95.871,8.5,0.0396,Shale
mywell,2559.252,133.526,2.0712,2.2436,0.274888,95.627,8.5,0.0197,Shale
mywell,2559.4044,140.7517,2.0938,2.2242,0.307728,94.633,8.5,0.0116,Shale
mywell,2559.5568,138.0721,2.1138,2.2786,0.31296,93.013,8.5,0.0138,Shale
mywell,2559.7092,144.1568,2.1428,2.273,0.301096,93.124,8.5,0.0132,Shale
mywell,2559.8616,133.9953,2.1648,2.2928,0.259336,92.753,8.5,0.0201,Shale
mywell,2560.014,134.4378,2.1868,2.2652,0.301656,92.502,8.5,0.0208,Shale
mywell,2560.1664,115.9809,2.2088,2.3275,0.43096,93.492,8.5,0.0401,Shale
mywell,2560.3188,121.8455,2.2358,2.3052,0.338752,94.616,8.5,0.0276,Shale
mywell,2560.4712,133.5708,2.2846,2.2614,0.339984,93.881,8.5,0.0268,Shale
mywell,2560.6236,128.7417,2.3128,2.2987,0.334048,92.759,8.5,0.0221,Shale
mywell,2560.776,127.8578,2.3309,2.2811,0.290352,92.13,8.5,0.0245,Shale
mywell,2560.9284,122.5051,2.3558,2.3008,0.23544,91.753,8.5,0.0263,Shale
mywell,2561.0808,124.079,2.3937,2.3784,0.323288,91.75,8.5,0.0229,Shale
mywell,2561.2332,124.0226,2.4406,2.3165,0.344832,93.114,8.5,0.0254,Shale
mywell,2561.3856,133.8666,2.4896,2.311,0.343016,94.117,8.5,0.0246,Shale
mywell,2561.538,133.2397,2.5327,2.2892,0.296376,93.753,8.5,0.0207,Shale
mywell,2561.6904,122.4073,2.5776,2.2811,0.332704,92.882,8.5,0.0301,Shale
mywell,2561.8428,121.7565,2.6207,2.2949,0.354824,92.999,8.5,0.0399,Shale
mywell,2561.9952,121.9603,2.7142,2.301,0.29548,91.76,8.5,0.0275,Shale
mywell,2562.1476,125.6989,2.8003,2.3278,0.295992,91.006,8.5,0.0216,Shale
mywell,2562.3,118.0092,2.9042,2.3459,0.322784,90.752,8.5,0.0257,Shale
mywell,2562.4524,116.1654,3.0201,2.3748,0.416248,91.122,8.5,0.042,Shale
mywell,2562.6048,123.6069,3.1321,2.3889,0.350536,90.877,8.5,0.0341,Shale
mywell,2562.7572,131.7191,3.2173,2.3384,0.356944,90.131,8.5,0.0315,Shale
mywell,2562.9096,126.3409,3.2696,2.3807,0.387752,90.745,8.5,0.03,Shale
mywell,2563.062,125.5322,3.3285,2.4633,0.382048,91.37,8.5,0.0328,Shale
mywell,2563.2144,133.6247,3.3826,2.4035,0.37704,91.623,8.5,0.0407,Shale
mywell,2563.3668,130.8598,3.4386,2.3732,0.364104,92.121,8.5,0.0339,Shale
mywell,2563.5192,129.6148,3.4826,2.2738,0.35904,90.389,8.5,0.0334,Shale
mywell,2563.6716,127.9355,3.5286,2.4347,0.332216,91.119,8.5,0.0262,Shale
mywell,2563.824,134.1091,3.4744,2.2842,0.3816,90.257,8.5,0.0397,Shale
mywell,2563.9764,140.2112,3.098,2.4606,0.340336,91.614,8.5,0.0169,Shale
mywell,2564.1288,138.5359,3.1972,2.4422,0.396544,90.757,8.5,0.0254,Shale
mywell,2564.2812,144.595,3.2516,2.3349,0.36724,89.758,8.5,0.0343,Shale
mywell,2564.4336,137.6137,3.3849,2.4808,0.42652,93.222,8.5,0.0363,Shale
mywell,2564.586,131.2548,3.4217,2.5207,0.442872,92.01,8.5,0.041,Shale
mywell,2564.7384,134.3387,3.428,2.4139,0.392408,90.016,8.5,0.0425,Shale
mywell,2564.8908,136.9472,3.427,2.4735,0.348352,91.86,8.5,0.037,Shale
mywell,2565.0432,143.7692,3.4171,2.4423,0.3728,91.503,8.5,0.0394,Shale
mywell,2565.1956,139.9532,3.3337,2.5104,0.327368,91.996,8.5,0.0187,Shale
mywell,2565.348,137.4112,3.1356,2.3979,0.404376,93.116,8.5,0.034,Shale
mywell,2565.5004,148.2286,3.1409,2.5478,0.374248,93.249,8.5,0.0352,Shale
mywell,2565.6528,142.5951,3.1261,2.4468,0.385904,94.366,8.5,0.0261,Shale
mywell,2565.8052,138.1881,3.1072,2.4758,0.332432,94.003,8.5,0.0242,Shale
mywell,2565.9576,126.87,3.0514,2.3708,0.331008,93.628,8.5,0.0226,Shale
mywell,2566.11,127.2561,2.9905,2.5178,0.397464,93.873,8.5,0.0349,Shale
mywell,2566.2624,127.7262,2.7648,2.4704,0.423792,94.123,8.5,0.0332,Shale
mywell,2566.4148,131.9609,2.5557,2.4035,0.363488,96.109,8.5,0.0403,Shale
mywell,2566.5672,129.8959,2.6115,2.4794,0.388792,94.513,8.5,0.044,Shale
mywell,2566.7196,129.4475,2.5634,2.4235,0.394952,97.104,8.5,0.036,Shale
mywell,2566.872,122.5089,2.5134,2.5321,0.420792,95.637,8.5,0.0508,Shale
mywell,2567.0244,126.2613,2.4922,2.3882,0.48548,96.617,8.5,0.0302,Shale
mywell,2567.1768,130.3761,2.4652,2.6003,0.462192,96.873,8.5,0.0471,Shale
mywell,2567.3292,128.3169,2.4303,2.3619,0.4124,100.471,8.5,0.0318,Shale
mywell,2567.4816,127.0064,2.3943,2.481,0.400096,98.764,8.5,0.0325,Shale
mywell,2567.634,125.4425,2.3851,2.4661,0.44464,96.518,8.5,0.0322,Shale
mywell,2567.7864,123.2803,2.3414,2.4918,0.4202,97.368,8.5,0.0361,Shale
mywell,2567.9388,128.3063,2.3102,2.3432,0.448768,97.003,8.5,0.0311,Shale
mywell,2568.0912,123.8384,2.2961,2.5434,0.377576,97.124,8.5,0.0353,Shale
mywell,2568.2436,125.9765,2.2583,2.3297,0.409736,99.729,8.5,0.0287,Shale
mywell,2568.396,122.4496,2.2679,2.4649,0.428848,100.246,8.5,0.0518,Shale
mywell,2568.5484,126.271,2.2521,2.4035,0.435944,100.002,8.5,0.0313,Shale
mywell,2568.7008,127.5727,2.2351,2.4457,0.461792,99.628,8.5,0.033,Shale
mywell,2568.8532,124.7925,2.2251,2.3468,0.47688,98.509,8.5,0.0284,Shale
mywell,2569.0056,123.153,2.1853,2.4045,0.406568,99.616,8.5,0.0351,Shale
mywell,2569.158,126.8223,2.1662,2.4377,0.484368,99.005,8.5,0.0325,Shale
mywell,2569.3104,132.2763,2.161,2.3735,0.418536,99.372,8.5,0.0377,Shale
mywell,2569.4628,142.0059,2.1838,2.4127,0.433872,99.003,8.5,0.0259,Shale
mywell,2569.6152,132.6114,2.2009,2.5023,0.40424,99.0,8.5,0.0441,Shale
mywell,2569.7676,128.2625,2.198,2.4564,0.456576,98.504,8.5,0.0359,Shale
mywell,2569.92,130.2755,2.1891,2.4252,0.44212,98.624,8.5,0.0429,Shale
mywell,2570.0724,130.9655,2.2059,2.423,0.469776,99.245,8.5,0.0435,Shale
mywell,2570.2248,131.3599,2.2566,2.3833,0.42536,99.498,8.5,0.0386,Shale
mywell,2570.3772,120.5899,2.255,2.4713,0.416072,99.5,8.5,0.0451,Shale
mywell,2570.5296,128.9479,2.2371,2.4115,0.424928,101.112,8.5,0.0378,Shale
mywell,2570.682,128.7114,2.2459,2.4477,0.409128,99.513,8.5,0.0371,Shale
mywell,2570.8344,132.672,2.241,2.3875,0.403048,98.012,8.5,0.041,Shale
mywell,2570.9868,126.253,2.2142,2.4416,0.419864,96.884,8.5,0.0322,Shale
mywell,2571.1392,132.8425,2.2051,2.444,0.440832,95.511,8.5,0.0421,Shale
mywell,2571.2916,133.7342,2.1871,2.448,0.414216,95.996,8.5,0.0421,Shale
mywell,2571.444,133.0446,2.1721,2.4252,0.419952,96.868,8.5,0.0418,Shale
mywell,2571.5964,130.5342,2.1462,2.4558,0.447776,97.123,8.5,0.0429,Shale
mywell,2571.7488,128.9576,2.152,2.3975,0.349792,97.993,8.5,0.0332,Shale
mywell,2571.9012,138.1369,2.1818,2.4793,0.341064,98.0,8.5,0.023,Shale
mywell,2572.0536,131.136,2.2008,2.4383,0.458056,98.372,8.5,0.0438,Shale
mywell,2572.206,126.614,2.2288,2.3646,0.44412,96.887,8.5,0.0281,Shale
mywell,2572.3584,122.4374,2.1873,2.4126,0.490624,95.015,8.5,0.0501,Shale
mywell,2572.5108,124.146,2.1255,2.4269,0.380888,97.232,8.5,0.0339,Shale
mywell,2572.6632,128.5903,2.1091,2.2901,0.452416,97.498,8.5,0.0325,Shale
mywell,2572.8156,126.2343,2.0832,2.3803,0.404392,99.36,8.5,0.0296,Shale
mywell,2572.968,123.6269,2.086,2.3949,0.5032,101.483,8.5,0.0312,Shale
mywell,2573.1204,118.2184,2.0384,2.3623,0.43952,99.268,8.5,0.0371,Shale
mywell,2573.2728,119.1323,2.0201,2.3888,0.386424,100.242,8.5,0.0392,Shale
mywell,2573.4252,119.5963,1.9168,2.4356,0.454448,99.506,8.5,0.042,Shale
mywell,2573.5776,130.4942,1.9051,2.4072,0.381592,98.508,8.5,0.041,Shale
mywell,2573.73,131.7863,1.902,2.407,0.46036,99.864,8.5,0.0412,Shale
mywell,2573.8824,132.297,1.8891,2.3326,0.403464,98.015,8.5,0.0357,Shale
mywell,2574.0348,120.6519,1.9128,2.3905,0.426808,99.984,8.5,0.0422,Shale
mywell,2574.1872,116.7993,1.91,2.4396,0.444856,97.768,8.5,0.0474,Shale
mywell,2574.3396,117.6598,1.8902,2.3061,0.455912,98.122,8.5,0.0378,Shale
mywell,2574.492,119.7621,1.9088,2.4121,0.37168,99.861,8.5,0.0416,Shale
mywell,2574.6444,125.8272,1.91,2.415,0.39084,98.635,8.5,0.0322,Shale
mywell,2574.7968,134.2683,1.915,2.3485,0.387032,99.741,8.5,0.0351,Shale
mywell,2574.9492,136.0115,1.9071,2.3907,0.428664,102.478,8.5,0.0296,Shale
mywell,2575.1016,129.9668,1.907,2.3206,0.491496,101.384,8.5,0.0315,Shale
mywell,2575.254,129.4914,1.8901,2.5194,0.520768,101.375,8.5,0.0373,Shale
mywell,2575.4064,129.978,1.8087,2.3712,0.42676,101.375,8.5,0.0321,Shale
mywell,2575.5588,129.6001,1.7951,2.3541,0.444848,101.375,8.5,0.0307,Shale
mywell,2575.7112,111.3164,1.7514,2.3986,0.368616,101.251,8.5,0.0443,Shale
mywell,2575.8636,107.7525,1.7302,2.3583,0.399744,102.862,8.5,0.0514,Shale
mywell,2576.016,113.4151,1.7112,2.2776,0.413888,101.263,8.5,0.0437,Shale
mywell,2576.1684,120.0846,1.6822,2.4605,0.4388,101.622,8.5,0.0378,Shale
mywell,2576.3208,123.3789,1.6453,2.2824,0.469752,103.361,8.5,0.0301,Shale
mywell,2576.4732,119.4548,1.6351,2.5191,0.469008,103.871,8.5,0.0391,Shale
mywell,2576.6256,121.2691,1.6806,2.3176,0.412456,102.759,8.5,0.0368,Shale
mywell,2576.778,116.94,1.6403,2.3438,0.519136,104.61,8.5,0.0365,Shale
mywell,2576.9304,108.4789,1.6142,2.5176,0.481312,103.261,8.5,0.0486,Shale
mywell,2577.0828,110.2462,1.613,2.4079,0.478024,104.614,8.5,0.0454,Shale
mywell,2577.2352,118.5055,1.5793,2.3772,0.46808,104.005,8.5,0.0345,Shale
mywell,2577.3876,121.7147,1.5899,2.3363,0.4184,104.248,8.5,0.0358,Shale
mywell,2577.54,117.1113,1.5592,2.4977,0.441808,104.002,8.5,0.0418,Shale
mywell,2577.6924,109.3979,1.5719,2.4236,0.505488,103.876,8.5,0.0467,Shale
mywell,2577.8448,107.4562,1.5403,2.3119,0.433584,104.743,8.5,0.0514,Shale
mywell,2577.9972,117.4066,1.542,2.4608,0.455816,104.254,8.5,0.0378,Shale
mywell,2578.1496,114.2412,1.545,2.3995,0.537344,104.25,8.5,0.0459,Shale
mywell,2578.302,114.5334,1.5569,2.3018,0.474512,104.622,8.5,0.0498,Shale
mywell,2578.4544,106.5831,1.56,2.5034,0.371824,103.013,8.5,0.0616,Shale
mywell,2578.6068,114.1267,1.56,2.2729,0.438456,102.752,8.5,0.0442,Shale
mywell,2578.7592,117.5429,1.558,2.3494,0.42908,103.742,8.5,0.033,Shale
mywell,2578.9116,118.7604,1.5342,2.2816,0.410152,102.758,8.5,0.0338,Shale
mywell,2579.064,115.792,1.5568,2.5171,0.471504,102.998,8.5,0.0418,Shale
mywell,2579.2164,116.6102,1.5709,2.3047,0.492832,103.248,8.5,0.0381,Shale
mywell,2579.3688,125.2186,1.571,2.4587,0.389832,102.878,8.5,0.0321,Shale
mywell,2579.5212,125.534,1.5869,2.3995,0.479272,102.627,8.5,0.029,Shale
mywell,2579.6736,121.9737,1.5949,2.3504,0.446272,102.873,8.5,0.0358,Shale
mywell,2579.826,119.0404,1.5742,2.4085,0.358704,103.247,8.5,0.0359,Shale
mywell,2579.9784,119.9415,1.5661,2.3872,0.416528,103.498,8.5,0.0354,Shale
mywell,2580.1308,123.6869,1.5422,2.4128,0.393192,102.012,8.5,0.0334,Shale
mywell,2580.2832,115.5141,1.5241,2.3971,0.39796,102.372,8.5,0.0379,Shale
mywell,2580.4356,121.0161,1.5111,2.4089,0.486288,103.243,8.5,0.0386,Shale
mywell,2580.588,122.3228,1.4971,2.4596,0.455256,104.614,8.5,0.0468,Shale
mywell,2580.7404,127.288,1.4514,2.3757,0.528408,103.261,8.5,0.0283,Shale
mywell,2580.8928,124.594,1.4212,2.4167,0.549832,103.746,8.5,0.0326,Shale
mywell,2581.0452,126.5917,1.3883,2.3366,0.461712,104.742,8.5,0.027,Shale
mywell,2581.1976,132.1791,1.3632,2.3806,0.518536,104.874,8.5,0.0353,Shale
mywell,2581.35,133.4263,1.3501,2.3185,0.516024,106.363,8.5,0.0318,Shale
mywell,2581.5024,124.132,1.3381,2.4063,0.4168,107.491,8.5,0.0293,Shale
mywell,2581.6548,121.455,1.3112,2.3187,0.486432,106.508,8.5,0.0372,Shale
mywell,2581.8072,111.0547,1.3239,2.3577,0.45228,106.376,8.5,0.046,Shale
mywell,2581.9596,117.9408,1.3508,2.3243,0.441088,106.003,8.5,0.0333,Shale
mywell,2582.112,115.1618,1.4552,2.3924,0.452904,106.372,8.5,0.0522,Shale
mywell,2582.2644,123.6524,1.5463,2.4376,0.410344,106.375,8.5,0.0326,Shale
mywell,2582.4168,115.4626,1.67,2.4539,0.364368,106.127,8.5,0.0408,Shale
mywell,2582.5692,121.2498,1.7553,2.46,0.369952,102.405,8.5,0.0411,Shale
mywell,2582.7216,118.6831,1.8492,2.4878,0.357104,95.803,8.5,0.0384,Shale
mywell,2582.874,120.8692,2.0226,2.4761,0.325256,94.262,8.5,0.0305,Shale
mywell,2583.0264,115.178,2.3067,2.5385,0.324008,88.67,8.5,0.0382,Shale
mywell,2583.1788,116.4424,2.4975,2.6382,0.391456,87.509,8.5,0.0544,Shale
mywell,2583.3312,120.2762,2.5377,2.5606,0.38704,87.872,8.5,0.0459,Shale
mywell,2583.4836,120.1711,2.6709,2.4925,0.318552,87.131,8.5,0.0284,Shale
mywell,2583.636,113.7775,2.8803,2.5753,0.338832,87.001,8.5,0.0336,Shale
mywell,2583.7884,112.3273,2.9981,2.5472,0.297336,87.744,8.5,0.0318,Shale
mywell,2583.9408,110.459,3.0069,2.5996,0.3714,88.246,8.5,0.0594,Shale
mywell,2584.0932,114.6104,2.8066,2.3401,0.394816,88.87,8.5,0.0538,Shale
mywell,2584.2456,109.9022,2.6165,2.5037,0.47932,86.023,8.5,0.0555,Shale
mywell,2584.398,113.5513,2.6061,2.378,0.526624,87.488,8.5,0.0499,Shale
mywell,2584.5504,117.4816,2.5842,2.4911,0.424824,89.236,8.5,0.0423,Shale
mywell,2584.7028,123.2686,2.4967,2.372,0.363488,91.11,8.5,0.0336,Shale
mywell,2584.8552,131.7688,2.4117,2.373,0.414584,94.473,8.5,0.0372,Shale
mywell,2585.0076,128.9612,2.3753,2.5377,0.4894,91.648,8.5,0.0388,Shale
mywell,2585.16,127.7426,2.2381,2.4061,0.365008,95.841,8.5,0.0306,Shale
mywell,2585.3124,126.8729,2.1606,2.4338,0.4136,95.627,8.5,0.0315,Shale
mywell,2585.4648,128.471,2.164,2.4638,0.382256,93.269,8.5,0.0369,Shale
mywell,2585.6172,122.9814,2.1967,2.4094,0.398864,94.366,8.5,0.0351,Shale
mywell,2585.7696,127.4813,2.2208,2.405,0.3494,92.887,8.5,0.0305,Shale
mywell,2585.922,125.7979,2.22,2.3524,0.32916,92.503,8.5,0.0237,Shale
mywell,2586.0744,130.9761,2.2061,2.348,0.414312,93.12,8.5,0.0361,Shale
mywell,2586.2268,132.4177,2.204,2.5315,0.368376,90.769,8.5,0.0461,Shale
mywell,2586.3792,137.3116,2.2278,2.3723,0.390816,88.89,8.5,0.0389,Shale
mywell,2586.5316,137.8946,2.2211,2.375,0.38604,91.727,8.5,0.0335,Shale
mywell,2586.684,134.8724,2.1803,2.4167,0.298704,90.634,8.5,0.0153,Shale
mywell,2586.8364,138.438,2.1274,2.3872,0.398192,93.229,8.5,0.0237,Shale
mywell,2586.9888,137.1585,2.0962,2.3483,0.419832,92.63,8.5,0.0328,Shale
mywell,2587.1412,134.7523,2.0781,2.3599,0.435872,93.121,8.5,0.0293,Shale
mywell,2587.2936,126.8287,2.082,2.4691,0.352672,95.233,8.5,0.0328,Shale
mywell,2587.446,127.5953,2.0443,2.4055,0.358944,93.886,8.5,0.0315,Shale
mywell,2587.5984,129.7913,1.9845,2.4635,0.435384,95.363,8.5,0.0429,Shale
mywell,2587.7508,127.707,1.9076,2.3936,0.479648,93.515,8.5,0.0307,Shale
mywell,2587.9032,128.0798,1.8346,2.4674,0.382784,94.74,8.5,0.0366,Shale
mywell,2588.0556,119.8157,1.8112,2.4214,0.493104,96.486,8.5,0.0419,Shale
mywell,2588.208,119.4216,1.8348,2.4716,0.381904,97.616,8.5,0.0422,Shale
mywell,2588.3604,117.3041,1.8072,2.3996,0.47524,97.625,8.5,0.0436,Shale
mywell,2588.5128,120.1975,1.7604,2.2998,0.400608,97.501,8.5,0.0378,Shale
mywell,2588.6652,124.3626,1.7134,2.4409,0.40992,98.492,8.5,0.0344,Shale
mywell,2588.8176,126.3284,1.6892,2.3587,0.507216,98.376,8.5,0.0283,Shale
mywell,2588.97,132.5589,1.6692,2.36,0.420704,97.879,8.5,0.0357,Shale
mywell,2589.1224,124.6323,1.6611,2.4225,0.518208,100.107,8.5,0.0347,Shale
mywell,2589.2748,125.0065,1.66,2.4131,0.446584,99.877,8.5,0.0329,Shale
mywell,2589.4272,121.9626,1.658,2.2493,0.339856,97.643,8.5,0.0269,Shale
mywell,2589.5796,121.7009,1.656,2.2926,0.387608,99.857,8.5,0.0408,Shale
mywell,2589.732,118.9641,1.6262,2.3882,0.420736,98.883,8.5,0.0398,Shale
mywell,2589.8844,116.585,1.5972,2.3811,0.417032,98.379,8.5,0.0437,Shale
mywell,2590.0368,123.7173,1.5841,2.381,0.417,98.127,8.5,0.033,Shale
mywell,2590.1892,122.3792,1.5999,2.3582,0.425928,98.497,8.5,0.0433,Shale
mywell,2590.3416,127.2516,1.6347,2.5336,0.482544,98.5,8.5,0.0341,Shale
mywell,2590.494,126.4627,1.6459,2.4318,0.38876,98.5,8.5,0.0317,Shale
mywell,2590.6464,124.1476,1.647,2.425,0.435616,100.484,8.5,0.0347,Shale
mywell,2590.7988,123.9008,1.6133,2.421,0.523296,100.5,8.5,0.0347,Shale
mywell,2590.9512,131.1584,1.5773,2.5361,0.387104,98.268,8.5,0.0453,Shale
mywell,2591.1036,131.5374,1.5234,2.5013,0.393936,98.622,8.5,0.0427,Shale
mywell,2591.256,131.1452,1.4397,2.3939,0.402928,99.121,8.5,0.041,Shale
mywell,2591.4084,129.0717,1.4598,2.3811,0.414904,97.265,8.5,0.0331,Shale
mywell,2591.5608,125.091,1.458,2.4921,0.383256,100.226,8.5,0.0342,Shale
mywell,2591.7132,128.4159,1.4094,2.369,0.473272,99.63,8.5,0.0334,Shale
mywell,2591.8656,123.5981,1.3564,2.3928,0.451184,100.741,8.5,0.0345,Shale
mywell,2592.018,125.3466,1.3282,2.397,0.471832,102.238,8.5,0.029,Shale
mywell,2592.1704,119.653,1.2516,2.4317,0.409504,102.126,8.5,0.037,Shale
mywell,2592.3228,120.6327,1.4157,2.3001,0.501256,103.861,8.5,0.0364,Shale
mywell,2592.4752,116.4289,1.6303,2.299,0.424624,103.255,8.5,0.0381,Shale
mywell,2592.6276,112.4052,1.7243,2.2752,0.391264,104.242,8.5,0.0442,Shale
mywell,2592.78,114.5693,1.7508,2.3048,0.332472,103.63,8.5,0.0317,Shale
mywell,2592.9324,120.9914,1.9395,2.5351,0.425248,100.773,8.5,0.0465,Shale
mywell,2593.0848,117.5224,2.0789,2.5509,0.413104,99.386,8.5,0.041,Shale
mywell,2593.2372,109.5828,2.1147,2.556,0.438792,96.275,8.5,0.055,Shale
mywell,2593.3896,93.767,2.1944,2.5391,0.411224,93.77,8.5,0.0759,Shale
mywell,2593.542,102.6335,2.2615,2.418,0.330648,92.014,8.5,0.0435,Shale
mywell,2593.6944,109.3534,2.3324,2.4854,0.375632,92.62,8.5,0.0542,Shale
mywell,2593.8468,120.0045,2.3231,2.4275,0.333344,92.377,8.5,0.0276,Shale
mywell,2593.9992,114.1836,2.3538,2.3814,0.339944,91.755,8.5,0.0308,Shale
mywell,2594.1516,118.4314,2.3262,2.4286,0.356864,92.122,8.5,0.0382,Shale
mywell,2594.304,120.4907,2.3736,2.423,0.331208,90.885,8.5,0.0301,Shale
mywell,2594.4564,120.4018,2.4801,2.3288,0.40044,92.859,8.5,0.0403,Shale
mywell,2594.6088,114.817,2.4939,2.4728,0.399016,92.007,8.5,0.0625,Shale
mywell,2594.7612,114.648,2.5327,2.4214,0.35436,91.008,8.5,0.0606,Shale
mywell,2594.9136,118.5614,2.5578,2.3893,0.395664,93.728,8.5,0.0402,Shale
mywell,2595.066,116.2152,2.5709,2.2739,0.347392,92.262,8.5,0.0362,Shale
mywell,2595.2184,123.881,2.5611,2.4446,0.34204,94.73,8.5,0.025,Shale
mywell,2595.3708,129.6361,2.5719,2.4152,0.398544,94.254,8.5,0.0437,Shale
mywell,2595.5232,127.7119,2.5809,2.4795,0.356344,96.606,8.5,0.031,Shale
mywell,2595.6756,129.7921,2.6038,2.5832,0.308384,91.417,8.5,0.0234,Shale
mywell,2595.828,134.7948,2.599,2.6118,0.26336,88.895,8.5,0.0148,Shale
mywell,2595.9804,134.1932,2.5425,2.6914,0.356248,88.255,8.5,0.0313,Shale
mywell,2596.1328,122.159,2.4547,2.5829,0.470088,83.042,8.5,0.0548,Silty Sand
mywell,2596.2852,109.3912,2.4014,2.5473,0.398584,83.372,8.5,0.0567,Shale
mywell,2596.4376,112.7184,2.4794,2.4686,0.376176,84.119,8.5,0.0548,Shale
mywell,2596.59,124.7611,2.3967,2.4601,0.471232,86.481,8.5,0.0327,Shale
mywell,2596.7424,132.176,2.2274,2.3995,0.390656,91.088,8.5,0.0418,Shale
mywell,2596.8948,137.4519,2.0732,2.4873,0.40984,94.349,8.5,0.0361,Shale
mywell,2597.0472,134.6767,1.954,2.4503,0.353456,95.367,8.5,0.0338,Shale
mywell,2597.1996,128.8131,1.8965,2.5284,0.388712,94.507,8.5,0.039,Shale
mywell,2597.352,117.5574,1.8504,2.3534,0.3146,95.616,8.5,0.0252,Shale
mywell,2597.5044,115.6367,1.8014,2.3887,0.365584,95.873,8.5,0.0422,Shale
mywell,2597.6568,120.7417,1.8139,2.2958,0.372944,95.379,8.5,0.0406,Shale
mywell,2597.8092,129.7348,1.8041,2.3515,0.401768,97.979,8.5,0.0323,Shale
mywell,2597.9616,129.1919,1.8149,2.4026,0.390096,95.892,8.5,0.0344,Shale
mywell,2598.114,130.804,1.7783,2.4288,0.378096,94.015,8.5,0.0432,Shale
mywell,2598.2664,133.6631,1.7542,2.432,0.46232,97.72,8.5,0.0412,Shale
mywell,2598.4188,139.9554,1.758,2.4251,0.47292,96.262,8.5,0.0248,Shale
mywell,2598.5712,146.5631,1.7064,2.425,0.414472,97.49,8.5,0.0328,Shale
mywell,2598.7236,148.5672,1.6247,2.4319,0.421936,97.004,8.5,0.0351,Shale
mywell,2598.876,150.685,1.5526,2.3973,0.470608,98.116,8.5,0.0157,Shale
mywell,2599.0284,140.8921,1.5153,2.4129,0.45612,100.233,8.5,0.0257,Shale
mywell,2599.1808,129.2383,1.4456,2.415,0.456,98.142,8.5,0.036,Shale
mywell,2599.3332,126.1898,1.4202,2.4071,0.41136,100.729,8.5,0.0313,Shale
mywell,2599.4856,124.8139,1.3833,2.413,0.46556,102.61,8.5,0.0309,Shale
mywell,2599.638,128.6956,1.3622,2.407,0.378704,102.997,8.5,0.0331,Shale
mywell,2599.7904,128.5901,1.3531,2.3951,0.38792,105.232,8.5,0.032,Shale
mywell,2599.9428,133.2167,1.3897,2.391,0.344352,104.506,8.5,0.0337,Shale
mywell,2600.0952,135.5763,1.4138,2.4714,0.419392,102.392,8.5,0.0326,Shale
mywell,2600.2476,132.2559,1.4457,2.4363,0.431904,101.135,8.5,0.0461,Shale
mywell,2600.4,130.4176,1.5135,2.44,0.409184,102.117,8.5,0.0413,Silty Sand
mywell,2600.5524,124.4579,1.6023,2.4013,0.296904,99.397,8.5,0.0227,Shale
mywell,2600.7048,120.2783,1.7191,2.4794,0.416032,99.003,8.5,0.0456,Shale
mywell,2600.8572,124.1803,1.9591,2.5306,0.401128,94.536,8.5,0.0368,Shale
mywell,2601.0096,119.5744,1.965,2.3128,0.373224,94.252,8.5,0.0387,Shale
mywell,2601.162,115.1028,1.8747,2.3923,0.419624,89.414,8.5,0.0577,Shale
mywell,2601.3144,109.2747,1.9415,2.399,0.311872,87.887,8.5,0.0296,Shale
mywell,2601.4668,114.5332,2.0769,2.4555,0.334808,89.983,8.5,0.0388,Shale
mywell,2601.6192,111.5048,2.1693,2.452,0.423288,89.876,8.5,0.0558,Shale
mywell,2601.7716,110.6021,2.1254,2.2476,0.386304,93.595,8.5,0.0497,Shale
mywell,2601.924,116.6948,2.0575,2.4583,0.43064,93.749,8.5,0.0483,Shale
mywell,2602.0764,113.9535,1.9955,2.1971,0.468696,94.618,8.5,0.0556,Shale
mywell,2602.2288,122.6993,1.9494,2.1871,0.446184,94.377,8.5,0.0365,Shale
mywell,2602.3812,116.6841,1.9302,2.2941,0.38648,93.755,8.5,0.0433,Shale
mywell,2602.5336,121.7785,1.9469,2.2484,0.429648,93.254,8.5,0.0418,Shale
mywell,2602.686,113.5784,1.9321,2.3174,0.417104,95.11,8.5,0.0502,Shale
mywell,2602.8384,118.2121,1.937,2.32,0.393192,94.877,8.5,0.0387,Shale
mywell,2602.9908,122.845,1.935,2.2972,0.34836,97.727,8.5,0.0327,Shale
mywell,2603.1432,134.5043,1.9231,2.295,0.38272,97.502,8.5,0.039,Shale
mywell,2603.2956,135.3837,1.8774,2.4021,0.456408,95.516,8.5,0.0313,Shale
mywell,2603.448,137.9464,1.8522,2.3871,0.36772,96.616,8.5,0.0335,Shale
mywell,2603.6004,137.5603,1.7687,2.3711,0.491991,97.121,8.5,0.0339,Shale
mywell,2603.7528,131.1635,1.7402,2.4394,0.45332,98.489,8.5,0.0438,Shale
mywell,2603.9052,123.3327,1.7212,2.3408,0.41332,100.98,8.5,0.0321,Shale
mywell,2604.0576,111.858,1.715,2.34,0.43284,99.388,8.5,0.0482,Shale
mywell,2604.21,109.5856,1.6684,2.3906,0.404232,100.739,8.5,0.0516,Shale
mywell,2604.3624,106.2855,1.6422,2.3791,0.42384,99.882,8.5,0.0633,Shale
mywell,2604.5148,108.369,1.639,2.375,0.321824,100.619,8.5,0.0398,Shale
mywell,2604.6672,110.0109,1.6112,2.3542,0.369608,98.765,8.5,0.0476,Shale
mywell,2604.8196,118.7308,1.5991,2.352,0.462256,99.99,8.5,0.0366,Shale
mywell,2604.972,120.4447,1.597,2.3302,0.486808,99.876,8.5,0.0393,Shale
mywell,2605.1244,125.7355,1.5732,2.3459,0.439384,100.743,8.5,0.0287,Shale
mywell,2605.2768,122.8566,1.5799,2.4085,0.420152,102.486,8.5,0.0316,Shale
mywell,2605.4292,124.9003,1.6227,2.3366,0.404128,102.004,8.5,0.0271,Shale
mywell,2605.5816,129.6945,1.6309,2.3697,0.476416,100.76,8.5,0.0346,Shale
mywell,2605.734,132.5741,1.6508,2.4127,0.279593,99.51,8.5,0.0218,Shale
mywell,2605.8864,127.3662,1.6619,2.3773,0.437711,98.384,8.5,0.0296,Shale
mywell,2606.0388,130.2544,1.6769,2.4891,0.462808,97.507,8.5,0.0429,Shale
mywell,2606.1912,121.0216,1.7058,2.3065,0.474904,99.112,8.5,0.0409,Shale
mywell,2606.3436,123.9795,1.6544,2.3764,0.448216,98.009,8.5,0.0312,Shale
mywell,2606.496,124.1766,1.5935,2.381,0.405344,98.992,8.5,0.0314,Shale
mywell,2606.6484,118.5266,1.6099,2.2778,0.468488,103.96,8.5,0.0338,Shale
mywell,2606.8008,113.1123,1.6358,2.3574,0.452136,103.876,8.5,0.0428,Shale
mywell,2606.9532,114.3655,1.6469,2.4304,0.396448,104.123,8.5,0.0479,Shale
mywell,2607.1056,119.5255,1.5905,2.4171,0.417824,102.885,8.5,0.0375,Shale
mywell,2607.258,123.1174,1.4938,2.3932,0.418,101.015,8.5,0.0341,Shale
mywell,2607.4104,117.6295,1.4573,2.4982,0.433872,100.628,8.5,0.0419,Shale
mywell,2607.5628,123.3813,1.4312,2.3512,0.460784,102.237,8.5,0.0294,Shale
mywell,2607.7152,120.0215,1.4062,2.4413,0.473896,103.366,8.5,0.0378,Shale
mywell,2607.8676,118.8919,1.4129,2.3408,0.420432,104.243,8.5,0.033,Shale
mywell,2608.02,120.5654,1.4021,2.3807,0.442816,103.382,8.5,0.0371,Shale
mywell,2608.1724,121.3299,1.3931,2.2937,0.412248,103.499,8.5,0.0368,Shale
mywell,2608.3248,126.4517,1.3593,2.3317,0.401088,101.888,8.5,0.027,Shale
mywell,2608.4772,119.5897,1.361,2.334,0.464488,102.371,8.5,0.033,Shale
mywell,2608.6296,125.5336,1.3302,2.2913,0.447144,103.615,8.5,0.0277,Shale
mywell,2608.782,122.6457,1.3429,2.287,0.44204,102.261,8.5,0.0407,Shale
mywell,2608.9344,120.2382,1.3341,2.3049,0.373552,104.234,8.5,0.0338,Shale
mywell,2609.0868,109.305,1.34,2.2405,0.458312,104.498,8.5,0.0425,Shale
mywell,2609.2392,113.2068,1.339,2.3084,0.380632,104.376,8.5,0.0439,Shale
mywell,2609.3916,116.6812,1.3519,2.3278,0.446464,104.871,8.5,0.0376,Shale
mywell,2609.544,120.5203,1.3302,2.4183,0.494616,105.867,8.5,0.0407,Shale
mywell,2609.6964,118.6989,1.3558,2.3892,0.402744,106.247,8.5,0.0358,Shale
mywell,2609.8488,115.4431,1.3649,2.3563,0.462512,105.01,8.5,0.0357,Shale
mywell,2610.0012,118.1936,1.4354,2.3828,0.359832,104.752,8.5,0.035,Shale
mywell,2610.1536,124.5747,1.5015,2.4554,0.440344,103.386,8.5,0.0338,Shale
mywell,2610.306,127.3659,1.5962,2.4322,0.40628,102.879,8.5,0.0303,Shale
mywell,2610.4584,127.0041,1.7359,2.5927,0.327632,100.395,8.5,0.0251,Shale
mywell,2610.6108,117.2308,1.9731,2.5513,0.332952,97.275,8.5,0.0296,Shale
mywell,2610.7632,111.3944,1.981,2.4488,0.45204,92.786,8.5,0.055,Shale
mywell,2610.9156,101.2435,1.9344,2.3647,0.424232,88.782,8.5,0.0615,Shale
mywell,2611.068,98.8338,1.9271,2.3461,0.341664,89.494,8.5,0.0473,Shale
mywell,2611.2204,103.6044,1.9776,2.3639,0.39556,90.12,8.5,0.0567,Shale
mywell,2611.3728,110.8033,2.1109,2.4146,0.344416,93.101,8.5,0.0374,Shale
mywell,2611.5252,116.5333,2.1308,2.3406,0.39856,99.449,8.5,0.0412,Shale
mywell,2611.6776,119.2306,1.8026,2.2934,0.51308,99.5,8.5,0.0376,Shale
mywell,2611.83,129.675,1.6244,2.3902,0.42968,100.616,8.5,0.0379,Shale
mywell,2611.9824,139.8734,1.5188,2.3464,0.455784,100.997,8.5,0.0255,Shale
mywell,2612.1348,138.7328,1.4634,2.2994,0.445088,101.248,8.5,0.0237,Shale
mywell,2612.2872,132.4436,1.4541,2.299,0.470792,101.87,8.5,0.0352,Shale
mywell,2612.4396,122.0097,1.4639,2.3496,0.395608,101.627,8.5,0.0358,Shale
mywell,2612.592,118.9083,1.4422,2.3321,0.430712,102.617,8.5,0.033,Shale
mywell,2612.7444,118.266,1.3993,2.328,0.437944,103.741,8.5,0.033,Shale
mywell,2612.8968,122.5326,1.3643,2.1584,0.441968,103.626,8.5,0.0454,Shale
mywell,2613.0492,121.6673,1.358,2.3306,0.390416,103.625,8.5,0.0358,Shale
mywell,2613.2016,121.7215,1.3431,2.3558,0.453488,102.881,8.5,0.0358,Shale
mywell,2613.354,119.2797,1.3579,2.3481,0.381584,102.875,8.5,0.033,Shale
mywell,2613.5064,127.6702,1.362,2.3579,0.459368,103.867,8.5,0.027,Shale
mywell,2613.6588,129.5563,1.3779,2.2836,0.404448,100.651,8.5,0.0332,Shale
mywell,2613.8112,126.1883,1.373,2.4506,0.405984,103.105,8.5,0.0319,Shale
mywell,2613.9636,121.6583,1.3849,2.3121,0.4556,103.001,8.5,0.0368,Shale
mywell,2614.116,119.7283,1.3959,2.2773,0.518496,103.372,8.5,0.0338,Shale
mywell,2614.2684,127.1193,1.393,2.2502,0.440632,103.003,8.5,0.0277,Shale
mywell,2614.4208,125.3537,1.387,2.2946,0.483648,102.752,8.5,0.0277,Shale
mywell,2614.5732,127.8755,1.381,2.3138,0.356032,104.486,8.5,0.0266,Shale
mywell,2614.7256,129.503,1.3631,2.2813,0.382776,104.376,8.5,0.0312,Shale
mywell,2614.878,127.1322,1.3511,2.2522,0.449464,103.631,8.5,0.0277,Shale
mywell,2615.0304,131.211,1.3381,2.3839,0.443056,105.237,8.5,0.0356,Shale
mywell,2615.1828,122.5164,1.335,2.3096,0.494584,104.63,8.5,0.0407,Shale
mywell,2615.3352,124.313,1.3152,2.4142,0.43548,104.625,8.5,0.0326,Shale
mywell,2615.4876,123.1088,1.3239,2.3485,0.511384,104.377,8.5,0.029,Shale
mywell,2615.64,122.977,1.3012,2.3321,0.444544,104.375,8.5,0.029,Shale
mywell,2615.7924,113.6423,1.302,2.2735,0.465824,103.631,8.5,0.0442,Shale
mywell,2615.9448,111.5314,1.297,2.2442,0.439216,103.625,8.5,0.0444,Shale
mywell,2616.0972,114.0992,1.2801,2.2767,0.455864,106.105,8.5,0.0446,Shale
mywell,2616.2496,114.5723,1.2701,2.3474,0.486752,103.397,8.5,0.0482,Shale
mywell,2616.402,116.8467,1.2601,2.2875,0.450296,105.359,8.5,0.0386,Shale
mywell,2616.5544,116.125,1.2441,2.3554,0.500592,106.491,8.5,0.0356,Shale
mywell,2616.7068,120.7506,1.239,2.2469,0.39188,105.508,8.5,0.0368,Shale
mywell,2616.8592,132.6047,1.2301,2.2827,0.421752,107.236,8.5,0.0367,Shale
mywell,2617.0116,133.815,1.2042,2.287,0.46168,106.01,8.5,0.0352,Shale
mywell,2617.164,129.4572,1.1901,2.2672,0.385616,105.008,8.5,0.0307,Shale
mywell,2617.3164,121.1626,1.1702,2.2025,0.505032,105.992,8.5,0.0402,Shale
mywell,2617.4688,117.8978,1.172,2.2159,0.42664,106.62,8.5,0.0374,Shale
mywell,2617.6212,112.3426,1.1591,2.2001,0.388304,106.749,8.5,0.0488,Shale
mywell,2617.7736,111.303,1.1431,2.1812,0.464384,106.502,8.5,0.0529,Shale
mywell,2617.926,110.4429,1.1242,2.2544,0.520552,106.624,8.5,0.0475,Shale
mywell,2618.0784,117.7351,1.1002,2.2768,0.447592,106.129,8.5,0.0342,Shale
mywell,2618.2308,107.8363,1.0712,2.4119,0.435096,107.861,8.5,0.064,Shale
mywell,2618.3832,110.2648,1.0978,2.2582,0.34572,107.751,8.5,0.0329,Shale
mywell,2618.5356,111.6103,1.1258,2.2987,0.377736,107.13,8.5,0.0448,Shale
mywell,2618.688,121.4964,1.1756,2.2206,0.394864,108.117,8.5,0.0407,Shale
mywell,2618.8404,125.2553,1.2484,2.2498,0.45452,108.373,8.5,0.0261,Shale
mywell,2618.9928,119.6445,1.2827,2.252,0.423256,106.639,8.5,0.0342,Shale
mywell,2619.1452,121.7437,1.2959,2.3572,0.362488,107.617,8.5,0.0362,Shale
mywell,2619.2976,117.0361,1.295,2.3124,0.410608,105.145,8.5,0.0379,Shale
mywell,2619.45,124.4003,1.3386,2.2485,0.379256,102.273,8.5,0.0294,Shale
mywell,2619.6024,131.8405,1.4342,2.246,0.417688,102.002,8.5,0.0378,Shale
mywell,2619.7548,139.8856,1.5173,2.25,0.376336,98.776,8.5,0.0256,Shale
mywell,2619.9072,139.5998,1.5567,2.3452,0.477184,99.866,8.5,0.0248,Shale
mywell,2620.0596,132.7909,1.553,2.3053,0.44328,97.767,8.5,0.0352,Shale
mywell,2620.212,140.672,1.5222,2.3258,0.41324,99.486,8.5,0.0249,Shale
mywell,2620.3644,131.8149,1.4992,2.3558,0.42292,100.12,8.5,0.0354,Shale
mywell,2620.5168,124.0054,1.4752,2.2717,0.407128,99.629,8.5,0.0313,Shale
mywell,2620.6692,119.5593,1.4462,2.2631,0.422872,99.501,8.5,0.0376,Shale
mywell,2620.8216,121.4862,1.4311,2.2947,0.439864,100.12,8.5,0.0408,Shale
mywell,2620.974,131.176,1.3953,2.1958,0.409248,101.489,8.5,0.0394,Shale
mywell,2621.1264,132.0813,1.4069,2.2962,0.422888,102.244,8.5,0.0352,Shale
mywell,2621.2788,129.7251,1.4189,2.2047,0.381336,103.118,8.5,0.036,Shale
mywell,2621.4312,130.456,1.3992,2.2139,0.345288,103.249,8.5,0.0309,Shale
mywell,2621.5836,133.2217,1.398,2.2745,0.401544,103.126,8.5,0.0375,Shale
mywell,2621.736,134.4364,1.3881,2.2929,0.46152,101.265,8.5,0.0371,Shale
mywell,2621.8884,137.4547,1.3989,2.3009,0.370736,100.754,8.5,0.0344,Shale
mywell,2622.0408,135.5872,1.3901,2.2365,0.436464,99.262,8.5,0.0308,Shale
mywell,2622.1932,133.1109,1.3602,2.2787,0.460808,98.63,8.5,0.0392,Shale
mywell,2622.3456,120.0085,1.3183,2.2889,0.448104,98.253,8.5,0.038,Shale
mywell,2622.498,123.2669,1.2565,2.3515,0.442048,98.126,8.5,0.0315,Shale
mywell,2622.6504,134.0423,1.2114,2.3183,0.49656,97.505,8.5,0.0352,Shale
mywell,2622.8028,141.6781,1.1941,2.2912,0.448392,98.244,8.5,0.027,Shale
mywell,2622.9552,146.2417,1.1613,2.3069,0.448992,102.714,8.5,0.0412,Shale
mywell,2623.1076,131.2363,1.1392,2.3497,0.447016,104.238,8.5,0.0341,Shale
mywell,2623.26,128.9752,1.1013,2.2637,0.449976,108.218,8.5,0.0293,Shale
mywell,2623.4124,132.6522,1.0732,2.2144,0.38056,108.25,8.5,0.0375,Shale
mywell,2623.5648,124.1984,1.0591,2.2438,0.442496,108.622,8.5,0.0276,Shale
mywell,2623.7172,118.9547,1.0689,2.3551,0.397368,108.253,8.5,0.0333,Shale
mywell,2623.8696,121.5874,1.0849,2.3243,0.432712,109.862,8.5,0.0362,Shale
mywell,2624.022,119.2837,1.1058,2.3379,0.311976,108.387,8.5,0.0237,Shale
mywell,2624.1744,118.4545,1.1338,2.3638,0.302072,105.275,8.5,0.0232,Shale
mywell,2624.3268,117.8459,1.1657,2.3094,0.37144,105.622,8.5,0.0342,Shale
mywell,2624.4792,132.2478,1.2523,2.2534,0.33728,102.649,8.5,0.0262,Shale
mywell,2624.6316,136.6306,1.3413,2.2669,0.349896,102.501,8.5,0.031,Shale
mywell,2624.784,142.6071,1.462,2.2849,0.319248,100.268,8.5,0.0212,Shale
mywell,2624.9364,143.7016,1.5314,2.2344,0.3934,93.926,8.5,0.0276,Shale
mywell,2625.0888,143.5959,1.5628,2.3332,0.43864,93.503,8.5,0.0269,Shale
mywell,2625.2412,139.0566,1.6691,2.1961,0.408248,93.624,8.5,0.025,Shale
mywell,2625.3936,135.4637,1.7642,2.3349,0.42288,93.377,8.5,0.0302,Shale
mywell,2625.546,136.177,1.8325,2.3697,0.371416,95.855,8.5,0.0309,Shale
mywell,2625.6984,131.6178,1.8657,2.3144,0.424568,98.479,8.5,0.0357,Shale
mywell,2625.8508,134.2852,1.872,2.4747,0.368456,99.616,8.5,0.0444,Shale
mywell,2626.0032,132.8636,1.8502,2.4363,0.274752,100.245,8.5,0.0212,Shale
mywell,2626.1556,144.6767,1.9204,2.4777,0.294832,98.39,8.5,0.0139,Shale
mywell,2626.308,151.4898,2.0549,2.4056,0.297976,95.399,8.5,0.0052,Shale
mywell,2626.4604,153.4387,2.2147,2.153,0.388272,92.895,8.5,0.0149,Shale
mywell,2626.6128,141.0252,2.2775,2.2492,0.504072,90.767,8.5,0.0258,Shale
mywell,2626.7652,132.9166,2.274,2.2361,0.373064,91.618,8.5,0.0397,Shale
mywell,2626.9176,134.7398,2.3474,2.3352,0.33232,91.997,8.5,0.0204,Shale
mywell,2627.07,141.8686,2.6873,2.4937,0.364736,94.728,8.5,0.0261,Shale
mywell,2627.2224,136.6158,2.9152,2.4325,0.292584,100.578,8.5,0.0181,Shale
mywell,2627.3748,133.2666,2.8753,2.3913,0.330688,97.277,8.5,0.0263,Shale
mywell,2627.5272,145.4089,2.8899,2.3602,0.2814,96.63,8.5,0.0135,Shale
mywell,2627.6796,159.5756,3.0676,2.3263,0.314728,96.997,8.5,0.0056,Shale
mywell,2627.832,164.0508,3.3041,2.2427,0.25548,93.032,8.5,0.01,Shale
mywell,2627.9844,160.5683,3.7881,2.2162,0.257976,95.976,8.5,0.0099,Shale
mywell,2628.1368,167.5743,4.3664,2.214,0.274864,97.24,8.5,0.0062,Shale
mywell,2628.2892,183.5248,5.0208,2.1852,0.285912,97.498,8.5,0.006,Shale
mywell,2628.4416,172.121,5.9486,2.2098,0.298896,100.228,8.5,0.0062,Shale
mywell,2628.594,159.7311,7.4251,2.2685,0.227576,99.258,8.5,0.0116,Shale
mywell,2628.7464,134.2219,7.9201,2.2263,0.230968,98.01,8.5,0.0173,Shale
mywell,2628.8988,143.7733,8.5926,2.1794,0.217112,98.496,8.5,0.0113,Shale
mywell,2629.0512,154.7323,9.6981,2.1572,0.252712,97.136,8.5,0.008,Shale
mywell,2629.2036,157.4875,10.7565,2.153,0.23316,97.497,8.5,0.0078,Shale
mywell,2629.356,153.4993,12.1776,2.157,0.200264,97.996,8.5,0.0054,Shale
mywell,2629.5084,137.4303,14.5906,2.1491,0.222816,99.736,8.5,0.0146,Shale
mywell,2629.6608,132.8896,16.7547,2.1004,0.233912,100.246,8.5,0.0217,Shale
mywell,2629.8132,121.8596,19.3462,2.0901,0.294512,99.134,8.5,0.0339,Shale
mywell,2629.9656,108.7897,22.1624,2.1356,0.179928,99.497,8.5,0.0472,Shale
mywell,2630.118,96.0509,25.2513,2.1489,0.127416,99.252,8.5,0.0593,Shale
mywell,2630.2704,85.1392,29.9701,2.0379,0.174616,99.622,8.5,0.0789,Shale
mywell,2630.4228,79.9978,35.9927,2.039,0.201784,99.625,8.5,0.0994,Silty Sand
mywell,2630.5752,81.9311,42.1051,2.0082,0.188112,98.137,8.5,0.0936,Silty Sand
mywell,2630.7276,81.7079,50.5086,2.0586,0.290176,98.001,8.5,0.1464,Silty Sand
mywell,2630.88,79.4452,62.2766,2.0431,0.280088,97.628,8.5,0.2013,Silty Sand
mywell,2631.0324,73.1139,86.536,2.0916,0.336544,97.501,8.5,0.2394,Silty Sand
mywell,2631.1848,68.6565,91.4251,2.1277,0.2626,97.376,8.5,0.2596,Silty Sand
mywell,2631.3372,65.8007,78.3309,2.1409,0.317552,98.119,8.5,0.2666,Silty Sand
mywell,2631.4896,65.8137,62.2985,2.1608,0.330896,97.877,8.5,0.222,Silty Sand
mywell,2631.642,69.5856,48.7622,2.2175,0.248664,97.379,8.5,0.163,Silty Sand
mywell,2631.7944,78.4646,36.8949,2.2418,0.266848,97.995,8.5,0.136,Silty Sand
mywell,2631.9468,85.9393,31.6019,2.2648,0.305688,96.264,8.5,0.1192,Shale
mywell,2632.0992,90.7229,29.4689,2.1856,0.312944,96.746,8.5,0.1053,Shale
mywell,2632.2516,92.3115,24.9464,2.1632,0.26836,95.386,8.5,0.0788,Shale
mywell,2632.404,92.5353,19.2834,2.2057,0.373152,95.003,8.5,0.0822,Shale
mywell,2632.5564,91.8981,16.3374,2.1981,0.326384,94.876,8.5,0.0567,Shale
mywell,2632.7088,89.1779,17.0709,2.3686,0.272432,95.247,8.5,0.0477,Shale
mywell,2632.8612,90.9109,13.7667,2.368,0.28192,95.374,8.5,0.0414,Shale
mywell,2633.0136,98.2747,11.6469,2.3561,0.29688,95.127,8.5,0.0411,Shale
mywell,2633.166,106.9336,10.4694,2.2856,0.27716,95.373,8.5,0.0299,Shale
mywell,2633.3184,123.9553,9.1853,2.2265,0.300808,95.251,8.5,0.0243,Shale
mywell,2633.4708,134.5031,8.6373,2.23,0.300008,96.49,8.5,0.0204,Shale
mywell,2633.6232,138.2455,8.141,2.2082,0.253376,99.104,8.5,0.0137,Shale
mywell,2633.7756,132.7178,8.0973,2.2417,0.269864,99.621,8.5,0.0177,Shale
mywell,2633.928,127.467,8.2428,2.2589,0.264048,101.485,8.5,0.0209,Shale
mywell,2634.0804,136.0772,8.5446,2.263,0.27392,101.004,8.5,0.0153,Shale
mywell,2634.2328,142.4075,8.7682,2.2709,0.236304,100.504,8.5,0.0111,Shale
mywell,2634.3852,140.348,9.1351,2.3355,0.209216,99.756,8.5,0.014,Shale
mywell,2634.5376,137.0951,9.2025,2.3201,0.26356,99.378,8.5,0.0136,Shale
mywell,2634.69,128.2759,8.9748,2.2912,0.251104,98.259,8.5,0.0193,Shale
mywell,2634.8424,132.4964,8.5941,2.2692,0.298616,97.258,8.5,0.0183,Shale
mywell,2634.9948,128.7445,8.1079,2.2363,0.37836,97.25,8.5,0.0281,Shale
mywell,2635.1472,128.5087,7.6427,2.2806,0.312536,97.498,8.5,0.0155,Shale
mywell,2635.2996,127.3017,7.1083,2.3961,0.259424,99.856,8.5,0.0203,Shale
mywell,2635.452,127.5737,6.489,2.393,0.326456,102.107,8.5,0.0231,Shale
mywell,2635.6044,128.9241,5.991,2.391,0.328984,102.745,8.5,0.0215,Shale
mywell,2635.7568,128.6453,5.5842,2.395,0.212936,102.75,8.5,0.0141,Shale
mywell,2635.9092,132.0972,5.457,2.4287,0.183232,100.642,8.5,0.0109,Shale
mywell,2636.0616,140.9379,5.4302,2.4816,0.183992,97.649,8.5,0.0076,Shale
mywell,2636.214,146.6495,5.3199,2.5247,0.232608,94.649,8.5,0.0091,Shale
mywell,2636.3664,140.3501,5.5214,2.4387,0.290536,94.253,8.5,0.0121,Shale
mywell,2636.5188,124.0123,5.774,2.436,0.316792,92.638,8.5,0.0207,Shale
mywell,2636.6712,108.8264,5.8474,2.3775,0.327912,84.689,8.5,0.0271,Shale
mywell,2636.8236,101.8324,6.0037,2.3383,0.281376,79.913,8.5,0.0336,Shale
mywell,2636.976,97.8993,6.3264,2.3053,0.280008,76.899,8.5,0.0403,Shale
mywell,2637.1284,108.3029,6.576,2.2713,0.236352,80.471,8.5,0.0299,Shale
mywell,2637.2808,129.1853,6.5056,2.2809,0.286592,88.684,8.5,0.0155,Shale
mywell,2637.4332,141.8324,6.1538,2.3256,0.340568,95.818,8.5,0.0175,Shale
mywell,2637.5856,147.27,5.7463,2.324,0.30132,99.347,8.5,0.0124,Shale
mywell,2637.738,133.0063,5.5992,2.3121,0.353576,100.987,8.5,0.0441,Shale
mywell,2637.8904,124.3727,5.4522,2.2793,0.351024,100.008,8.5,0.0358,Shale
mywell,2638.0428,116.1527,5.3369,2.4,0.268664,102.108,8.5,0.0214,Shale
mywell,2638.1952,120.1522,5.2527,2.3504,0.3176,101.753,8.5,0.0215,Shale
mywell,2638.3476,128.7866,5.1617,2.3202,0.32296,101.75,8.5,0.0143,Shale
mywell,2638.5,129.4323,5.0439,2.2674,0.224792,101.75,8.5,0.0152,Shale
mywell,2638.6524,126.8161,4.8634,2.3692,0.25872,99.642,8.5,0.0206,Shale
mywell,2638.8048,127.3585,4.6715,2.3303,0.377047,98.137,8.5,0.0281,Shale
mywell,2638.9572,125.1776,4.6869,2.2893,0.376016,99.241,8.5,0.0292,Shale
mywell,2639.1096,137.1999,4.6146,2.3396,0.259936,99.002,8.5,0.0136,Shale
mywell,2639.262,132.8875,4.5307,2.459,0.296696,98.876,8.5,0.0214,Shale
mywell,2639.4144,129.0367,4.4397,2.3836,0.335688,99.991,8.5,0.0198,Shale
mywell,2639.5668,123.3913,4.3646,2.3542,0.308224,100.62,8.5,0.0231,Shale
mywell,2639.7192,124.1842,4.2807,2.3867,0.33776,97.525,8.5,0.0226,Shale
mywell,2639.8716,123.6543,4.2364,2.3483,0.319152,100.352,8.5,0.0233,Shale
mywell,2640.024,125.9921,4.23,2.2796,0.24956,98.143,8.5,0.021,Shale
mywell,2640.1764,122.8644,4.2975,2.3028,0.249992,98.497,8.5,0.0227,Shale
mywell,2640.3288,129.3743,4.5043,2.2008,0.212304,95.896,8.5,0.0166,Shale
mywell,2640.4812,129.3407,4.9187,2.1812,0.29136,95.503,8.5,0.0193,Shale
mywell,2640.6336,128.6208,5.8386,2.1671,0.223552,93.764,8.5,0.014,Shale
mywell,2640.786,134.0472,6.7467,2.2077,0.264664,94.122,8.5,0.0206,Shale
mywell,2640.9384,133.2468,7.2143,2.2645,0.26996,95.861,8.5,0.0194,Shale
mywell,2641.0908,135.9829,7.3241,2.2868,0.256112,98.479,8.5,0.0149,Shale
mywell,2641.2432,120.9524,8.0154,2.289,0.34528,100.608,8.5,0.0277,Shale
mywell,2641.3956,117.3134,8.5587,2.2711,0.2964,98.393,8.5,0.0259,Shale
mywell,2641.548,116.5479,8.071,2.2065,0.229536,97.507,8.5,0.0288,Shale
mywell,2641.7004,125.2557,7.2526,2.3389,0.353,96.632,8.5,0.0274,Shale
mywell,2641.8528,127.8596,6.6161,2.1604,0.313328,95.385,8.5,0.0219,Shale
mywell,2642.0052,127.256,6.0218,2.3971,0.391368,97.359,8.5,0.0291,Shale
mywell,2642.1576,125.637,5.8136,2.27,0.340416,95.763,8.5,0.0244,Shale
mywell,2642.31,124.3503,5.7674,2.273,0.303296,95.998,8.5,0.0192,Shale
mywell,2642.4624,127.8517,5.398,2.515,0.281176,96.992,8.5,0.0192,Shale
mywell,2642.6148,118.4133,5.0091,2.4158,0.308776,94.892,8.5,0.028,Shale
mywell,2642.7672,113.8165,4.6995,2.3753,0.280232,93.759,8.5,0.0298,Shale
mywell,2642.9196,114.7998,4.4401,2.3304,0.27008,95.362,8.5,0.0288,Shale
mywell,2643.072,119.5091,4.2088,2.328,0.295792,90.043,8.5,0.0258,Shale
mywell,2643.2244,119.1194,4.1604,2.4024,0.255328,91.24,8.5,0.0278,Shale
mywell,2643.3768,115.642,4.2007,2.3732,0.295672,91.498,8.5,0.0276,Shale
mywell,2643.5292,117.0603,4.1464,2.3641,0.249376,84.308,8.5,0.0274,Shale
mywell,2643.6816,119.8754,4.2154,2.3382,0.243048,90.326,8.5,0.0271,Shale
mywell,2643.834,120.4714,4.2706,2.3727,0.259864,90.747,8.5,0.0263,Shale
mywell,2643.9864,121.2726,4.271,2.3303,0.281824,92.114,8.5,0.0273,Shale
mywell,2644.1388,121.8038,4.2779,2.4371,0.360368,90.513,8.5,0.0466,Shale
mywell,2644.2912,121.0035,4.2582,2.2515,0.31636,90.128,8.5,0.0278,Shale
mywell,2644.4436,121.369,4.3155,2.3135,0.293184,90.125,8.5,0.0311,Shale
mywell,2644.596,120.385,4.3388,2.3497,0.401128,89.381,8.5,0.0397,Shale
mywell,2644.7484,119.7957,4.3598,2.3579,0.43672,87.639,8.5,0.0368,Shale
mywell,2644.9008,118.9964,4.2806,2.1626,0.399304,88.493,8.5,0.0418,Shale
mywell,2645.0532,120.3659,4.0756,2.157,0.41388,89.12,8.5,0.0448,Shale
mywell,2645.2056,120.7103,3.8905,2.3018,0.420944,88.505,8.5,0.0407,Shale
mywell,2645.358,120.3797,3.7819,2.3119,0.501352,91.104,8.5,0.0413,Shale
mywell,2645.5104,120.7807,3.5945,2.311,0.439504,91.869,8.5,0.0413,Shale
mywell,2645.6628,120.784,3.3539,2.2187,0.466776,88.403,8.5,0.044,Shale
mywell,2645.8152,121.1818,3.0752,2.2626,0.435256,92.467,8.5,0.0413,Shale
mywell,2645.9676,120.9291,2.8022,2.2749,0.467736,94.112,8.5,0.0418,Shale
mywell,2646.12,121.0669,2.6284,2.275,0.4184,97.349,8.5,0.0406,Shale
mywell,2646.2724,121.5749,2.4881,2.3177,0.476528,100.475,8.5,0.0408,Shale
mywell,2646.4248,0.0,2.3451,2.3636,0.423432,0.0,8.5,0.1197,Silty Sand
mywell,2646.5772,0.0,2.2716,2.4612,0.509304,0.0,8.5,0.1477,Silty Sand
mywell,2646.7296,0.0,2.1738,2.3172,0.474288,0.0,8.5,0.1272,Silty Sand
mywell,2646.882,0.0,2.0341,2.3924,0.499792,0.0,8.5,0.1281,Silty Sand
mywell,2647.0344,0.0,1.9665,2.4188,0.438496,0.0,8.5,0.1458,Silty Sand
mywell,2647.1868,0.0,1.9372,2.4636,0.494544,0.0,8.5,0.1477,Silty Sand
mywell,2647.3392,0.0,1.9023,2.3469,0.469208,0.0,8.5,0.1197,Silty Sand
mywell,2647.4916,0.0,1.8693,2.3807,0.40948,0.0,8.5,0.1249,Silty Sand
mywell,2647.644,0.0,1.8442,2.387,0.409992,0.0,8.5,0.1277,Silty Sand
mywell,2647.7964,0.0,1.7994,2.3989,0.409008,0.0,8.5,0.1427,Silty Sand
mywell,2647.9488,0.0,1.7682,2.401,0.409992,0.0,8.5,0.1458,Silty Sand
